position,pace,shooting,passing,dribbling,defending,physical,gkDiving,gkHandling,gkKicking,gkReflexes,gkPositioning,ovr
RB,87.22,51.92,57.38,55.1,76.91,62.32,8.99,23.1,11.85,8.38,14.96,81.11
CM,60.71,50.79,84.58,60.67,34.84,86.48,16.49,12.13,11.7,15.17,11.25,83.58
CM,74.99,68.0,96.51,72.06,59.52,53.11,10.5,11.1,8.23,12.94,7.47,83.07
LB,73.57,57.23,59.62,57.67,68.98,66.64,14.66,13.12,13.09,14.16,13.45,79.46
CB,42.69,35.99,47.85,41.9,72.13,69.23,12.57,15.31,9.99,11.31,15.53,73.83
GK,35.5,28.1,36.44,40.06,52.01,53.07,81.34,51.87,39.4,61.36,80.79,75.37
CB,52.14,36.38,55.58,65.76,71.57,51.56,6.14,16.55,9.38,14.3,11.71,81.25
CDM,72.01,52.11,61.96,69.54,69.95,51.85,1.0,22.13,7.13,12.1,15.86,77.45
CDM,62.74,48.94,65.85,68.97,84.33,63.14,10.39,7.16,11.54,4.58,8.71,80.96
RB,89.73,59.77,87.35,77.82,62.3,61.59,10.65,15.02,10.67,11.71,14.28,85.77
CDM,72.68,57.4,62.46,79.53,72.75,70.2,15.78,6.75,7.14,12.68,14.88,82.23
GK,36.47,12.88,55.6,36.59,59.86,81.41,79.77,73.1,58.65,76.57,75.04,83.65
CB,48.86,27.58,42.78,41.22,72.66,72.41,8.99,9.12,5.76,7.95,19.0,77.28
CB,47.55,36.65,47.43,57.72,82.67,75.66,8.4,13.62,14.88,23.31,20.54,78.43
CAM,71.78,84.92,89.9,84.86,38.6,59.33,15.23,5.78,11.54,13.78,6.2,89.8
LW,80.13,65.85,68.49,84.66,40.78,71.42,12.84,11.69,5.58,12.91,10.2,87.34
LB,77.1,33.98,78.81,47.66,71.49,53.35,12.58,10.23,17.31,9.32,10.53,78.86
CAM,57.39,68.31,69.55,86.18,40.28,66.35,9.19,16.47,12.41,13.06,11.57,80.99
RB,68.88,50.2,84.59,56.97,78.12,54.75,9.15,10.87,3.83,13.94,13.09,79.32
LB,68.81,50.58,50.86,42.95,68.17,69.71,15.62,10.45,15.27,9.25,10.52,77.53
CB,68.65,22.51,60.93,46.15,76.51,73.99,10.2,12.23,10.17,15.7,9.59,81.53
CAM,85.96,85.22,70.6,84.39,37.19,49.91,1.11,14.89,15.62,12.22,11.05,81.15
LB,69.9,39.04,45.04,56.99,67.04,79.51,16.0,9.25,10.0,10.2,8.95,80.57
CB,78.62,30.33,46.9,32.68,81.25,68.16,5.04,11.17,14.98,9.76,16.15,80.38
ST,67.65,79.29,56.64,72.01,31.43,79.95,10.29,11.05,9.21,9.29,15.18,82.55
CB,58.47,50.49,47.09,24.28,89.6,76.1,8.41,10.22,18.5,12.73,10.84,83.25
RW,81.74,58.41,70.73,78.81,40.55,52.77,10.24,13.41,13.8,15.92,14.92,84.17
GK,34.86,18.96,52.7,39.32,37.66,53.04,68.63,61.48,77.24,64.07,89.56,78.95
ST,72.24,72.23,44.71,63.12,25.16,83.21,14.47,11.89,10.64,16.94,14.7,79.6
GK,37.21,10.77,58.78,37.59,39.07,65.11,81.06,57.64,84.63,77.29,92.0,83.63
RB,61.31,59.07,56.07,53.31,56.06,46.03,16.1,5.74,12.51,14.72,6.67,72.89
GK,49.59,22.31,54.62,18.75,41.09,56.37,61.48,58.38,55.85,63.83,61.89,76.21
ST,53.85,92.91,50.76,63.59,11.76,68.48,7.46,11.38,13.49,15.54,12.4,79.79
ST,87.73,96.45,53.5,63.76,24.77,70.72,8.75,13.84,9.84,10.99,4.71,85.01
RB,89.62,31.19,50.57,72.12,53.46,88.42,10.59,17.39,15.84,16.73,13.19,80.18
CM,65.47,55.62,59.16,60.01,62.58,56.11,19.37,9.41,20.56,11.81,10.67,76.32
LW,76.69,60.09,58.38,87.59,40.69,72.4,15.06,9.03,9.9,9.9,14.92,84.73
RW,80.4,66.75,76.9,92.79,34.31,56.88,13.87,11.62,13.36,14.41,13.67,84.41
ST,76.2,82.02,62.14,66.3,34.63,73.79,5.22,14.93,11.34,15.0,12.68,85.1
CDM,58.23,64.69,70.85,63.62,83.15,59.19,13.1,14.73,8.46,19.96,16.74,83.23
LW,80.0,56.3,72.11,74.58,42.82,56.31,9.02,11.75,16.17,10.22,8.18,80.49
RW,86.96,48.31,69.12,71.8,44.09,63.04,16.77,11.68,11.49,11.51,16.89,80.96
GK,49.31,34.52,60.46,40.94,33.22,57.58,76.0,68.77,68.16,88.75,50.25,79.61
GK,52.93,27.92,49.4,30.92,36.27,53.58,73.05,88.44,70.57,74.3,74.94,83.15
CB,71.56,49.83,51.15,48.74,58.91,58.95,11.95,14.37,13.59,16.11,12.96,73.4
LW,71.71,81.48,83.43,83.45,31.38,63.35,12.48,10.26,12.13,11.62,13.64,85.6
LW,75.75,65.49,86.69,95.58,31.26,73.38,10.98,10.53,12.81,10.72,12.95,85.57
ST,71.51,84.66,57.44,68.79,32.3,69.82,13.4,8.67,8.87,17.84,11.61,82.07
CAM,66.02,58.99,67.82,81.73,47.14,51.7,13.83,19.46,14.51,13.11,8.87,79.75
CM,67.02,64.88,84.19,72.5,55.77,54.91,13.36,14.67,15.69,8.76,11.48,81.07
ST,77.13,69.06,62.38,76.86,28.79,83.03,7.21,11.46,14.78,9.41,8.88,83.01
ST,68.22,71.54,50.34,49.43,40.47,77.12,11.24,6.3,14.49,12.03,6.51,77.65
CDM,71.39,41.22,86.76,57.46,80.66,86.05,6.56,14.27,17.17,14.28,7.17,86.35
CM,70.9,48.73,67.04,74.21,55.54,69.22,12.0,5.34,10.28,10.85,8.08,77.58
LB,60.41,39.64,56.65,58.36,69.26,55.82,10.06,11.63,19.59,14.73,10.29,75.42
CAM,69.76,55.91,62.47,64.52,54.7,54.93,3.52,14.73,7.85,9.73,13.33,76.61
LB,74.52,53.99,66.29,71.75,70.42,65.39,18.37,16.94,8.27,9.6,10.3,82.7
GK,43.43,17.82,45.88,38.26,30.62,62.8,62.91,50.92,64.96,93.38,82.18,78.71
RB,86.34,57.93,57.44,64.55,84.45,63.34,14.11,9.3,19.43,17.44,10.65,83.23
CM,80.91,49.47,69.03,83.62,62.2,71.15,8.09,11.98,8.17,7.6,5.93,80.6
CDM,44.61,42.91,78.31,86.98,68.28,68.66,9.81,12.44,11.26,15.91,19.71,81.46
RW,70.73,89.0,60.36,89.55,48.76,55.86,10.14,12.79,11.16,22.24,4.96,83.82
RW,74.52,66.32,73.94,77.94,62.66,62.41,13.59,11.24,15.89,15.24,14.34,82.65
LW,72.12,70.08,67.12,80.92,20.03,64.78,13.11,8.75,4.25,7.08,7.08,83.04
GK,43.45,20.47,56.16,34.49,37.3,45.0,64.62,52.56,49.03,73.82,59.52,75.04
CM,88.02,54.08,75.43,63.52,72.28,71.62,9.88,9.64,14.03,13.33,1.45,82.37
CAM,78.66,72.99,79.2,76.93,51.29,54.67,20.96,11.04,8.45,15.21,13.08,84.51
CDM,69.85,46.61,67.99,45.84,64.56,86.8,7.19,12.86,7.83,7.03,12.47,80.04
LW,84.75,96.19,49.15,85.37,50.47,56.35,20.8,11.44,10.03,16.58,12.05,85.52
ST,73.71,79.15,66.46,72.5,20.97,62.86,16.34,13.13,10.67,13.11,9.63,83.35
RB,74.87,44.88,80.19,65.17,50.99,58.95,11.1,12.37,10.5,7.02,7.49,80.53
GK,33.04,27.72,51.1,35.05,48.22,67.6,67.82,73.4,77.29,69.75,78.81,80.71
GK,63.77,28.14,44.23,31.77,43.79,61.3,72.31,76.96,87.45,61.37,67.97,80.56
GK,47.96,29.97,34.24,33.38,63.73,68.6,77.86,51.74,63.12,76.85,62.86,81.83
LB,73.54,46.57,67.25,72.23,78.7,53.36,15.85,15.99,17.56,17.63,14.96,83.2
CDM,66.7,45.48,57.62,53.75,81.18,80.55,13.83,8.54,11.11,5.02,16.57,81.33
CB,71.13,31.95,44.72,56.31,74.33,68.28,10.69,18.21,5.83,11.38,17.19,77.59
CM,57.53,73.88,83.58,52.46,56.34,72.27,13.27,16.09,15.24,14.95,14.36,82.59
CM,62.6,47.83,72.03,72.6,57.72,69.93,11.12,14.17,11.72,4.67,8.03,79.74
LW,70.54,82.88,73.27,64.25,41.41,74.88,8.27,16.46,11.6,15.69,20.62,82.28
CAM,77.34,70.77,81.23,81.83,44.95,60.54,17.23,11.24,11.66,10.46,11.8,85.15
CAM,67.3,74.33,66.49,71.79,19.27,49.91,15.86,16.17,12.3,12.58,10.03,75.51
RW,82.9,70.55,74.87,84.48,25.89,62.46,15.03,14.45,11.21,4.16,8.42,85.98
RB,73.99,58.61,62.4,69.93,67.27,61.56,8.05,17.39,11.49,10.87,7.07,79.11
CAM,72.74,81.38,72.86,67.06,61.92,75.8,10.24,5.68,3.52,17.25,12.72,83.18
LB,72.44,40.16,58.43,87.91,69.31,76.12,8.04,11.74,11.04,12.05,5.6,81.86
CB,52.52,49.82,51.8,50.79,77.43,67.15,6.94,19.51,6.86,7.35,19.79,77.17
CB,79.94,49.75,64.5,40.51,64.8,75.39,15.0,2.33,19.17,20.99,14.66,81.71
ST,69.73,70.54,58.98,53.91,35.36,89.48,14.83,16.54,18.26,11.88,10.69,82.2
LW,82.47,65.09,68.35,84.11,51.38,56.09,11.13,10.38,11.18,9.05,9.92,82.63
RW,84.61,57.26,71.4,73.6,41.93,50.03,11.5,18.46,9.26,7.02,15.75,78.97
GK,56.06,29.39,35.73,32.56,44.62,83.31,88.63,63.2,92.69,69.34,75.09,84.5
GK,54.83,23.42,64.73,21.92,29.91,53.49,70.1,91.07,80.72,73.78,76.44,82.96
LB,57.55,49.39,64.36,77.73,60.03,59.73,14.02,16.13,9.3,10.99,8.17,75.75
GK,41.64,22.97,38.5,35.27,16.07,86.31,84.87,67.3,42.32,81.59,77.49,82.42
ST,62.34,78.35,57.27,74.34,40.57,85.21,7.52,8.9,13.05,12.31,14.15,84.09
CM,73.33,72.8,74.02,65.38,53.99,63.06,17.0,21.49,10.41,20.21,14.42,82.12
CAM,65.07,65.92,78.94,63.04,42.06,79.25,11.66,9.36,16.51,12.33,11.36,79.73
GK,53.42,22.5,33.95,26.45,53.93,44.05,66.58,56.67,85.49,59.81,64.14,77.34
GK,41.91,24.91,64.35,38.77,28.85,76.72,84.53,55.29,60.39,81.37,63.46,80.98
RB,71.42,43.88,57.38,69.98,82.72,61.51,11.44,19.7,12.64,16.82,16.0,81.77
RB,70.79,35.46,38.3,42.24,75.45,56.87,10.76,7.92,11.78,11.26,21.48,75.91
CDM,66.06,52.2,61.7,69.32,76.31,91.46,5.18,5.09,17.17,4.39,16.12,81.56
RW,84.1,55.8,60.28,57.9,30.68,65.83,9.61,4.23,13.64,8.27,9.33,78.31
GK,40.41,11.08,50.4,39.88,30.26,47.0,95.7,61.15,71.92,74.38,76.35,83.48
GK,74.05,19.03,48.28,32.07,37.45,61.33,82.6,62.0,59.1,61.44,74.57,77.57
CB,60.97,44.13,69.51,29.62,78.36,59.82,9.15,17.22,14.0,17.67,15.67,78.1
LB,60.83,45.47,45.54,58.14,61.85,79.91,8.83,15.37,7.64,13.96,10.46,75.63
ST,80.23,74.01,61.51,82.65,43.12,79.4,8.52,16.18,18.23,13.75,11.04,85.12
LB,69.48,40.33,72.32,59.13,70.0,56.79,2.21,14.03,6.82,19.61,12.45,76.94
LB,72.8,52.1,59.44,61.66,72.75,83.49,7.46,17.92,11.04,5.25,16.38,79.21
LB,74.89,42.8,71.27,62.36,82.5,85.55,15.68,6.22,16.06,7.62,16.96,84.81
RW,81.51,68.14,67.78,90.03,36.47,42.22,12.52,4.14,11.11,16.5,15.55,84.0
CB,54.15,28.22,60.2,25.54,80.39,58.73,4.61,7.99,13.41,15.26,14.31,77.88
CDM,79.79,76.07,72.85,71.0,63.68,68.69,14.69,13.83,7.28,2.93,12.89,80.39
LW,79.29,65.09,66.2,75.41,40.34,59.08,18.26,11.57,13.19,14.03,14.8,82.58
CDM,45.82,62.39,95.2,67.09,64.48,85.11,9.72,10.11,19.38,22.32,13.42,83.09
CDM,57.74,67.1,72.08,49.62,78.72,66.23,10.91,13.08,18.79,14.63,8.83,81.03
GK,36.23,30.01,62.77,32.89,50.29,54.47,85.25,52.54,66.34,70.02,80.34,81.17
CDM,72.91,48.74,74.71,71.6,80.79,75.57,13.96,5.91,6.24,9.19,19.41,84.14
LB,60.35,46.05,57.58,57.52,52.77,46.91,15.28,12.48,9.64,7.66,13.49,72.46
LB,71.36,47.05,68.21,70.97,75.05,84.71,14.71,13.09,7.21,15.36,1.0,86.56
ST,69.91,97.96,45.44,79.34,38.27,68.98,20.31,9.8,7.31,15.97,6.87,86.16
GK,43.37,20.39,39.42,37.63,29.87,54.38,68.4,56.51,69.5,73.09,68.58,74.67
CDM,60.94,41.59,51.03,51.69,74.22,80.94,7.71,10.77,13.15,11.41,11.46,76.62
ST,78.69,66.33,55.42,66.61,52.95,66.99,8.96,7.48,15.58,10.16,18.05,79.28
CDM,59.88,51.33,70.7,66.91,74.32,72.29,15.02,17.28,12.43,10.53,7.99,80.84
ST,75.55,83.53,69.13,77.47,50.8,86.84,10.65,15.39,5.14,6.73,18.33,88.71
CM,59.06,62.54,64.45,66.28,48.03,57.65,6.74,15.84,9.16,16.19,10.61,76.36
CAM,69.36,77.9,67.38,73.34,38.06,50.73,13.53,11.37,3.34,6.86,13.78,81.92
RW,92.41,72.69,64.2,74.12,52.05,64.97,13.64,17.59,17.41,13.55,12.43,83.86
CAM,62.51,64.81,82.19,70.97,26.66,39.49,13.75,12.16,15.17,12.61,2.26,77.11
RB,64.45,43.58,67.09,58.19,92.21,73.35,14.65,11.61,5.61,14.9,12.48,81.02
LB,81.16,36.43,46.83,55.83,89.89,59.79,14.36,9.51,10.6,9.84,4.6,77.82
LW,78.18,74.88,81.97,76.0,35.1,70.46,12.34,5.23,17.44,12.33,9.31,87.34
RW,73.0,73.41,74.35,83.19,33.6,56.03,10.33,17.47,12.18,13.73,13.11,79.19
RW,92.5,67.34,76.77,94.18,47.94,67.46,10.75,3.17,9.82,8.47,19.0,86.15
LW,84.04,82.88,48.42,75.59,29.21,71.34,15.86,11.6,11.76,11.11,6.72,82.83
CB,59.78,50.58,57.2,60.27,83.86,92.86,6.83,13.56,27.02,21.93,5.08,84.87
GK,47.86,20.66,54.17,33.76,34.27,67.54,77.18,70.88,57.36,60.95,63.67,78.89
LW,89.34,86.45,62.84,82.31,49.04,51.12,15.74,12.17,8.72,16.54,18.91,83.66
LW,82.14,60.39,80.56,75.77,43.69,51.95,15.32,17.63,10.24,13.08,5.18,84.07
ST,76.19,86.71,65.23,82.01,45.1,76.36,9.72,9.14,12.31,18.42,21.46,86.3
LW,75.72,68.39,61.53,78.46,33.75,69.77,13.12,12.74,12.74,16.1,17.64,81.19
RW,88.57,72.28,74.92,82.57,35.19,63.97,13.89,14.07,17.52,14.63,8.84,82.94
CAM,64.52,75.79,73.11,81.88,49.87,60.65,9.6,4.65,12.24,15.59,12.76,84.58
CM,80.78,58.93,78.7,75.73,72.38,63.95,12.83,13.0,9.59,18.72,11.91,81.5
LW,75.49,63.58,66.81,88.7,47.37,45.04,16.06,12.79,20.76,10.96,15.49,82.06
CM,58.26,64.02,77.43,62.14,55.41,64.02,24.58,7.26,12.91,12.19,12.18,78.21
CM,66.3,54.52,70.84,66.76,50.08,86.73,11.13,11.99,12.19,5.42,13.09,81.35
LB,74.61,37.71,61.12,56.56,58.34,79.28,16.7,11.53,10.21,15.13,12.39,78.19
LW,99.0,79.69,57.8,83.8,51.69,60.15,18.5,14.61,13.22,9.42,8.75,87.85
ST,72.32,61.08,65.72,66.53,27.39,69.73,14.77,9.91,2.58,8.84,10.88,79.52
ST,68.19,83.35,42.38,62.93,22.08,87.41,9.5,9.29,12.0,9.17,8.46,80.9
RB,66.08,45.26,73.72,65.08,71.17,70.94,16.27,9.36,5.14,22.01,19.67,80.42
GK,44.83,17.52,57.56,51.98,49.89,72.05,70.03,76.0,56.78,62.91,62.03,78.27
CM,74.7,62.75,73.98,83.48,82.72,96.67,10.74,9.4,10.69,13.76,13.04,88.79
CM,66.98,64.47,68.78,65.77,60.05,61.6,9.83,13.11,12.29,11.48,9.92,78.34
LW,80.16,61.6,58.34,88.21,50.51,69.55,13.84,13.92,10.74,5.64,11.11,83.25
GK,36.87,19.3,50.15,24.06,30.81,77.47,68.62,66.99,81.62,72.53,52.5,80.58
CDM,50.97,54.67,61.29,60.58,67.58,83.48,9.36,9.0,15.31,9.23,20.05,75.84
CAM,80.6,74.88,74.62,90.2,60.9,60.82,8.96,10.41,4.52,8.36,5.93,84.55
CB,50.56,28.1,62.67,22.14,75.66,63.64,14.82,12.74,11.6,12.83,13.85,78.88
LB,73.38,54.58,55.41,61.8,73.87,46.95,13.65,14.87,16.2,7.8,14.87,78.66
GK,34.64,20.61,59.63,46.18,45.31,44.02,63.0,72.82,82.0,83.91,70.08,79.11
LW,70.32,89.4,84.72,88.95,46.17,48.56,10.08,9.9,13.82,8.97,8.67,85.56
LB,96.5,51.3,55.03,71.12,57.63,67.0,13.12,10.01,18.45,13.56,11.91,83.97
RB,70.83,55.55,65.41,66.54,69.92,76.56,10.41,10.79,13.05,12.88,11.76,80.36
CAM,67.62,69.3,53.61,83.19,38.18,42.09,10.45,14.56,10.4,15.68,10.7,76.95
CDM,66.88,55.53,53.18,61.79,71.13,82.81,15.12,8.64,12.68,18.19,17.85,79.69
CAM,67.72,70.82,78.18,73.86,47.41,55.71,7.26,16.22,5.73,19.17,19.17,79.89
RB,80.97,66.56,56.05,66.67,58.41,80.69,11.09,15.49,18.85,10.28,7.08,80.42
CM,52.09,65.89,74.3,67.19,72.9,61.07,13.08,10.24,18.85,7.91,9.02,77.62
CAM,76.78,76.58,66.82,55.01,45.33,58.18,6.65,13.09,5.68,11.28,10.26,75.63
GK,42.16,23.78,49.87,36.84,41.28,62.69,85.05,72.58,85.64,83.88,76.21,84.66
CAM,69.59,66.8,72.59,85.35,53.53,50.76,9.52,8.8,9.93,6.72,13.08,82.31
RW,79.76,50.73,73.28,76.47,35.41,59.77,11.3,21.31,13.17,11.92,12.84,81.69
CAM,69.41,71.2,80.85,80.43,25.42,71.18,10.79,7.62,14.6,13.49,12.49,82.72
GK,47.63,11.58,47.82,47.7,18.16,52.89,68.6,49.26,55.46,73.35,92.73,76.71
RB,74.35,39.89,67.41,61.15,74.57,68.84,14.18,11.67,9.38,7.86,14.14,81.77
ST,71.97,86.21,56.14,64.96,3.79,63.71,13.23,5.96,5.6,5.03,7.5,81.51
CM,69.05,59.96,73.8,65.33,46.63,65.48,9.93,21.39,5.32,11.24,12.98,79.22
RB,65.89,29.9,60.45,67.2,54.19,88.12,3.21,13.78,10.86,13.43,9.1,78.54
GK,41.22,26.12,61.3,35.56,40.57,57.56,61.82,80.65,72.21,81.17,61.34,82.75
CM,76.05,58.38,73.26,76.28,72.83,82.78,16.24,10.89,12.71,5.79,10.16,85.31
LW,83.18,71.85,75.75,70.03,47.02,65.0,11.3,12.8,11.41,6.06,10.7,80.56
LW,84.61,58.2,74.91,91.2,34.16,58.43,14.93,7.58,4.14,10.16,19.72,83.94
LW,78.96,73.41,65.81,78.72,44.24,56.88,20.33,4.76,9.37,12.8,15.41,85.35
CB,62.47,33.1,54.2,42.83,81.8,80.46,14.25,15.16,15.6,19.6,9.39,83.46
RB,61.26,49.9,65.96,61.73,56.06,60.46,14.43,7.2,19.93,12.21,15.41,73.54
CB,67.46,20.82,59.38,51.32,58.25,80.96,11.73,13.55,13.49,23.93,9.64,79.07
LW,90.69,69.73,54.25,89.14,38.21,49.3,20.2,13.84,14.45,8.47,13.43,85.22
LW,68.7,65.75,65.81,78.93,49.03,56.58,14.84,20.57,6.42,5.08,6.65,83.24
ST,72.37,69.69,54.38,68.29,31.6,62.31,12.38,6.58,11.02,13.73,10.76,80.02
CDM,49.2,33.76,58.76,86.05,80.4,90.83,20.6,11.38,14.34,10.51,9.89,82.4
LB,65.98,44.22,61.4,57.98,50.57,82.31,11.71,13.76,10.45,13.09,10.45,76.26
CB,61.4,22.21,67.47,41.68,85.51,80.85,14.78,12.06,13.15,11.06,10.71,85.61
CM,77.28,78.49,75.96,78.55,51.84,70.38,14.65,14.56,13.66,9.13,12.9,81.25
LW,79.92,52.88,78.07,64.98,7.65,54.53,17.27,8.65,9.08,11.18,16.56,77.73
RW,92.22,69.98,67.99,82.27,48.65,65.91,11.07,10.67,7.74,5.8,6.77,85.85
LW,80.71,70.59,66.86,66.41,49.82,73.33,10.81,11.95,15.26,13.52,7.68,83.74
CB,59.52,32.46,61.55,60.17,76.39,88.07,25.76,18.62,16.14,16.77,13.33,82.73
CM,67.69,42.82,78.28,58.07,57.02,81.56,12.28,13.93,6.72,11.21,3.7,77.15
RW,81.16,81.33,64.57,82.31,51.57,40.92,17.46,1.81,14.41,16.35,7.32,83.89
CAM,68.59,62.73,78.46,83.7,38.44,75.19,7.46,10.36,12.09,16.86,11.0,81.2
CDM,62.92,30.45,55.29,75.69,66.39,73.68,15.52,9.8,20.71,11.92,12.0,77.54
CDM,62.23,41.02,70.29,80.26,79.54,82.88,7.63,14.43,12.99,12.13,13.77,83.0
CAM,88.47,59.39,86.43,82.71,24.39,61.93,12.07,10.09,9.88,13.54,6.64,85.24
LW,77.48,60.14,65.51,72.1,46.74,65.87,3.92,11.05,9.27,18.73,11.14,79.16
CB,59.73,30.07,46.88,43.38,83.59,58.53,16.07,10.51,14.67,15.86,15.76,78.32
CAM,68.18,78.0,79.07,66.06,26.54,54.81,16.09,9.77,15.54,8.48,10.24,80.32
CB,81.3,40.71,38.09,48.48,84.86,75.01,8.7,13.09,4.83,17.37,13.9,81.68
LW,72.41,70.66,60.82,75.11,45.98,64.37,13.76,8.57,7.74,7.7,14.42,83.22
CDM,64.79,45.92,76.2,65.88,62.88,52.8,16.62,4.7,5.88,9.4,13.1,78.45
RW,96.14,63.86,71.52,76.81,27.34,57.77,11.99,14.57,12.96,10.96,5.65,88.54
CDM,42.57,53.36,77.58,68.84,77.03,77.68,17.71,10.46,10.5,11.82,2.67,83.03
ST,91.52,57.4,83.72,78.2,39.35,72.62,7.38,8.65,16.7,8.95,14.63,83.62
GK,36.86,25.62,54.85,26.68,34.03,64.46,76.93,73.87,72.54,56.51,70.42,79.66
LW,84.69,62.66,61.31,77.48,43.6,65.72,8.12,15.68,5.4,10.52,16.4,80.98
LB,75.11,30.03,57.8,60.36,71.63,87.55,6.55,8.95,13.17,20.68,14.78,82.83
RB,70.07,50.8,65.53,65.22,60.41,61.45,13.75,11.77,17.29,15.33,19.05,77.07
CB,77.08,22.3,49.22,36.3,76.86,72.54,2.95,14.21,19.06,25.6,12.49,81.36
ST,80.94,66.98,58.82,66.92,18.8,74.41,14.37,10.38,8.66,11.44,12.9,83.8
CAM,77.94,74.17,76.94,58.55,42.41,66.81,11.81,15.84,14.71,11.86,19.5,81.27
RB,71.53,55.31,58.66,74.47,70.25,59.55,10.54,8.87,14.05,5.9,15.96,78.72
CAM,86.02,72.47,58.13,77.43,47.37,58.25,14.69,7.64,13.94,9.88,7.13,81.95
CM,70.03,50.63,67.66,62.21,87.36,64.19,14.99,13.68,12.33,15.26,15.28,78.43
CM,70.46,54.1,70.36,64.71,65.47,69.76,4.3,10.78,18.18,9.12,17.99,78.82
GK,41.28,30.47,43.39,34.82,30.5,60.42,72.33,58.39,58.75,82.31,70.54,78.68
CDM,65.11,51.69,94.04,50.89,83.19,85.31,3.68,13.38,14.88,14.14,8.62,86.71
CB,56.96,25.06,57.35,45.34,88.07,61.64,16.11,17.54,17.84,12.69,15.98,79.36
LW,76.78,70.59,71.88,76.64,27.37,72.76,11.79,10.52,5.57,16.35,13.67,83.32
LB,72.36,39.9,55.5,23.12,53.74,53.4,12.85,13.76,20.87,7.62,13.74,71.38
ST,75.08,66.3,42.1,76.9,40.97,74.29,10.97,5.24,14.55,12.28,13.09,82.41
GK,30.37,25.58,44.5,35.27,42.85,51.3,68.06,61.91,78.79,71.28,80.55,76.81
CAM,68.76,59.35,76.25,80.21,51.9,65.77,8.95,11.9,11.8,16.9,10.98,82.62
CAM,71.35,68.33,92.98,60.77,52.67,39.14,12.67,10.18,13.14,8.94,13.01,81.63
CB,67.55,40.39,45.28,41.3,94.78,71.02,4.17,19.21,27.48,10.94,10.98,84.81
CM,79.03,64.47,63.17,52.73,60.02,83.64,8.17,9.47,17.52,10.91,14.31,79.63
ST,74.11,87.98,50.21,73.51,38.3,61.36,13.47,16.85,12.82,7.6,10.7,81.89
CB,73.57,46.87,63.89,61.92,82.17,62.7,5.75,19.19,12.71,23.71,9.4,82.49
CB,44.3,22.64,51.77,41.18,65.42,84.48,17.18,14.01,8.28,29.63,7.41,78.15
RW,90.95,75.79,64.45,82.4,36.27,49.14,9.64,14.19,15.42,11.92,14.68,84.38
RW,71.25,69.19,56.95,85.83,42.72,62.62,10.28,13.15,8.01,6.36,19.1,84.03
LB,85.83,44.85,85.3,81.25,75.07,52.83,14.24,7.18,13.04,11.14,4.68,83.2
RB,63.93,47.49,77.48,59.54,76.03,74.14,10.85,14.64,15.5,6.14,11.69,81.49
CDM,58.57,50.79,81.32,69.02,73.33,80.69,13.02,8.71,15.16,14.99,6.71,84.27
LB,86.04,57.67,66.7,77.63,62.23,68.85,7.71,12.98,10.83,13.21,4.38,83.32
RB,80.75,41.13,39.81,84.07,57.75,50.18,6.36,9.94,16.26,12.05,11.91,76.51
ST,80.37,82.26,46.94,60.35,44.99,73.48,16.5,9.96,21.9,14.07,10.6,79.94
ST,76.8,90.18,60.86,69.21,40.54,79.4,9.09,14.31,9.67,22.11,15.79,85.21
RW,87.0,58.38,60.38,73.7,26.55,64.17,11.23,13.54,15.79,7.05,11.14,81.12
RB,80.03,38.82,47.43,60.91,50.41,59.18,8.5,7.33,12.96,6.38,8.81,74.5
LB,75.82,44.15,55.43,47.82,58.96,77.25,15.08,13.27,12.27,19.19,11.59,80.11
CDM,77.65,58.58,65.26,70.63,66.31,77.06,14.97,10.82,9.38,10.85,16.51,82.94
CB,65.85,31.14,37.28,51.18,70.83,60.5,13.13,3.68,9.12,21.91,18.57,74.28
LW,75.49,64.74,58.34,73.03,36.76,76.32,7.3,11.45,4.52,7.4,11.89,80.34
CDM,63.48,53.38,60.84,52.71,65.61,84.23,14.09,11.48,9.09,12.64,8.95,80.1
GK,53.04,20.64,58.24,31.34,59.07,71.01,77.19,78.69,67.88,86.16,63.47,82.66
CB,66.82,41.1,52.08,49.09,89.77,68.28,11.21,1.0,11.04,18.83,9.76,82.43
RB,78.33,44.34,64.52,53.7,61.51,76.49,13.84,11.0,12.17,16.93,16.23,76.69
CDM,71.7,57.02,71.5,62.68,76.79,69.7,16.36,10.85,14.83,14.39,10.87,85.12
CDM,64.85,44.67,99.0,62.58,77.77,88.05,6.77,9.03,7.56,9.09,11.63,90.79
RW,77.87,62.06,57.69,80.4,18.42,60.15,11.54,11.02,5.92,4.14,13.87,79.93
LB,70.98,32.11,75.44,49.46,58.71,59.82,14.95,10.7,9.88,12.82,11.95,75.93
RB,79.82,45.62,79.33,60.42,69.48,77.09,11.05,14.16,20.58,10.86,16.77,82.63
CDM,68.93,50.45,79.3,73.59,81.94,92.43,14.67,2.64,12.01,15.43,12.94,85.42
CM,61.57,65.36,58.16,70.73,41.83,57.74,17.85,15.82,11.39,11.69,16.46,73.49
CM,75.88,51.94,73.59,70.76,57.15,64.99,8.29,13.32,12.55,7.57,12.54,81.05
GK,46.57,18.88,60.3,30.45,39.27,86.93,75.63,70.57,46.93,70.4,56.66,77.52
CB,51.32,34.63,60.44,43.95,68.5,45.5,13.69,16.12,12.97,14.5,14.27,73.08
LB,73.22,38.68,60.71,68.78,80.67,51.22,9.74,12.03,7.62,6.91,13.49,80.54
ST,59.48,76.67,67.41,61.8,44.1,64.87,14.62,10.38,5.61,8.39,13.38,79.28
GK,45.66,22.8,44.99,43.16,44.59,65.16,68.37,63.12,73.56,86.99,55.47,77.17
RB,88.51,47.88,70.59,59.44,86.19,74.2,7.9,11.7,9.88,14.86,4.11,85.82
CAM,72.48,60.21,72.57,66.63,44.62,86.79,9.59,6.99,15.6,9.39,15.76,78.45
LB,66.95,61.15,65.74,74.91,84.6,65.22,10.58,16.77,12.59,17.29,7.85,80.76
CM,83.59,70.47,75.43,63.1,69.03,66.13,11.81,10.14,12.27,12.02,14.74,83.75
LW,89.96,78.03,74.25,70.17,46.17,66.76,9.19,8.55,14.0,9.78,8.87,84.03
LB,74.62,40.17,74.06,61.4,61.19,85.56,9.69,11.46,11.28,12.01,19.26,81.33
ST,78.77,69.83,62.17,61.51,44.43,67.0,9.41,13.64,12.35,16.99,14.8,81.18
ST,76.34,64.15,64.12,74.72,40.09,92.95,15.31,12.08,12.12,10.9,19.62,83.32
CB,67.65,34.99,66.63,44.71,74.93,73.77,14.6,14.44,14.4,1.0,14.53,81.41
LB,81.93,31.14,69.85,47.0,59.63,69.81,8.61,12.75,10.27,8.29,6.5,80.86
RB,73.57,60.75,76.53,71.06,80.5,61.49,8.21,6.59,9.86,1.88,19.03,83.57
LW,71.26,66.46,78.54,81.88,36.65,58.95,7.26,18.62,14.13,14.37,8.16,83.26
LB,56.57,33.49,72.98,48.68,69.82,67.55,12.27,9.3,10.5,13.07,11.84,79.54
CAM,91.51,62.93,59.66,64.61,42.98,52.39,16.76,7.98,14.79,13.51,11.02,80.2
RB,49.7,51.1,62.48,75.48,64.75,87.47,15.86,13.12,12.01,14.18,11.35,83.38
CB,78.89,34.74,75.65,52.7,82.11,83.43,16.34,11.67,13.95,17.95,19.62,87.77
GK,48.67,33.83,49.77,40.36,30.98,79.27,62.49,58.62,56.06,72.28,45.1,75.82
CM,62.33,55.36,77.85,71.29,60.53,48.14,6.33,13.76,11.51,15.72,12.2,78.84
CDM,53.48,38.41,72.0,55.45,81.51,83.08,5.23,15.97,4.52,19.13,15.04,83.44
CDM,41.61,55.86,61.81,49.11,61.04,59.26,13.33,9.59,9.43,14.12,14.0,72.99
CAM,71.48,89.3,69.57,91.76,34.47,68.78,10.06,8.07,12.48,11.92,8.51,88.36
CB,55.46,33.84,58.51,41.87,56.82,58.38,22.4,18.24,15.42,23.64,11.87,73.55
CDM,65.81,49.13,61.75,68.43,60.96,75.69,15.93,11.65,14.34,5.34,14.13,79.95
CDM,57.95,63.38,70.29,83.32,99.0,66.05,11.86,9.05,6.91,13.39,14.47,86.9
RW,81.96,66.51,68.55,84.97,50.24,43.95,16.0,8.66,6.47,9.18,15.33,84.72
LB,81.0,37.92,76.1,75.83,82.34,56.98,5.53,11.85,11.5,7.3,8.35,83.87
GK,51.35,18.76,43.14,37.17,34.22,62.44,73.57,62.82,69.85,63.14,71.14,74.26
GK,40.93,21.15,61.25,33.55,33.67,62.47,69.66,72.41,57.75,57.45,65.74,76.98
CAM,75.04,71.79,78.26,74.33,26.84,48.83,11.39,11.49,18.03,19.32,11.9,82.31
LB,72.12,47.36,52.84,63.66,66.5,61.32,8.86,10.02,18.72,5.11,14.39,78.3
CM,74.27,53.67,63.99,72.57,53.29,47.95,8.71,5.13,11.22,9.26,12.3,76.44
ST,77.54,83.16,49.98,72.19,40.45,77.34,12.1,16.04,7.26,4.87,19.87,82.85
ST,72.27,83.2,40.21,59.81,40.74,71.77,11.32,13.32,14.27,19.2,4.52,81.26
CM,74.41,46.38,64.53,60.56,53.16,73.37,7.64,13.44,13.66,7.96,8.73,78.01
GK,45.52,20.38,49.77,23.26,60.77,62.44,84.81,70.47,58.52,73.13,62.58,78.52
RB,82.77,39.08,86.1,59.16,64.23,61.34,7.43,11.37,15.56,11.16,4.64,83.43
CAM,60.55,73.44,62.82,71.33,43.73,39.51,12.87,22.79,11.57,15.61,14.44,79.49
LW,88.08,82.19,79.51,64.88,44.7,46.89,3.56,11.56,10.48,11.46,15.43,83.85
CDM,63.74,31.41,49.77,62.33,78.22,70.09,11.02,10.96,6.94,10.97,15.49,77.24
ST,92.96,74.94,55.35,63.21,30.99,75.74,11.29,15.07,15.2,12.05,19.1,85.42
RB,80.68,38.43,54.88,43.4,53.39,66.25,5.48,12.15,13.87,8.82,10.34,75.96
CB,60.18,42.96,45.15,40.15,71.46,74.07,5.57,10.86,16.94,16.7,18.07,78.15
RB,70.05,41.93,71.63,80.87,65.49,59.73,10.62,15.4,8.81,12.76,12.97,78.71
CM,81.67,50.33,65.34,71.75,81.97,56.87,13.48,15.58,4.6,11.03,11.79,81.07
ST,85.16,67.36,66.33,62.08,43.02,85.49,8.71,13.17,6.92,17.08,12.04,82.11
LW,84.77,64.75,77.41,61.73,50.43,67.28,19.31,15.02,12.35,18.67,15.59,81.41
ST,88.21,72.15,53.37,54.57,34.3,64.67,10.29,9.16,6.26,13.55,8.21,79.54
LW,75.55,91.91,76.01,93.01,30.74,63.22,16.8,15.9,10.35,4.8,11.42,88.08
CDM,65.62,57.87,55.54,72.04,67.67,79.38,12.7,10.37,11.86,9.11,16.43,82.3
CAM,63.8,50.84,69.71,94.82,34.49,74.03,10.15,8.28,11.6,18.12,13.87,82.45
GK,55.89,33.49,72.29,31.07,30.55,78.76,74.27,66.52,79.6,53.98,77.74,80.62
CB,37.94,41.32,57.81,39.88,98.48,76.07,12.06,10.64,22.31,14.26,15.4,84.12
CDM,62.74,52.91,65.23,57.4,78.14,95.52,15.49,9.05,10.44,18.08,13.81,82.78
CB,64.45,45.74,63.07,38.74,55.49,74.5,27.64,18.67,14.33,17.62,9.59,77.25
RW,75.78,64.93,72.94,80.03,29.71,57.57,14.6,15.4,5.81,8.41,10.21,84.17
RW,78.11,78.13,69.97,83.49,47.93,61.81,10.84,15.68,11.4,11.95,16.56,82.5
LW,74.48,79.38,76.73,85.03,45.95,48.67,13.16,9.43,13.79,15.0,12.96,84.76
GK,42.15,29.9,63.68,45.52,49.1,66.57,60.84,45.39,64.19,86.16,85.97,80.16
RW,68.49,80.68,72.77,87.31,42.13,87.16,9.91,6.58,10.99,9.71,11.95,85.99
LB,70.44,46.28,79.28,66.59,71.43,70.79,13.76,19.75,17.79,13.82,11.75,80.81
GK,43.3,27.06,41.91,33.68,36.86,58.53,84.9,63.16,58.95,77.61,79.75,81.52
CB,58.9,45.41,59.82,40.03,63.25,81.11,18.79,14.38,10.5,25.09,9.62,81.03
CB,79.98,31.48,51.61,54.6,81.71,90.64,14.21,6.66,17.97,7.68,16.32,86.79
CB,65.45,36.64,37.94,47.63,77.27,63.65,11.68,16.94,14.1,9.38,22.87,76.31
LW,86.41,71.79,74.02,69.38,47.4,74.08,5.96,10.47,12.14,13.86,9.34,83.73
LB,69.11,42.7,58.37,61.44,72.03,66.59,13.6,12.36,2.8,12.28,13.2,77.86
RW,67.62,69.83,62.38,87.21,34.53,59.6,13.92,6.25,17.32,15.43,15.04,80.62
RW,66.53,58.32,71.01,77.99,32.31,60.45,11.99,5.5,8.56,7.81,13.33,80.19
LB,72.89,45.03,76.8,69.3,80.09,65.41,12.84,13.8,10.09,8.44,19.42,80.48
CDM,63.39,47.13,68.2,47.23,69.76,80.23,13.73,6.14,15.59,16.64,10.36,80.19
LW,88.98,81.08,85.73,72.69,39.76,71.07,14.7,1.02,12.82,16.19,17.24,84.78
LW,80.89,75.41,54.0,71.14,40.0,44.7,9.52,24.54,9.32,10.62,10.13,79.73
ST,62.56,75.25,59.04,87.48,34.48,66.09,11.29,16.03,15.12,7.65,18.39,84.45
CAM,85.94,71.0,81.29,71.59,40.68,51.97,14.0,15.8,13.02,14.04,18.81,83.94
CDM,48.58,52.09,55.28,81.57,84.07,80.95,13.36,20.48,4.31,8.69,11.86,83.18
CDM,44.88,39.25,60.72,70.19,82.76,72.84,12.05,14.1,10.37,15.06,6.16,82.87
CAM,68.19,63.65,80.54,98.31,36.78,59.9,12.62,4.19,14.51,9.65,12.09,84.34
LW,76.15,56.76,59.86,84.88,48.8,46.58,16.36,13.53,15.1,12.89,11.96,78.79
LB,56.48,66.12,67.84,81.17,53.69,60.43,19.53,10.62,7.48,17.42,15.04,75.75
GK,42.48,16.03,51.7,22.73,42.47,77.8,70.61,64.75,61.14,54.02,76.28,79.35
ST,82.86,89.2,43.96,68.82,58.82,63.56,9.13,10.89,4.57,14.77,23.96,82.95
GK,62.29,13.88,42.03,30.75,44.75,46.81,57.54,68.04,71.31,78.56,89.8,82.34
CAM,69.65,63.52,75.64,47.54,38.41,65.46,10.27,13.66,8.02,12.94,13.46,78.22
GK,48.68,19.11,47.47,30.87,44.52,61.45,73.71,76.5,63.8,69.47,64.79,80.91
LB,63.8,44.01,72.68,73.99,61.74,63.94,18.49,17.01,10.59,20.36,13.51,80.78
RB,76.78,45.14,74.24,83.84,74.27,57.86,4.99,13.07,14.32,9.53,11.4,82.7
GK,39.06,22.95,53.91,20.63,53.5,50.27,84.71,57.88,50.36,75.06,69.04,82.06
GK,51.65,12.22,44.04,24.91,39.95,54.67,86.62,69.45,91.04,82.33,74.35,84.69
LW,64.51,61.61,77.53,82.0,30.0,64.28,21.63,10.3,13.46,6.29,10.83,81.06
CDM,63.63,39.23,50.88,54.77,52.5,92.32,13.8,11.97,7.54,8.45,17.4,78.94
CB,72.26,34.28,54.58,48.1,68.44,81.51,8.71,8.36,13.66,10.57,19.46,81.26
CAM,77.22,66.41,62.43,85.14,33.82,41.46,9.34,9.8,14.59,8.69,9.44,81.71
GK,50.32,33.64,28.2,45.59,43.65,62.3,81.09,74.23,58.92,70.4,69.67,80.66
GK,48.93,22.61,57.45,41.86,56.22,59.88,81.72,61.69,49.56,84.62,96.16,82.66
CB,55.19,32.01,58.52,27.36,82.0,73.74,21.85,19.72,15.66,17.6,12.51,80.9
RW,86.35,88.11,64.0,82.32,31.59,64.13,7.84,19.02,10.04,12.51,4.1,85.41
LW,89.06,51.12,65.17,88.04,54.05,59.38,10.39,16.26,10.98,8.54,10.05,82.54
LW,75.68,67.77,62.91,90.13,42.93,64.03,13.59,13.58,12.95,15.29,9.6,82.25
RB,87.53,29.86,78.4,74.01,81.05,62.88,9.84,13.51,12.37,10.91,10.34,84.44
CDM,77.94,63.42,61.06,72.18,74.09,84.22,14.99,8.7,12.28,6.92,7.45,83.05
CDM,61.34,44.65,77.62,43.53,82.82,64.04,10.28,16.47,11.37,8.36,2.98,83.34
RW,70.91,55.61,67.67,83.65,45.88,60.11,8.97,18.87,20.27,13.22,17.5,80.82
CAM,74.85,88.01,74.9,71.42,57.52,55.52,15.67,4.69,16.87,14.18,8.85,86.76
GK,42.55,36.28,42.75,44.79,48.34,73.79,68.93,67.5,57.3,92.63,79.64,80.47
LB,68.25,56.58,52.36,56.85,69.85,71.89,12.82,11.27,9.85,10.82,16.76,78.41
RW,72.5,74.05,57.72,77.52,37.92,47.74,14.29,13.4,14.42,23.19,8.6,79.74
LW,67.85,68.46,65.6,81.77,35.71,51.05,12.97,7.63,17.92,8.53,8.1,80.27
RW,76.23,65.74,70.81,75.7,47.03,49.31,16.53,11.97,8.65,10.77,16.89,80.54
CM,50.83,50.9,81.26,82.29,70.75,76.15,12.19,7.53,12.81,12.1,9.38,79.87
CDM,68.02,42.9,75.88,63.27,70.53,84.34,9.31,13.83,20.32,13.16,15.46,80.09
LB,78.84,32.2,76.36,76.87,63.03,80.62,16.95,17.08,13.2,6.42,12.23,84.05
RB,75.07,52.71,69.8,57.79,68.44,58.36,18.96,10.28,7.53,10.11,15.11,78.97
ST,70.72,92.75,61.7,59.26,36.48,63.83,16.59,18.28,12.1,13.85,12.95,83.03
GK,42.03,24.49,68.36,32.3,41.66,57.65,82.49,61.95,65.42,47.07,82.8,77.91
LB,72.98,60.02,58.7,63.9,65.96,70.08,11.01,14.62,16.43,17.86,22.63,80.68
CDM,57.15,54.51,70.53,73.87,64.68,69.5,7.99,5.98,10.55,10.45,11.89,75.63
RB,93.96,40.17,65.94,70.82,54.94,59.33,11.32,9.64,11.14,3.5,7.57,80.9
ST,82.0,99.0,61.61,69.61,44.15,83.52,12.07,8.76,12.02,10.09,20.55,87.74
CAM,78.21,72.17,92.34,73.53,43.59,63.81,18.16,17.08,15.54,12.55,14.93,85.44
GK,43.09,23.5,49.23,23.3,36.04,67.69,63.7,79.36,41.63,77.91,84.42,79.52
CB,50.59,40.78,62.71,56.28,77.02,62.18,11.47,15.07,22.11,15.76,4.15,78.52
CM,57.96,79.01,79.57,64.33,65.27,60.45,10.65,9.24,13.79,15.2,18.42,82.64
RB,76.5,51.34,53.27,49.65,74.17,76.55,16.4,14.76,13.79,10.34,2.8,79.92
RB,66.17,44.59,76.17,64.24,62.99,48.1,16.46,15.58,22.19,14.42,9.9,76.5
LW,72.82,64.82,72.9,65.47,33.97,66.24,12.6,3.04,11.14,8.08,13.76,80.86
CAM,91.45,79.59,92.71,74.25,42.92,70.72,5.03,13.98,9.44,13.37,17.6,87.89
LB,80.06,43.47,60.09,57.33,58.52,76.54,18.02,10.38,13.14,15.73,8.47,80.25
RW,81.85,70.03,83.9,75.12,21.56,48.02,13.46,7.8,15.28,12.0,10.75,83.7
CB,49.44,29.54,71.4,51.97,84.39,90.86,8.83,14.99,16.47,23.2,16.72,87.36
CM,69.62,58.97,63.24,68.7,52.21,61.16,14.37,7.62,10.1,14.38,7.92,77.65
LW,81.41,65.95,66.9,79.65,41.7,54.39,9.57,5.44,8.04,15.35,11.06,83.03
CDM,65.0,55.34,61.74,68.49,75.11,81.81,6.2,11.76,7.47,11.02,17.72,81.92
RB,67.35,67.32,64.63,52.59,83.96,56.69,19.34,12.41,11.32,13.92,14.29,78.47
CB,71.21,31.38,72.29,36.66,77.35,92.84,9.99,6.49,10.73,11.22,16.51,85.71
GK,50.24,18.55,39.13,37.6,44.69,64.42,67.49,65.45,72.72,90.52,68.1,84.04
CM,60.61,52.42,75.5,59.06,71.72,56.31,11.56,13.07,12.04,14.01,9.76,80.45
LB,75.35,40.22,55.9,77.36,68.33,49.21,11.59,14.98,13.42,8.4,6.25,78.46
CAM,93.73,67.7,77.22,76.32,64.29,46.7,11.78,8.3,2.18,15.89,12.45,84.0
CM,78.92,60.82,75.96,70.06,74.59,65.63,8.89,7.11,17.09,13.3,16.15,82.44
LB,70.55,56.34,58.64,66.58,67.24,74.05,11.42,7.1,10.92,18.34,9.31,81.94
GK,30.18,15.99,45.81,29.76,28.99,58.15,48.85,84.88,81.71,64.47,79.55,82.21
RW,60.71,57.03,74.07,75.29,34.4,66.57,9.03,14.06,11.15,17.89,9.86,81.65
GK,27.73,26.3,58.4,32.93,40.11,49.69,64.06,69.57,66.33,68.25,77.7,79.27
ST,76.29,70.25,47.19,70.18,45.32,65.6,14.36,6.87,10.55,15.95,12.51,80.59
CAM,70.73,64.01,75.07,72.59,36.52,47.21,15.18,10.91,15.76,3.33,9.83,79.2
CM,52.55,41.58,84.13,76.08,40.55,43.44,15.01,13.94,17.7,9.95,13.58,77.84
CM,63.28,71.41,67.36,70.11,72.81,73.82,14.81,13.02,12.04,12.17,10.07,81.03
CM,75.41,78.65,94.63,81.85,54.67,49.26,12.44,13.48,10.89,14.09,16.45,82.66
CDM,55.62,64.41,77.5,58.62,73.04,92.59,11.2,8.77,9.81,10.18,20.14,84.08
LB,68.57,30.39,58.09,64.06,73.37,58.02,13.25,11.59,12.31,14.49,8.74,77.84
CDM,48.7,55.24,66.04,63.15,97.85,64.05,16.76,17.59,9.52,11.55,15.55,80.42
ST,66.66,74.14,65.71,58.36,11.49,87.22,6.81,10.64,7.03,11.75,6.83,82.83
CB,58.56,48.66,59.8,55.25,95.56,71.16,13.76,5.46,11.18,17.01,21.56,84.32
LB,78.21,25.96,70.08,60.72,66.64,58.5,10.81,11.31,8.99,13.4,9.02,78.99
ST,66.97,70.91,61.52,63.29,52.01,90.92,18.93,10.8,14.72,13.22,23.56,83.01
CB,50.93,33.66,66.98,32.98,79.04,86.11,9.04,25.76,9.13,11.98,13.4,81.45
CB,55.84,47.22,55.34,47.71,69.19,96.9,13.83,9.89,14.04,19.78,20.12,82.28
RW,93.6,61.9,33.93,87.85,42.27,57.54,9.66,9.21,9.41,11.54,8.97,81.29
RB,68.96,42.59,83.22,51.92,60.49,66.54,11.64,10.23,15.07,7.11,11.13,77.6
CM,78.4,82.78,64.51,67.15,61.35,64.19,16.3,15.26,6.86,9.73,5.47,80.99
CDM,60.84,56.32,71.8,72.4,53.91,83.25,8.89,9.79,7.01,12.02,8.81,79.02
CM,67.2,43.82,64.47,68.38,42.88,46.22,7.95,20.38,4.74,15.51,17.69,73.03
CDM,64.45,48.86,71.9,65.65,63.37,72.27,10.04,4.34,15.0,12.6,22.19,78.39
LW,78.19,70.9,65.45,79.83,45.51,54.17,10.32,14.28,15.57,13.94,22.55,82.99
GK,46.6,25.36,51.49,38.92,43.08,68.09,74.95,76.72,69.7,81.79,86.33,84.46
CM,74.0,64.34,68.53,70.88,68.94,59.27,15.96,15.28,9.51,13.23,10.85,80.41
LW,75.37,80.73,60.84,86.63,41.47,65.01,6.81,15.44,15.64,13.46,21.78,84.33
GK,49.57,2.72,52.44,45.52,42.07,53.09,67.87,77.1,78.18,69.12,60.18,80.1
CM,46.93,62.52,65.67,60.36,66.08,60.53,4.45,19.35,12.7,8.59,9.11,75.62
RB,68.36,41.49,68.24,70.66,92.7,77.69,9.3,10.59,10.02,15.93,15.56,84.2
RB,68.5,60.18,66.91,58.78,78.72,79.2,13.05,6.01,9.91,12.43,14.37,79.05
RB,58.65,39.44,51.61,88.37,69.67,74.32,15.29,10.03,7.48,11.47,14.25,79.27
CDM,67.56,59.5,73.35,59.86,81.13,64.78,7.67,11.02,14.4,17.28,17.76,83.15
ST,85.8,90.02,70.67,72.3,34.8,63.67,13.51,8.96,13.99,9.83,4.52,85.55
GK,47.42,31.02,62.91,24.82,30.32,75.9,73.94,77.66,71.97,63.03,49.25,79.71
GK,44.2,8.79,51.8,30.16,46.19,70.13,64.37,74.93,52.97,69.78,70.99,78.72
CM,66.23,60.94,67.24,75.12,55.68,64.14,15.87,5.47,13.01,9.84,10.16,76.91
CAM,56.87,46.94,88.3,75.16,56.04,51.8,18.42,12.77,8.05,11.46,11.42,80.99
RW,74.98,65.17,63.56,73.27,34.02,56.61,12.71,16.09,16.83,10.11,8.67,81.25
LB,69.09,41.95,68.39,60.43,69.36,55.51,11.14,8.93,14.81,11.63,10.63,78.78
ST,66.31,75.79,54.53,68.09,36.77,72.84,19.36,10.52,19.09,8.76,16.59,79.03
LB,83.79,50.71,62.36,67.32,72.02,78.41,11.56,9.33,14.02,13.07,19.26,82.51
CDM,70.94,43.78,82.02,62.72,85.02,82.94,15.05,11.27,16.22,10.03,4.94,89.66
CM,42.11,77.1,86.49,73.58,58.33,55.6,8.78,17.72,12.45,13.35,13.35,79.48
LW,92.04,68.5,78.67,85.8,29.17,51.0,13.92,11.09,10.12,13.12,11.4,87.65
CB,59.78,36.5,56.19,36.24,86.2,78.22,8.9,5.53,12.7,13.28,10.83,83.58
LB,89.99,53.21,79.04,61.65,84.22,77.64,8.97,17.05,14.12,21.38,16.7,85.62
CB,63.21,45.94,55.09,52.22,90.61,68.22,13.66,10.25,17.95,20.95,11.85,86.12
LB,65.7,41.81,58.51,82.13,61.54,56.1,18.75,18.8,11.33,18.17,9.99,77.1
CAM,85.23,74.57,71.53,65.62,37.85,69.06,8.71,16.75,10.23,8.07,7.44,82.74
CM,64.52,47.86,62.49,71.58,57.24,73.7,9.27,15.55,13.59,7.18,11.4,78.12
LW,96.78,59.66,62.17,83.54,42.7,69.54,5.53,7.32,11.19,13.0,12.67,83.15
CM,62.94,67.18,65.13,66.69,49.23,61.35,11.69,13.71,17.27,8.74,17.81,77.5
ST,75.09,81.39,68.42,82.26,57.1,83.32,15.53,14.58,6.89,12.5,12.47,86.09
ST,75.93,99.0,50.93,84.05,35.79,67.75,8.9,8.71,8.68,8.73,16.16,83.83
ST,86.74,78.87,70.28,60.05,27.51,58.86,15.41,20.54,9.95,10.08,6.79,81.56
CM,69.11,57.67,74.29,78.92,71.17,52.95,5.64,9.72,13.1,13.37,20.56,77.93
CM,64.69,54.01,71.41,73.89,80.64,66.24,7.98,12.66,14.92,14.32,13.78,83.46
CB,50.29,18.6,49.12,39.9,65.51,85.03,20.39,13.09,10.0,19.05,13.69,79.71
CM,68.26,65.19,70.69,53.55,55.78,73.58,17.43,8.44,12.51,11.06,7.04,77.39
CM,69.57,45.73,84.18,58.92,73.41,71.49,16.07,10.82,8.02,14.53,5.28,80.12
CM,70.94,56.86,88.21,61.97,52.73,74.24,14.21,11.42,14.32,7.82,15.77,80.69
CM,54.09,48.46,83.96,70.89,61.7,70.56,14.48,12.93,12.89,2.84,14.36,80.12
RB,78.2,52.22,80.26,66.37,66.18,62.18,15.76,6.51,15.72,10.71,16.38,81.63
CB,59.24,40.6,48.13,42.79,85.97,83.56,12.83,11.31,12.36,9.94,24.84,83.66
GK,38.04,13.82,63.25,25.29,23.14,52.14,84.02,73.09,61.75,74.7,77.62,81.58
RW,69.16,78.06,62.83,82.18,33.43,59.74,8.36,8.99,10.71,20.84,11.59,81.13
LW,79.31,58.7,58.46,78.03,35.1,77.85,14.92,8.14,17.83,15.55,20.79,79.86
RB,78.11,54.96,54.86,68.52,66.43,81.31,4.51,13.53,15.39,5.74,19.02,80.53
CAM,72.43,62.87,76.32,70.37,35.12,66.51,16.58,9.52,13.63,13.04,19.68,81.82
LW,82.73,72.41,49.74,76.24,43.13,59.1,14.81,12.1,11.58,7.78,8.3,78.71
ST,68.37,78.61,25.23,75.34,28.56,86.75,16.32,12.46,10.48,11.08,7.53,82.42
GK,47.32,20.57,51.02,35.16,30.37,70.87,67.59,74.45,50.12,62.37,51.11,73.33
CAM,77.28,78.12,69.05,96.04,40.09,82.73,17.64,9.44,6.97,14.16,14.88,84.79
GK,54.16,21.89,58.87,31.35,45.9,62.49,73.45,75.17,66.38,77.69,75.18,82.97
CB,59.34,32.02,54.92,39.74,74.24,70.73,19.95,17.64,11.66,16.19,17.15,79.41
GK,55.68,24.23,69.13,39.8,26.15,54.78,69.2,71.01,54.7,70.42,70.95,76.66
LB,61.96,34.04,74.98,68.67,60.17,64.38,13.3,9.32,13.65,13.3,18.9,76.37
CB,73.63,43.67,56.08,58.78,98.11,85.52,9.57,11.74,18.78,14.37,11.16,89.9
CM,94.0,79.3,83.99,75.6,52.32,53.96,9.27,6.02,12.77,11.53,7.66,85.39
CB,50.06,18.4,52.66,45.78,91.55,74.32,11.39,21.71,21.64,16.61,14.92,81.53
LW,85.17,66.21,72.19,63.82,29.03,57.39,11.61,9.61,15.93,2.85,17.86,82.63
CB,66.77,31.67,51.75,32.07,70.26,88.87,14.49,11.21,12.22,12.92,11.29,82.95
GK,36.78,18.74,63.29,41.43,34.12,78.29,69.89,88.31,64.03,69.34,90.96,85.31
RB,74.17,47.43,61.73,54.73,85.74,64.54,9.09,10.04,11.86,12.58,7.72,84.27
LW,87.06,70.38,43.76,83.34,36.07,54.49,16.17,11.68,10.54,13.1,17.46,81.25
LW,88.09,76.22,73.34,81.44,40.99,61.16,9.97,11.63,15.65,12.77,17.97,86.68
LW,86.49,73.69,65.72,76.93,48.58,76.78,15.16,15.71,12.1,10.16,9.12,83.24
GK,34.84,19.71,62.88,44.68,34.48,75.07,60.63,55.8,59.3,59.81,67.44,71.63
RW,66.59,68.41,66.82,79.27,40.09,55.05,11.32,12.52,16.3,9.15,12.81,80.5
LB,67.92,51.92,68.11,75.89,69.06,75.54,14.09,11.68,10.42,18.28,10.2,84.22
GK,47.24,13.93,55.43,29.57,42.98,83.21,78.75,81.54,59.77,86.67,59.46,83.47
LB,74.66,38.4,88.22,65.21,79.15,64.12,15.71,7.25,11.79,9.6,6.72,80.86
CB,57.43,41.96,59.81,61.07,74.2,71.49,16.35,13.33,15.33,22.98,12.18,81.99
RB,69.93,41.24,54.15,75.1,87.21,73.12,14.83,17.81,10.03,13.95,15.7,81.61
CDM,62.75,63.72,83.93,74.82,68.94,63.27,8.38,13.02,12.42,11.87,8.45,80.59
LW,83.07,77.83,58.41,72.69,38.88,66.43,15.45,15.21,3.71,17.12,8.93,81.41
CM,75.28,71.4,89.38,59.57,67.79,70.6,13.61,8.91,5.58,16.78,18.24,81.94
RB,83.17,39.05,76.41,48.23,68.08,66.54,17.62,5.48,8.06,10.93,11.92,82.53
CB,58.59,32.9,53.29,66.4,86.83,57.58,12.76,13.68,12.38,22.21,13.68,79.59
GK,41.65,24.67,64.54,37.12,55.22,63.46,75.19,71.25,77.7,64.93,79.82,85.73
LB,85.44,35.69,47.82,77.66,64.66,69.32,14.8,10.12,21.02,15.7,18.16,81.73
CDM,63.13,47.74,69.18,77.94,82.9,77.36,12.09,12.04,12.57,15.31,12.03,83.61
GK,30.53,18.61,62.26,39.62,45.85,54.77,60.53,97.42,46.59,82.56,68.22,80.39
GK,45.06,10.67,46.09,48.6,45.62,56.9,85.52,78.19,74.34,85.39,80.75,84.09
RW,76.92,75.59,64.16,65.91,33.53,56.29,10.26,12.28,15.26,13.81,8.77,80.11
RW,73.72,70.76,51.92,87.43,41.84,49.06,15.58,11.19,14.2,18.51,15.93,81.53
LW,80.19,55.34,63.47,68.65,34.22,44.05,10.74,10.17,13.18,9.86,4.85,80.03
LB,72.66,31.61,44.65,73.01,71.9,72.66,19.86,9.75,16.25,7.47,10.17,80.51
CM,76.34,65.44,71.88,62.67,79.71,55.74,9.0,6.3,16.4,15.1,6.42,79.48
CDM,63.29,47.93,69.52,52.67,73.51,85.15,10.95,15.16,5.36,14.1,12.58,80.19
GK,56.71,12.7,49.78,45.77,49.4,69.76,74.82,69.3,49.55,89.17,63.8,80.03
RW,97.01,60.13,70.74,83.53,32.59,63.21,16.16,10.23,7.16,7.39,12.74,84.14
CAM,67.94,70.49,88.98,82.72,45.89,45.21,17.71,11.62,12.43,12.08,5.62,84.95
LW,82.46,64.25,82.18,93.52,46.57,63.54,9.04,11.32,9.82,15.67,13.97,86.1
ST,73.05,85.72,61.7,80.89,28.19,71.71,14.48,11.31,16.62,9.26,13.55,85.25
CM,57.57,67.21,75.97,62.74,59.28,70.95,16.7,13.88,9.58,9.31,6.1,78.21
LB,69.34,47.26,83.21,65.46,58.25,68.44,13.45,7.64,6.25,8.18,20.79,78.01
LW,74.61,65.96,56.98,80.61,50.07,64.11,8.47,12.83,17.85,13.57,10.75,79.08
GK,46.53,12.0,45.61,35.94,49.41,61.91,76.05,87.04,48.69,38.78,61.13,75.8
LW,77.52,74.23,71.16,79.35,49.3,57.44,11.92,11.65,14.93,7.42,14.82,85.08
LW,75.36,56.59,79.04,81.52,50.26,70.39,13.2,14.34,8.11,10.76,19.97,81.64
CB,62.9,51.71,51.94,61.52,78.24,75.94,19.89,3.91,24.44,3.38,27.07,82.74
LW,81.85,79.53,47.29,78.13,35.37,74.5,6.84,14.29,5.85,15.43,2.63,83.06
CM,67.6,50.33,81.49,71.38,76.78,64.96,9.85,10.41,15.49,13.73,12.53,82.51
ST,73.87,79.3,76.6,76.86,37.26,80.21,14.94,18.98,6.64,18.75,7.04,84.17
RB,84.12,37.95,74.06,58.65,81.79,47.88,3.15,13.94,12.74,12.55,17.65,81.99
CM,74.86,48.5,54.19,75.18,43.17,54.46,12.93,11.08,17.4,9.35,10.6,74.74
RB,71.99,60.66,87.72,61.34,70.83,64.07,13.88,8.73,16.59,7.3,5.78,81.72
ST,80.37,70.19,28.96,80.49,53.5,58.83,15.47,11.28,13.35,12.68,17.24,83.01
RW,80.13,84.01,58.17,78.9,23.39,43.49,9.13,12.27,9.84,12.58,12.49,81.82
CAM,79.92,68.99,65.44,79.62,55.57,49.91,15.68,15.83,6.55,14.13,15.21,80.68
LW,79.07,99.0,64.33,81.57,33.26,64.64,11.92,12.02,19.41,11.1,9.47,85.59
RW,72.26,73.85,69.07,78.74,29.96,57.34,16.99,16.06,7.59,15.9,5.76,80.55
LW,66.06,65.79,63.45,73.11,39.32,53.95,9.88,17.57,13.39,16.32,7.02,79.44
CB,66.77,44.45,49.07,53.16,87.4,80.0,11.12,19.36,20.9,9.79,10.76,81.84
CAM,99.0,79.36,63.77,82.09,29.96,44.46,9.22,7.38,10.4,11.08,12.62,85.77
CDM,81.17,43.01,71.9,62.6,77.91,59.38,9.85,3.73,8.34,14.86,10.64,80.11
LW,96.59,83.05,60.56,66.55,64.57,65.93,14.96,16.27,17.68,11.75,7.34,86.14
CB,48.27,34.58,64.68,57.17,73.84,72.87,12.03,16.86,11.18,20.58,15.4,80.51
CDM,51.29,45.91,78.08,41.92,66.39,74.76,14.22,14.85,10.04,3.86,15.17,78.03
LB,79.43,43.32,71.17,71.88,62.05,67.27,16.08,10.52,14.32,9.68,6.8,83.31
ST,87.04,71.05,56.75,84.08,52.85,56.95,14.37,11.5,19.69,9.11,15.7,83.08
ST,65.7,79.11,59.27,69.66,51.03,70.88,3.77,8.54,9.43,8.05,9.99,82.06
ST,76.04,90.87,72.4,72.55,23.9,61.84,6.51,15.84,17.47,10.02,5.53,83.35
CAM,72.24,67.19,87.37,91.26,45.38,67.2,10.14,14.47,13.1,6.57,22.25,86.25
RW,77.76,66.31,46.39,91.4,38.21,31.3,9.87,13.64,13.71,9.49,8.28,81.19
CAM,55.52,84.39,59.1,66.97,46.45,63.52,14.98,8.85,9.75,13.94,8.77,81.52
CAM,76.11,75.84,88.02,81.66,24.14,42.4,13.56,10.46,14.23,14.92,1.0,85.42
CDM,60.3,36.74,79.06,50.77,74.91,64.67,11.55,9.92,6.73,14.05,17.99,80.4
LB,63.53,41.38,85.74,83.33,61.5,65.28,15.34,7.97,13.29,10.61,6.14,78.17
ST,81.88,65.76,57.27,62.93,29.28,95.06,16.51,11.13,14.24,17.06,10.83,84.36
LW,77.2,60.31,77.2,83.09,30.56,56.16,10.9,3.64,6.06,6.04,5.98,80.58
RB,90.18,37.44,60.94,44.47,77.36,69.81,5.72,9.37,17.38,14.88,12.62,81.78
CM,65.27,32.45,82.04,76.47,40.86,49.67,9.74,11.69,13.42,16.96,2.87,76.86
LW,99.0,69.41,69.07,76.65,48.99,51.96,17.57,7.14,6.34,6.25,8.91,83.75
ST,82.66,62.61,55.53,70.02,18.45,56.39,13.42,16.42,13.11,8.11,9.73,81.09
LW,99.0,75.78,65.6,74.0,41.66,57.63,10.17,13.97,18.58,9.2,13.68,85.92
LW,83.37,71.97,50.06,93.74,37.01,61.13,15.24,12.5,17.86,8.68,8.14,83.67
CDM,80.55,28.18,74.79,59.79,80.74,52.49,5.89,16.1,5.7,18.02,15.09,78.12
GK,32.24,10.41,48.03,36.2,34.58,85.73,82.45,77.98,63.58,71.87,65.74,82.47
ST,84.75,65.75,53.51,76.72,23.34,79.86,12.89,11.82,3.91,8.64,11.31,82.96
LB,88.69,51.52,67.46,45.04,61.3,59.91,8.47,12.91,10.88,6.21,11.38,79.48
RW,76.85,62.19,59.05,73.28,43.57,50.2,6.6,12.11,12.86,11.88,14.18,77.46
CAM,67.35,54.5,69.83,83.86,39.14,42.35,12.34,10.91,10.08,8.35,5.38,79.16
LW,86.78,63.69,59.53,67.52,53.19,57.97,8.65,8.74,14.63,11.28,10.21,81.52
LB,85.51,24.59,71.39,63.14,50.73,58.1,9.78,16.23,3.85,11.9,12.18,79.96
ST,60.82,98.2,43.79,66.9,29.79,80.9,8.66,18.09,15.89,5.31,13.01,84.83
LB,64.1,43.81,74.61,65.02,54.46,66.03,9.5,19.32,18.49,8.41,11.2,78.79
LW,73.28,85.02,62.58,79.57,39.47,53.91,5.63,10.7,10.34,17.12,6.77,84.06
LB,74.53,41.35,79.6,67.12,46.7,81.57,8.96,8.91,8.69,19.88,14.36,79.21
CAM,80.84,72.63,64.86,93.32,34.83,64.44,5.8,10.41,21.02,12.34,7.12,85.3
ST,71.94,64.77,70.87,86.82,17.31,74.82,19.77,12.46,13.65,19.72,12.28,82.26
CDM,74.63,39.58,46.04,62.32,73.37,76.37,15.68,9.23,11.46,11.42,14.92,76.1
CB,55.54,28.41,37.85,49.92,82.91,71.37,13.23,18.47,11.85,12.2,11.21,77.38
ST,80.93,81.83,68.97,63.82,39.68,66.84,3.16,5.03,3.67,8.76,9.31,82.26
LW,90.16,80.0,63.3,85.92,31.52,48.1,15.6,5.72,9.08,8.71,11.8,83.09
LB,51.14,24.72,67.61,60.9,72.7,66.3,11.46,16.9,14.78,3.91,11.12,77.6
CDM,61.23,42.17,75.56,54.97,81.5,69.92,13.49,23.56,9.17,7.57,10.34,80.11
ST,79.08,90.06,39.41,68.55,34.16,75.55,19.41,14.75,7.81,11.05,14.76,84.29
ST,70.61,88.43,57.4,66.51,40.0,72.87,8.72,10.16,10.04,11.88,13.1,80.9
LB,80.74,44.84,54.29,38.35,61.26,61.42,11.74,16.06,12.29,13.62,8.97,77.2
CAM,65.43,60.43,57.61,66.47,42.88,58.83,13.78,9.65,12.72,12.11,8.78,75.78
CDM,56.38,55.17,68.27,65.1,67.39,56.34,16.12,10.92,18.92,21.05,11.84,76.25
LB,78.15,54.65,78.89,65.38,53.29,59.19,6.52,4.98,14.19,16.93,11.99,78.91
RB,76.75,50.57,64.56,75.35,69.49,77.29,7.48,12.71,15.82,6.98,5.33,84.86
CB,50.05,33.69,48.07,54.52,74.94,73.29,16.7,15.17,11.21,21.78,16.52,76.16
RW,92.89,78.76,61.23,72.5,36.99,59.89,11.18,12.97,10.31,11.92,4.78,85.87
LB,65.58,35.98,65.91,45.18,77.85,74.39,12.06,9.3,12.51,9.22,10.03,78.5
ST,79.47,85.97,53.17,80.6,33.27,74.56,11.2,15.14,12.7,16.78,13.13,85.26
ST,83.39,82.29,57.15,73.88,53.09,60.95,14.27,9.54,13.16,12.11,7.01,83.48
LW,79.39,80.05,75.98,76.9,30.3,70.7,10.24,13.28,11.72,10.64,6.2,84.77
CB,56.14,28.92,55.43,37.68,90.97,62.98,8.85,13.51,5.81,6.67,14.27,82.38
CM,63.89,56.39,81.23,62.49,64.88,83.99,12.93,14.81,11.75,14.93,13.82,81.49
RW,85.08,62.42,73.53,81.42,47.16,74.88,12.44,9.99,8.07,16.22,10.37,82.98
ST,78.46,77.39,58.88,58.89,48.31,67.26,14.34,11.74,11.56,3.45,18.46,82.61
GK,57.06,20.5,50.87,24.46,53.83,58.38,82.57,65.88,81.49,48.35,93.49,82.06
ST,83.35,73.28,56.82,54.52,31.95,78.22,12.91,4.96,12.64,6.34,12.39,79.64
RB,59.38,45.82,89.56,50.89,93.05,55.35,18.45,7.39,1.29,10.01,14.91,80.61
GK,46.98,31.26,41.48,11.62,51.57,82.45,73.72,67.31,56.46,74.13,52.92,78.25
RW,74.95,90.17,68.49,78.13,34.67,43.9,7.81,5.65,15.03,14.18,12.48,83.47
CDM,69.29,46.82,57.97,48.71,63.88,66.44,14.34,10.48,7.23,8.52,17.95,77.28
LB,62.8,57.32,60.53,59.6,67.04,76.51,13.7,14.49,9.73,14.97,10.3,82.37
CB,50.47,32.93,42.88,54.54,78.47,88.08,12.84,5.82,14.15,8.53,17.41,79.4
GK,35.41,16.49,47.26,46.5,31.4,77.36,84.63,69.34,76.64,71.24,65.39,83.63
LB,73.0,56.24,50.52,47.75,60.21,53.36,7.77,11.99,14.35,10.3,10.1,73.18
RB,72.68,53.01,50.83,63.3,72.73,61.88,13.27,7.51,12.52,4.69,10.13,76.65
CAM,75.0,65.58,73.55,64.8,45.9,45.88,9.92,9.87,19.19,9.9,7.16,79.92
CB,68.91,33.65,42.91,45.86,73.65,74.22,12.68,21.97,19.31,15.5,15.12,78.31
CAM,55.76,54.02,69.02,80.66,43.66,47.9,7.42,8.59,15.26,1.0,10.49,78.86
RW,72.44,52.87,62.42,60.56,49.33,67.1,6.66,17.34,8.22,7.32,9.4,79.06
ST,71.69,75.61,58.93,64.49,45.33,56.27,18.94,12.84,10.34,13.16,15.93,77.66
RB,75.62,29.96,58.81,64.32,78.37,68.73,14.82,15.61,10.58,10.55,9.18,82.79
LB,63.73,52.99,47.48,62.55,76.34,75.65,8.73,12.0,16.45,12.18,6.33,78.05
RB,83.26,54.34,57.65,65.63,56.01,50.78,10.54,15.63,9.9,17.75,15.2,78.87
GK,58.29,13.94,58.29,31.51,35.62,56.22,56.1,58.71,59.51,74.98,74.38,80.39
LB,66.4,34.24,61.11,77.38,76.68,65.99,22.23,7.12,16.43,5.57,9.3,81.24
CB,68.98,25.92,54.29,42.05,75.82,75.49,11.77,11.64,29.23,16.22,23.2,82.87
GK,34.38,9.04,56.18,29.44,28.97,87.58,83.0,62.6,65.13,81.95,62.9,77.89
CAM,75.39,66.07,99.0,79.91,54.28,58.47,13.24,12.73,12.85,13.99,1.45,87.09
CDM,68.64,39.25,69.34,57.66,66.26,60.04,14.71,10.34,7.21,11.98,10.38,79.64
CB,64.67,39.5,47.44,50.72,61.76,68.78,14.37,10.64,13.19,15.2,16.28,80.54
LB,76.5,44.37,79.59,59.35,72.63,68.2,12.82,11.56,11.99,15.31,10.45,81.95
RW,78.06,88.77,76.31,75.54,50.91,58.64,8.94,11.42,12.94,9.37,10.87,84.22
ST,67.21,84.6,41.12,66.71,50.37,72.95,12.73,10.73,10.65,20.83,16.74,80.94
LW,78.69,64.69,76.7,81.67,52.15,50.9,14.79,10.88,5.34,13.06,11.92,82.19
CAM,74.77,53.45,71.23,86.0,35.96,61.13,3.86,16.21,15.71,9.91,6.84,82.7
CAM,74.48,55.58,69.2,65.57,37.57,40.64,11.2,13.14,16.25,13.31,7.85,77.37
CM,72.59,67.24,73.72,75.82,58.25,53.09,11.57,11.78,9.62,12.13,16.3,76.15
CDM,75.84,64.16,87.9,78.98,66.72,65.91,15.86,16.56,14.5,8.1,13.07,83.32
RW,86.32,69.74,61.31,73.4,60.57,56.84,15.27,12.7,9.68,9.31,14.6,83.95
LW,78.44,60.63,67.34,88.44,55.1,62.29,11.27,12.52,15.93,8.48,8.66,81.8
CAM,78.24,49.75,67.81,96.19,44.09,61.7,7.61,6.6,3.77,15.87,11.84,85.74
RW,64.06,63.12,66.94,71.28,40.44,71.45,11.49,11.66,12.4,18.09,11.82,78.76
CB,48.2,42.12,54.81,32.23,79.46,70.49,13.67,4.61,11.01,11.18,1.0,78.43
RW,80.97,63.75,50.82,76.46,12.84,87.05,10.41,11.22,12.12,11.25,10.64,83.1
LW,77.54,81.46,54.42,75.42,46.33,69.83,13.37,15.64,5.34,11.17,11.87,82.64
CB,66.18,34.56,51.26,47.86,74.17,73.98,11.17,21.6,12.21,4.64,19.76,80.71
ST,74.98,92.2,43.2,84.02,40.75,70.61,21.15,12.26,11.98,15.5,16.97,85.28
CM,57.71,59.01,69.48,63.21,40.29,80.57,10.85,18.18,9.36,6.32,12.77,79.63
CB,69.02,25.11,57.66,43.33,86.15,87.09,4.14,15.06,12.17,13.37,16.17,85.74
CDM,59.16,44.38,67.55,70.87,66.64,87.55,12.94,12.0,12.35,9.6,17.43,79.54
LW,85.51,45.77,77.53,71.62,37.76,77.34,12.05,8.83,5.85,9.33,17.11,80.33
CB,65.44,47.7,65.36,39.49,80.68,75.24,18.52,3.54,10.22,13.14,11.41,83.18
LB,65.89,41.67,62.25,81.29,68.15,69.0,17.86,5.33,9.44,10.02,12.07,81.08
LB,70.47,37.72,64.71,57.0,53.27,63.54,4.36,9.32,11.82,7.9,13.61,76.67
LB,77.46,34.76,63.56,57.91,60.95,68.06,12.77,16.86,8.6,8.45,19.83,78.01
GK,51.31,26.45,47.96,30.21,25.75,61.92,62.72,56.97,64.91,65.55,72.63,76.22
LW,78.22,50.01,78.28,82.4,65.64,55.96,6.53,17.23,7.87,11.2,15.44,80.52
LB,63.47,62.78,57.71,64.87,62.64,70.79,13.59,11.54,11.95,8.18,12.01,81.41
CDM,63.71,51.91,71.82,81.04,67.83,73.36,12.23,7.78,12.21,9.01,12.98,82.37
CM,81.34,54.96,75.02,63.51,69.91,65.02,18.7,8.06,7.67,19.02,15.85,82.12
CB,55.98,21.5,51.4,50.21,85.27,75.0,17.82,13.12,10.26,14.67,10.29,80.37
CAM,47.43,71.06,77.97,71.07,33.4,52.55,13.04,5.88,11.09,16.13,7.67,77.12
LW,67.24,65.51,78.89,80.4,35.91,49.98,5.32,7.19,4.16,14.14,8.6,82.76
GK,58.21,31.6,64.39,18.56,45.4,60.07,68.89,77.73,54.78,64.67,70.42,74.32
LW,73.58,86.48,67.12,78.89,58.97,62.86,12.95,12.04,9.75,12.52,12.17,81.13
GK,36.05,15.74,69.6,39.28,19.44,72.54,84.64,61.31,56.73,76.97,81.31,83.92
LB,66.05,45.24,78.93,70.14,72.02,61.61,12.68,11.42,13.58,11.35,6.73,78.52
CB,47.53,29.67,60.21,45.62,78.85,76.74,6.31,7.9,12.65,11.57,18.14,78.24
RB,71.62,38.19,52.52,61.59,65.76,60.78,11.04,12.59,13.53,14.04,11.4,79.17
CAM,78.37,78.46,66.92,76.11,39.49,82.48,11.46,18.44,10.32,8.75,16.55,85.09
CAM,72.15,77.37,62.5,90.42,33.28,56.31,10.63,17.63,13.33,9.55,14.84,82.21
LB,80.69,45.71,60.18,71.9,82.09,57.84,18.36,7.67,11.71,12.03,9.4,80.47
RW,79.79,70.1,63.48,82.79,28.85,68.95,9.52,12.25,9.21,11.15,16.33,82.58
CAM,63.37,58.87,93.72,84.56,40.34,66.44,10.81,10.85,12.47,9.92,11.68,83.09
CM,71.19,67.22,75.4,72.83,50.22,63.2,7.76,12.95,11.82,6.4,14.9,81.31
CB,68.53,30.07,53.89,50.56,61.84,78.99,19.42,17.9,14.54,15.44,11.35,77.77
LB,74.35,40.37,73.74,59.58,71.67,85.5,11.47,5.74,7.81,13.46,14.13,83.36
LW,81.23,77.5,70.91,79.69,24.89,59.79,12.22,14.94,16.78,11.07,3.86,86.04
RW,74.57,55.94,70.94,90.59,51.56,29.67,11.83,12.08,13.54,11.99,14.83,79.45
RW,85.61,68.81,67.9,78.65,37.42,46.6,1.57,11.79,13.2,15.06,13.63,84.26
GK,34.77,18.47,54.5,40.62,43.55,56.15,76.67,73.61,58.9,60.83,72.88,82.41
CDM,76.8,47.67,62.25,71.3,88.55,51.04,10.31,12.63,14.47,17.21,8.27,79.12
RW,64.19,68.58,83.1,93.65,44.58,60.99,3.21,15.47,10.9,15.43,18.93,86.36
ST,76.71,95.84,48.92,63.36,49.71,72.59,14.08,4.61,18.68,15.33,10.13,85.9
RW,94.42,64.4,65.93,85.46,33.92,56.34,10.86,17.28,11.03,10.97,15.82,85.4
ST,82.9,78.22,53.81,58.6,33.72,64.53,14.36,13.92,14.21,5.1,11.56,81.44
GK,30.29,19.52,48.35,38.26,30.01,74.4,67.21,68.11,54.42,76.45,65.07,77.61
CDM,70.31,52.51,74.78,70.55,68.08,66.06,8.62,7.57,15.2,15.96,13.47,79.93
RB,65.32,54.28,42.13,75.96,71.36,51.86,8.47,15.52,11.53,12.97,17.13,78.76
CDM,73.66,54.51,63.25,79.13,82.53,80.96,14.47,15.48,11.49,13.28,6.8,87.61
GK,49.29,18.52,49.89,30.88,20.59,48.14,80.59,58.45,65.68,65.86,59.15,75.01
LB,66.05,40.0,62.36,68.28,56.12,61.4,15.66,8.16,15.21,7.83,10.0,74.74
CDM,64.65,33.09,65.09,53.68,67.94,60.72,12.27,9.09,19.3,13.21,17.19,75.99
CB,66.05,29.13,49.93,33.86,57.34,70.3,8.85,8.71,13.03,16.47,18.9,77.87
ST,81.16,68.76,46.26,71.38,33.83,71.34,15.9,9.39,16.43,8.46,9.71,83.05
RW,87.83,73.5,61.51,76.26,47.46,46.41,13.47,14.03,9.0,12.18,13.73,82.8
CAM,59.75,55.38,84.79,85.27,61.14,51.69,14.01,19.94,15.74,15.63,4.99,81.81
CM,79.4,62.97,74.46,63.06,52.12,80.27,14.14,22.36,18.07,9.14,7.44,80.31
ST,98.42,65.07,69.13,78.36,31.46,69.19,14.05,11.18,9.68,15.85,13.88,83.99
ST,71.76,81.17,70.67,66.02,30.75,68.12,8.26,8.07,11.53,9.3,8.53,85.18
CDM,67.63,50.56,71.52,63.53,81.56,67.05,16.61,10.15,11.17,10.72,13.5,82.99
GK,48.42,19.61,65.17,31.05,37.15,59.06,72.51,63.05,61.23,75.75,86.69,80.94
LW,90.23,76.59,85.65,81.45,37.52,63.57,8.67,14.72,8.96,12.87,12.41,88.43
LW,82.67,69.69,65.65,85.67,43.44,46.16,18.94,9.56,15.55,14.0,14.35,84.68
RW,86.32,66.45,68.43,82.86,29.3,67.08,21.14,16.44,1.6,12.48,10.79,84.25
RB,78.44,45.5,74.34,60.03,66.72,54.45,11.32,13.85,10.76,11.84,15.95,79.44
GK,47.2,24.15,42.5,42.09,29.91,78.37,80.56,60.28,55.0,73.74,67.39,79.52
RW,72.59,64.07,77.18,92.42,41.17,67.63,9.17,17.66,11.71,11.77,17.07,86.01
CAM,78.57,51.31,94.59,64.5,29.21,56.97,7.91,6.94,8.83,6.97,8.25,81.7
RB,63.33,49.1,65.04,67.25,54.54,86.35,11.81,12.91,10.87,18.92,16.35,77.93
LW,81.8,59.15,77.57,88.35,38.93,64.79,13.12,12.46,10.78,8.72,12.19,87.42
CB,66.19,25.89,34.36,48.66,64.06,74.31,21.56,7.95,9.06,22.71,9.2,77.43
LB,64.64,64.92,80.75,63.72,89.12,74.29,14.99,7.03,15.13,15.48,6.44,84.5
CAM,71.26,53.18,72.14,72.93,34.21,60.82,12.27,8.56,11.66,11.6,12.16,79.09
LW,92.8,86.98,69.88,94.55,44.91,64.11,17.79,9.44,11.34,9.12,14.77,89.43
LB,81.39,42.23,68.26,62.29,84.38,60.33,16.11,14.24,3.71,10.31,8.69,81.21
CB,67.07,25.93,57.47,47.73,51.97,62.52,12.4,5.73,2.64,14.59,17.54,75.78
LW,85.84,76.46,46.97,72.65,40.01,75.31,16.05,12.86,22.05,21.34,6.83,83.12
CM,70.07,58.66,74.72,70.97,71.48,75.62,14.81,8.19,13.57,7.64,8.95,81.4
ST,67.88,96.05,47.88,70.75,45.06,86.62,11.7,12.08,4.05,17.79,6.33,88.26
CB,66.44,28.3,77.62,71.52,65.08,80.18,13.1,8.26,22.92,11.55,22.47,82.85
CB,73.85,51.16,62.51,32.93,62.21,59.01,11.95,20.72,23.87,17.96,12.38,75.0
CM,68.94,34.27,62.67,60.36,43.54,57.85,8.36,5.94,7.58,14.14,12.35,74.66
CM,62.28,56.67,65.6,99.0,64.09,57.57,9.18,15.53,6.01,10.55,13.5,81.33
ST,70.2,70.33,56.69,70.79,35.27,51.0,9.46,16.15,16.19,16.31,11.02,79.01
CB,53.4,42.42,61.7,54.51,62.71,68.44,10.2,18.18,12.95,15.11,10.88,74.96
LW,87.38,55.28,54.14,75.84,25.17,62.16,15.62,10.29,12.81,14.43,19.03,78.48
LB,70.93,42.68,60.71,80.52,66.25,83.98,11.16,18.19,21.99,6.84,14.19,85.45
ST,58.24,76.18,49.11,50.68,24.94,70.86,14.46,8.08,12.91,14.4,12.28,78.64
ST,57.15,86.71,76.41,56.83,39.13,69.02,9.89,12.7,11.81,15.0,7.14,81.07
GK,54.9,24.19,35.15,39.87,60.34,70.53,85.49,87.16,55.58,79.39,49.75,81.69
CB,69.15,32.01,45.63,57.52,67.48,56.18,4.69,6.88,10.22,20.7,14.41,76.54
CAM,69.64,67.82,96.37,88.72,47.05,52.78,11.92,10.28,16.0,9.28,13.99,86.75
GK,60.73,22.1,43.76,44.96,39.27,58.72,51.92,82.0,70.33,70.39,63.73,82.18
CM,52.23,59.72,73.68,79.73,55.19,78.68,12.52,13.38,7.85,16.77,11.37,80.39
CB,57.42,26.43,65.97,50.71,87.03,92.23,10.32,11.68,16.6,7.53,15.36,87.53
LW,81.96,83.42,80.19,73.05,52.58,75.87,6.5,16.76,13.67,18.06,7.9,84.69
RW,76.97,72.27,77.13,81.73,46.13,64.87,9.35,24.23,11.38,15.37,9.62,86.99
ST,82.37,73.44,39.58,77.03,42.25,72.33,8.61,11.18,17.15,8.0,14.96,81.53
CM,47.68,50.25,60.31,71.73,64.11,78.99,12.08,5.84,18.1,11.44,9.03,75.61
CB,60.75,22.56,54.63,53.47,57.01,62.97,16.1,17.66,4.47,18.32,18.11,72.49
CB,70.68,36.92,61.72,32.78,68.61,82.9,26.84,13.37,16.3,11.01,16.31,81.14
CB,52.56,39.76,57.97,50.21,86.07,98.75,10.39,11.48,6.04,6.79,11.32,87.02
ST,78.1,89.53,69.48,61.48,10.37,80.95,7.4,7.21,13.16,12.78,16.92,85.21
CDM,56.58,64.21,90.66,71.31,76.67,68.19,18.2,13.81,9.86,14.72,18.82,83.01
CAM,71.23,77.79,73.98,69.36,41.4,58.66,19.23,14.68,11.87,20.61,11.86,78.27
ST,81.8,84.64,45.03,74.21,35.0,75.95,13.44,14.9,13.08,15.89,13.29,84.82
ST,87.78,73.61,60.02,68.39,25.62,77.92,10.14,10.54,6.58,2.34,14.94,83.88
LW,71.87,72.06,79.2,72.74,38.93,48.0,13.83,15.64,14.28,6.81,7.39,83.72
GK,27.43,30.21,38.43,31.49,32.93,68.73,68.14,79.23,84.45,68.08,77.82,80.91
CDM,65.94,52.93,78.34,67.47,55.9,60.86,7.74,11.28,10.12,10.13,14.45,78.49
CM,44.34,62.18,63.38,78.56,51.76,64.47,9.31,4.01,16.55,6.73,18.09,76.57
RW,78.27,53.34,80.97,85.24,38.26,55.49,10.58,13.63,14.5,10.36,18.7,83.0
CAM,64.86,67.55,64.86,78.18,17.66,77.98,7.71,10.31,12.74,8.95,7.81,80.12
LW,75.31,50.16,53.66,85.54,38.82,54.66,13.57,10.49,10.09,6.37,9.82,77.81
LB,77.8,48.45,54.68,64.61,66.88,77.67,10.31,16.99,11.92,10.16,17.66,81.79
RB,58.16,39.08,61.45,46.85,52.07,80.38,13.62,9.11,7.46,11.53,18.44,73.79
CAM,71.31,65.53,80.25,98.28,56.37,65.38,6.66,14.41,15.11,12.19,8.93,90.36
RW,73.99,72.78,71.43,72.66,56.01,71.52,6.87,8.54,10.12,9.57,22.67,83.93
CB,47.4,31.46,72.74,51.25,82.31,74.55,13.68,9.98,13.18,17.41,5.09,82.3
LB,73.26,63.15,67.98,56.18,77.02,65.38,7.88,10.67,5.71,11.78,10.78,82.5
CM,68.75,54.1,55.92,66.44,38.52,67.01,6.94,10.41,11.94,1.88,14.19,74.61
CM,78.58,75.06,75.25,74.88,60.43,49.92,11.86,12.38,11.95,12.08,7.99,81.82
RB,69.77,46.98,70.39,56.32,57.15,76.68,10.73,16.26,12.3,8.22,13.55,79.39
CDM,93.86,53.03,64.17,89.36,76.86,60.5,17.21,14.1,10.59,17.22,5.45,82.14
LB,64.44,50.64,57.76,65.12,73.09,81.22,11.82,17.07,8.47,1.0,9.64,79.34
RB,80.87,43.34,63.72,81.61,76.63,65.49,14.58,12.32,9.19,10.62,17.57,83.45
GK,42.95,21.9,55.56,41.84,43.04,49.78,79.88,57.65,49.35,83.31,70.86,77.56
LW,75.51,85.38,58.32,75.41,43.2,73.42,17.79,9.78,5.72,2.21,5.93,84.63
LW,75.94,67.68,73.46,83.72,42.61,46.97,5.9,10.18,9.55,16.3,12.65,86.42
CB,68.8,20.34,56.49,60.43,70.35,78.57,9.4,16.91,9.97,8.83,7.12,80.87
GK,61.04,21.17,52.91,47.4,38.43,54.69,62.38,55.68,60.8,78.75,68.24,78.98
LB,62.84,36.51,66.85,60.48,76.39,44.74,12.94,13.21,17.16,13.37,10.04,77.07
LW,65.2,79.9,75.41,81.34,48.31,68.21,15.92,16.65,9.15,8.61,20.65,80.13
CM,66.3,74.4,73.15,81.89,63.55,73.92,17.47,11.01,9.81,8.08,12.95,82.03
CDM,63.6,51.01,59.3,68.22,68.89,88.84,8.61,13.2,6.7,11.38,14.09,82.33
RW,79.8,75.59,64.86,87.35,41.57,59.48,11.24,12.7,14.74,9.25,11.58,82.65
CM,59.13,49.35,57.18,56.2,64.27,57.52,11.33,12.83,12.83,12.46,11.93,74.04
RW,78.03,80.99,80.72,75.71,51.71,54.92,7.06,12.47,10.65,12.67,9.2,84.9
CM,43.67,68.31,74.06,78.69,57.29,52.59,12.42,15.14,10.24,1.91,19.69,78.47
LW,76.89,71.67,80.75,70.76,46.43,50.45,3.2,11.14,9.91,11.34,20.11,81.77
LB,54.7,51.03,63.44,57.76,65.77,85.2,17.81,6.8,9.76,5.85,11.21,78.62
CAM,79.66,75.47,70.72,77.18,52.64,58.34,6.64,6.97,8.42,16.63,11.34,84.89
LB,55.65,55.93,53.41,51.87,63.51,63.4,8.41,20.67,9.13,17.35,12.32,76.43
CM,62.2,52.67,83.67,62.82,52.95,87.4,8.64,17.89,9.7,16.15,7.85,79.79
RB,73.08,44.73,65.81,50.33,57.88,82.53,12.96,14.77,11.98,9.53,7.99,80.68
ST,86.38,93.77,65.07,71.78,30.78,73.91,16.98,8.06,12.13,11.55,12.25,87.68
GK,46.73,24.79,34.0,23.08,38.52,66.65,53.63,91.71,60.38,87.53,68.92,79.89
ST,67.88,72.67,55.02,72.27,32.99,73.43,1.0,17.21,17.07,17.79,13.91,80.02
RB,70.79,40.15,53.81,72.71,67.37,76.37,8.55,14.56,9.02,9.74,11.41,80.55
GK,47.19,20.73,41.41,34.11,28.06,58.13,68.89,62.86,64.36,73.23,86.1,82.05
CAM,68.22,78.01,70.48,81.08,43.87,60.77,10.65,13.66,10.66,11.73,14.07,82.27
ST,74.04,70.66,70.73,62.46,35.01,64.2,15.02,11.05,12.25,15.59,7.41,83.33
LB,93.49,50.1,79.98,60.92,64.69,83.81,12.97,19.49,12.13,14.93,10.29,85.5
CM,70.19,57.43,63.99,67.74,76.69,59.66,6.92,8.48,15.2,11.42,6.55,80.26
RB,71.12,38.3,69.15,54.04,65.49,75.79,13.57,10.43,10.29,16.23,13.93,77.98
CDM,46.15,66.25,58.04,55.44,96.49,72.26,20.19,8.28,12.7,5.62,7.1,81.28
LB,75.18,51.73,68.69,70.92,78.92,63.75,11.31,17.21,11.5,12.38,11.08,81.06
CDM,63.14,71.21,50.95,58.0,83.92,70.69,13.56,9.74,11.0,15.84,8.32,82.97
LW,83.46,54.82,51.38,71.0,50.28,69.49,8.73,8.76,7.65,13.69,3.1,79.06
CAM,73.34,68.34,77.77,63.62,59.95,73.45,12.16,10.24,10.58,3.88,12.57,80.72
ST,86.9,79.48,52.57,65.2,40.54,76.82,17.16,9.57,8.74,16.48,8.56,83.65
GK,49.54,29.15,57.96,28.13,40.77,73.66,87.35,84.87,60.9,76.44,80.99,83.43
ST,72.31,74.11,62.37,68.8,55.39,78.85,11.27,12.46,11.1,12.37,12.89,82.62
CB,65.22,43.43,54.03,44.09,62.52,68.25,12.94,5.4,21.96,21.43,7.14,75.94
RB,60.42,62.44,71.41,65.88,94.81,67.02,7.69,7.97,10.48,13.21,11.21,81.61
LB,65.93,44.34,64.97,78.26,80.31,78.06,14.71,13.49,10.3,8.05,14.41,81.81
RB,79.28,45.99,69.86,41.04,79.38,54.2,16.63,15.72,12.21,14.29,12.34,78.14
CAM,60.6,54.21,81.6,73.24,47.8,62.38,21.15,15.23,9.24,13.66,13.65,81.48
CAM,85.26,59.54,68.03,77.09,30.98,55.41,7.61,11.04,17.26,8.15,15.07,81.86
CDM,58.96,50.43,65.77,60.96,63.29,70.18,15.58,13.68,10.11,17.64,17.08,76.57
LW,84.64,67.17,70.42,76.72,36.46,56.94,13.83,15.21,9.33,13.72,9.48,83.27
ST,83.65,82.85,61.21,67.98,22.54,83.44,13.02,16.95,14.76,16.1,16.1,86.22
CDM,72.54,62.33,72.37,77.44,55.37,84.2,12.26,6.91,15.1,13.5,12.27,81.55
CB,55.78,45.51,63.63,45.78,64.67,60.49,24.41,17.98,15.35,19.87,10.03,76.47
ST,80.42,82.34,74.8,77.35,23.76,63.82,8.04,9.11,17.57,12.35,12.61,85.55
CAM,72.35,58.16,95.26,69.74,35.94,44.46,16.72,4.97,3.72,10.69,11.25,83.35
ST,77.54,81.17,56.27,73.23,27.37,67.15,12.5,16.73,12.48,18.2,11.73,80.88
CM,52.9,54.69,69.89,75.57,49.91,60.59,13.09,6.8,18.03,9.86,13.47,78.68
LB,72.37,41.14,64.44,57.48,83.64,64.86,9.82,19.05,8.15,6.24,17.61,82.46
CB,47.66,33.7,52.69,38.2,77.37,69.17,13.96,20.4,14.57,11.94,17.49,77.63
LB,64.61,39.2,57.44,72.16,66.16,62.74,13.71,5.05,10.23,14.89,13.39,76.81
LW,85.81,68.33,68.8,75.63,34.49,27.83,13.34,13.97,21.0,12.52,5.79,82.08
LW,75.68,82.77,67.7,79.97,41.79,54.54,17.75,11.31,11.13,9.23,20.14,84.09
RW,80.98,79.76,81.96,76.2,48.52,57.51,14.97,14.27,8.76,13.51,4.74,85.47
RB,67.53,43.82,69.67,58.58,78.46,55.03,10.04,5.88,10.78,9.34,12.55,77.45
GK,53.47,18.08,55.62,37.85,44.22,77.31,77.62,61.84,53.37,70.79,74.26,80.7
ST,70.61,95.31,65.75,76.04,37.25,68.12,9.77,9.55,7.36,16.31,11.22,83.75
CAM,81.21,65.12,66.48,90.0,67.55,49.68,10.29,12.41,10.01,13.8,5.63,83.84
CM,59.99,60.26,69.6,67.42,60.91,69.92,10.5,13.23,6.11,8.06,8.8,79.75
ST,62.64,80.4,68.43,69.7,50.74,71.64,16.55,11.18,15.29,6.78,11.68,80.98
CB,68.04,16.88,55.15,44.94,85.2,88.04,14.75,16.3,16.3,9.36,9.38,82.65
CM,72.74,64.2,71.46,54.09,58.3,47.4,9.33,5.13,7.18,10.3,20.52,75.57
CM,62.14,69.78,60.85,82.2,71.74,62.99,14.37,7.64,6.67,9.67,16.05,79.43
ST,78.67,83.38,74.32,74.96,45.41,68.27,11.89,8.83,8.69,7.64,7.17,88.3
GK,50.83,19.45,22.22,36.32,50.91,65.78,61.9,68.91,69.7,66.75,85.86,79.11
RB,61.34,57.75,65.96,75.07,56.99,58.39,14.83,12.02,12.72,10.9,14.66,77.95
CB,41.16,24.62,75.73,51.53,93.96,88.31,11.64,13.04,18.19,11.87,14.2,85.8
GK,37.56,11.26,38.73,34.33,49.19,68.1,73.33,74.59,70.93,63.11,64.95,78.91
ST,82.72,75.47,44.38,60.09,30.98,69.35,10.06,13.85,19.27,12.63,15.97,82.6
CDM,77.06,51.81,69.54,62.96,78.81,68.66,5.89,17.22,9.74,18.06,11.41,82.19
RW,90.24,82.66,43.21,87.42,34.28,65.9,8.62,15.37,13.24,11.99,8.69,83.0
ST,65.53,82.64,65.75,68.95,30.44,73.53,7.04,19.58,20.61,9.25,11.61,82.31
RW,95.07,82.69,80.14,86.69,31.61,74.58,13.13,13.15,13.06,15.63,14.48,90.23
RB,75.23,47.0,77.85,57.01,85.84,80.35,13.1,13.37,10.19,15.9,10.96,84.68
GK,44.5,35.03,56.2,20.52,42.77,45.89,50.51,77.23,66.06,53.87,80.72,75.39
LB,73.11,54.16,68.2,55.72,76.66,62.88,10.55,12.05,12.44,16.36,10.31,79.16
LW,88.92,73.32,56.71,77.96,53.59,72.09,14.5,5.6,13.14,9.16,9.32,85.19
CM,48.2,83.13,73.89,67.54,59.36,30.81,2.65,15.82,10.07,9.34,11.61,74.84
GK,43.45,19.19,38.05,40.85,31.51,73.39,97.58,75.01,84.91,76.16,80.73,87.65
LB,61.67,47.77,78.24,51.63,73.46,84.41,3.97,6.29,15.8,19.39,9.28,80.39
GK,38.46,29.52,37.53,30.58,47.96,58.99,69.87,70.75,50.63,80.7,74.56,79.4
RW,68.25,71.32,82.71,80.21,33.95,63.66,6.7,12.86,8.66,10.79,8.25,84.69
CM,61.86,52.68,58.48,60.78,50.58,80.4,5.54,10.15,8.43,19.51,15.43,76.05
CAM,79.51,63.49,82.51,74.68,11.09,66.51,12.11,3.15,13.02,15.88,14.37,82.65
CAM,80.72,70.42,78.47,68.0,58.57,70.86,13.03,11.52,6.7,13.74,9.46,83.81
CM,84.88,45.37,88.39,82.72,66.83,80.39,20.01,14.18,13.74,10.05,12.96,85.9
ST,99.0,72.16,60.6,71.51,40.21,70.09,15.36,8.87,12.32,5.87,13.67,86.01
LW,71.9,80.33,50.27,97.78,48.62,70.11,19.57,12.65,10.73,13.69,9.85,85.76
CM,60.84,80.51,78.7,80.81,65.72,81.0,11.49,8.11,20.65,14.99,7.63,85.51
CB,56.62,34.77,50.45,44.54,82.23,72.09,15.93,15.93,7.22,11.41,15.98,79.61
CM,73.82,64.55,93.35,80.3,64.05,50.42,7.46,16.19,14.68,9.75,10.3,84.04
CDM,79.28,41.73,71.89,60.91,60.43,67.45,14.57,10.68,11.58,20.16,12.75,77.28
ST,79.0,76.93,46.83,60.14,47.05,65.04,9.31,10.99,12.85,13.32,3.79,81.02
CDM,76.53,47.21,64.15,66.83,86.45,75.44,10.03,11.64,12.99,9.9,13.56,83.73
CB,62.62,37.62,54.65,52.67,89.47,64.11,12.58,17.76,22.96,11.22,11.88,79.33
GK,51.44,21.54,48.98,17.4,44.05,74.86,85.15,61.41,89.32,75.95,57.93,82.05
RW,81.5,81.33,72.07,73.21,52.75,54.84,12.46,14.96,4.04,8.93,6.36,85.32
CAM,77.81,79.08,65.44,75.42,41.88,65.83,14.22,17.0,17.37,11.47,12.01,81.14
CM,68.3,63.68,85.56,71.36,74.82,79.66,12.65,17.66,12.44,12.11,7.91,87.24
CAM,69.6,82.26,85.78,84.21,41.09,51.29,16.46,10.64,15.39,9.18,12.16,87.85
LB,72.52,44.19,66.83,70.54,63.28,54.06,17.76,6.97,10.08,8.06,13.76,77.96
RB,78.52,37.38,81.52,70.73,73.93,65.84,14.85,9.14,16.9,13.81,13.44,82.74
LB,77.39,63.14,72.53,61.14,53.05,79.31,4.01,17.3,13.46,11.04,9.74,82.17
RB,71.08,53.52,64.45,59.5,71.64,65.5,16.0,12.62,6.17,10.86,11.39,81.5
LB,76.02,46.75,51.68,54.06,74.58,56.73,9.64,14.07,11.9,13.05,8.23,77.29
CDM,53.42,44.43,72.45,60.31,55.51,57.86,5.25,8.88,6.67,18.24,12.39,75.83
CAM,82.28,56.72,65.32,84.74,40.03,56.51,12.34,6.63,11.31,15.46,11.04,81.61
CB,43.89,27.17,60.88,44.28,88.64,74.03,14.36,14.51,18.52,15.49,13.12,82.29
RB,78.58,31.11,61.15,78.63,73.02,78.89,14.26,7.14,12.96,11.52,15.91,82.08
ST,69.46,86.46,37.1,59.62,30.75,78.63,14.03,16.32,12.73,14.6,7.66,82.02
LW,88.15,51.58,58.56,83.91,48.49,74.01,8.07,16.31,16.86,12.17,3.32,83.23
CB,58.33,34.87,42.33,55.26,61.02,69.9,19.66,17.27,14.2,23.2,14.28,77.35
RW,80.73,69.71,71.02,76.95,27.24,65.09,20.28,1.18,9.21,16.63,15.06,83.34
CAM,74.02,75.08,87.58,76.46,51.16,55.12,10.64,14.24,7.69,14.26,11.31,83.77
ST,78.64,62.34,76.0,69.71,44.65,73.72,12.7,10.22,16.92,17.23,4.24,80.39
CAM,73.39,66.12,74.08,78.15,56.17,67.19,13.52,11.12,14.42,15.54,12.0,81.01
CM,51.77,54.2,75.18,67.2,65.66,65.79,15.4,14.27,7.99,6.83,13.06,75.16
RW,84.6,70.99,67.04,73.09,47.08,56.05,2.35,8.66,10.48,11.3,10.61,83.21
CAM,64.85,55.18,81.15,93.53,52.57,43.97,14.07,7.49,16.4,10.44,18.06,84.8
CDM,79.09,56.58,78.16,60.5,85.85,63.5,13.59,10.35,11.84,6.5,17.08,85.22
CAM,70.81,77.99,79.62,73.88,36.25,45.3,9.91,10.0,10.52,10.63,10.26,81.9
CAM,68.81,61.16,77.19,57.67,44.16,66.89,9.29,10.84,7.99,12.55,14.63,80.88
CAM,73.0,63.93,81.19,97.31,42.19,53.56,16.9,15.74,19.02,4.92,4.75,86.7
CB,49.16,51.47,45.59,26.64,79.02,67.1,10.4,16.56,10.25,14.38,20.12,79.28
CAM,59.08,36.24,83.17,76.88,41.15,68.11,10.68,13.8,11.43,10.65,14.51,79.65
RW,99.0,63.35,77.87,80.43,55.17,63.74,10.69,14.8,17.88,18.28,9.28,87.78
CM,83.9,52.01,64.88,64.87,68.71,79.47,17.24,13.33,3.37,12.33,11.99,78.5
ST,74.21,90.25,59.36,57.8,47.89,73.76,13.42,13.48,13.38,4.0,14.37,83.78
CB,56.51,36.39,50.17,31.89,57.7,54.04,6.16,20.17,14.71,14.36,8.69,69.3
CM,80.83,70.32,69.18,54.52,75.93,71.52,14.49,7.49,8.58,12.56,12.61,79.67
GK,41.72,20.31,23.48,27.9,29.34,61.59,84.19,61.4,64.68,66.58,76.91,76.95
CAM,79.54,80.29,75.82,65.73,30.19,66.06,9.72,10.67,5.45,17.64,7.21,83.61
RW,75.07,82.94,74.66,77.17,48.18,55.98,3.28,9.24,9.75,12.9,16.33,84.03
CB,56.79,42.24,46.31,53.42,69.85,69.52,14.05,26.05,16.25,21.59,20.02,80.4
RB,68.09,48.14,64.22,71.29,62.0,79.58,12.75,16.39,9.62,8.19,18.71,78.51
CDM,64.28,42.55,79.96,63.92,87.81,74.0,19.15,11.03,13.55,7.44,15.7,84.08
CDM,62.64,48.3,52.66,76.03,59.33,57.51,9.62,4.33,13.78,11.75,14.16,75.71
LW,90.0,82.4,70.95,80.46,36.84,47.64,13.96,4.57,13.13,22.13,16.02,85.4
CDM,68.96,53.7,63.71,62.36,74.65,83.86,14.06,18.55,3.04,17.46,17.05,80.84
LW,80.6,59.34,62.26,74.69,43.35,54.86,11.91,12.65,14.05,18.4,18.71,83.24
RW,69.18,57.87,71.62,70.5,41.09,75.63,11.68,12.35,8.87,9.54,11.32,78.75
RW,86.3,80.64,46.92,81.3,55.1,66.63,10.7,10.55,16.26,17.55,4.1,85.14
GK,51.43,3.44,37.72,32.27,36.2,67.95,58.68,62.31,69.12,80.88,71.78,79.07
ST,89.35,78.91,49.35,54.94,31.83,83.87,11.24,10.03,13.81,14.19,23.07,83.93
RB,69.46,43.89,53.72,61.24,76.2,68.47,13.35,13.98,12.86,10.7,16.38,79.58
LB,79.24,27.3,66.73,53.9,81.93,76.84,16.89,11.6,18.58,12.99,9.51,83.15
CB,58.42,37.21,53.43,53.59,97.16,66.02,15.26,21.54,7.21,8.11,21.49,83.24
ST,73.43,67.57,69.62,61.11,48.77,69.5,5.52,7.96,5.18,12.13,8.06,77.9
LW,87.4,63.44,47.8,72.35,20.94,60.65,8.99,13.0,13.21,19.58,9.4,82.16
LW,86.43,69.97,67.94,79.31,49.16,65.07,10.59,14.43,7.84,17.66,6.13,85.44
ST,70.87,79.02,56.56,60.98,24.85,61.24,11.61,11.29,15.34,19.71,4.59,81.36
CB,43.95,25.69,58.03,32.15,93.22,68.51,10.53,21.17,14.39,5.45,9.98,79.62
LB,81.17,44.24,66.01,71.34,83.31,66.66,15.46,6.85,6.13,18.35,11.45,86.67
GK,53.58,26.39,64.45,41.84,43.31,44.9,95.84,75.4,64.97,80.06,63.55,82.15
RW,84.74,63.37,63.62,72.29,46.48,45.6,16.33,12.37,13.24,20.8,8.61,80.95
RB,84.74,40.27,80.99,55.74,61.71,59.39,15.15,8.09,7.7,13.85,8.17,80.92
CB,47.47,32.29,55.14,58.66,82.97,64.33,5.66,17.18,14.77,8.15,24.52,79.22
CDM,70.11,50.07,54.87,72.07,56.09,55.78,8.43,9.21,11.26,16.2,16.08,74.18
GK,31.77,17.84,65.79,38.57,46.71,75.38,87.61,65.3,72.05,69.04,82.83,82.61
RW,88.04,54.14,71.9,77.05,36.69,51.95,11.82,17.17,14.87,8.68,21.08,80.9
CAM,76.86,57.3,85.7,86.34,69.16,57.41,12.28,14.74,11.99,8.09,10.54,86.18
GK,74.14,26.2,50.04,34.37,50.59,57.15,94.69,55.19,69.36,66.34,76.16,82.02
ST,70.14,69.12,49.91,63.02,38.45,68.75,17.4,9.83,10.58,8.9,8.44,80.6
CM,62.48,65.26,79.39,60.68,54.79,62.42,19.98,6.84,13.25,10.13,3.29,78.64
RW,87.42,71.77,71.69,93.43,17.11,53.39,12.64,12.07,6.35,8.43,19.49,86.57
ST,52.77,80.76,66.13,73.89,29.35,77.18,13.07,11.93,17.68,12.36,11.49,81.02
RB,85.41,47.92,40.18,69.53,72.93,60.89,10.98,7.92,12.34,12.8,15.5,81.28
RB,74.23,55.1,71.24,62.7,85.69,75.12,17.74,13.32,13.84,11.33,5.48,83.75
RB,74.62,53.94,58.15,49.56,59.6,72.74,13.6,8.89,19.8,6.09,10.38,77.26
RB,69.83,53.48,73.7,66.3,67.02,64.82,8.29,11.57,20.39,4.76,6.47,79.17
CDM,54.02,55.64,76.9,73.07,65.7,69.01,10.69,13.13,9.87,15.05,8.48,78.67
GK,24.27,21.12,54.6,34.11,26.11,55.64,57.81,64.99,59.21,67.63,69.46,75.51
CDM,68.84,29.98,72.3,64.57,88.76,77.04,8.09,6.81,7.58,10.79,17.57,84.27
CAM,73.23,62.25,82.56,65.78,36.33,62.97,9.35,14.76,15.29,8.97,17.12,80.25
ST,76.94,80.22,56.09,68.8,35.42,71.06,8.06,7.79,9.69,8.67,9.68,84.29
CB,63.64,29.89,59.3,45.55,61.72,72.59,11.25,11.96,17.89,10.62,11.3,79.35
LW,96.85,65.99,81.26,75.83,53.42,46.33,16.58,7.07,10.81,12.03,5.86,86.75
CB,44.48,34.86,61.16,46.05,59.25,81.67,16.05,18.68,7.3,22.17,15.96,75.45
GK,43.69,8.21,46.74,36.45,32.65,51.3,55.61,62.0,57.54,85.43,68.8,73.32
LB,72.78,51.46,70.82,62.98,92.15,59.48,14.77,4.23,6.23,8.93,21.65,83.12
CDM,93.16,37.13,76.3,65.42,69.43,74.03,10.8,9.69,11.53,11.1,11.23,81.85
ST,77.66,88.45,65.78,73.04,50.54,60.84,7.17,6.87,14.11,14.49,8.53,86.4
CM,66.89,64.46,81.42,72.3,68.3,68.35,11.21,14.49,14.77,11.18,15.37,82.64
RB,79.07,57.68,61.58,46.38,53.35,59.0,17.38,8.08,11.86,16.64,9.72,76.41
LB,54.25,56.77,68.74,56.83,73.42,78.17,16.79,11.06,10.89,18.07,11.35,81.34
LW,90.8,65.28,85.21,86.68,33.74,49.76,12.5,11.63,8.34,12.01,8.43,86.94
RB,83.31,52.62,77.82,38.88,52.58,59.05,11.68,8.78,7.05,13.18,17.11,77.71
LW,82.77,66.82,43.11,78.1,35.69,72.68,12.25,15.04,12.91,10.99,2.98,81.79
ST,67.08,63.48,72.63,65.19,27.64,60.17,17.13,9.16,10.79,16.03,5.31,79.09
GK,43.41,36.78,51.84,31.95,37.36,52.43,75.98,85.72,61.64,62.61,88.9,82.28
LB,53.83,39.43,65.97,53.36,78.57,83.0,19.89,14.66,12.2,11.92,7.28,81.16
CDM,80.59,48.91,67.31,62.83,66.74,65.75,8.71,19.02,10.04,5.56,19.78,81.53
CM,60.12,54.97,87.92,66.79,72.93,78.09,11.56,12.58,18.21,14.51,8.8,81.54
RB,65.85,46.59,68.99,73.8,54.1,75.52,8.9,14.44,16.23,13.19,11.31,79.64
GK,49.81,23.88,56.53,28.12,31.71,66.09,74.69,61.2,61.15,54.23,55.2,74.87
GK,36.54,39.94,50.91,26.38,31.95,64.14,62.63,80.82,63.05,49.62,85.02,79.63
LB,88.25,32.88,68.32,59.3,58.16,65.37,13.55,16.09,10.29,16.62,13.98,79.53
CM,82.54,55.61,81.12,66.25,45.93,70.44,11.56,10.72,13.22,8.81,14.47,81.25
CAM,90.42,80.24,73.92,68.22,49.29,48.06,7.28,5.83,9.62,17.64,14.85,82.69
CAM,77.83,51.87,65.77,78.79,40.11,52.45,10.84,16.04,11.25,20.72,15.19,81.31
RB,81.24,44.99,77.91,70.13,79.84,69.9,7.68,12.35,12.76,20.05,12.03,85.37
LW,81.93,71.84,73.07,79.51,34.52,63.32,15.65,11.5,22.7,11.47,15.39,86.44
LW,82.74,76.53,72.64,77.44,51.96,53.87,7.3,11.16,9.48,14.08,14.32,81.29
CB,60.65,38.06,80.94,67.22,99.0,72.82,9.92,18.22,16.7,8.56,5.97,83.95
GK,39.71,4.02,65.52,36.89,34.95,76.92,60.33,64.79,73.05,72.47,68.96,80.6
ST,89.39,73.21,67.98,63.27,47.56,69.96,11.5,10.2,11.16,13.47,7.83,83.2
CAM,70.67,72.43,76.89,80.62,46.48,57.71,7.67,8.19,16.64,14.11,8.67,85.38
CAM,78.97,65.92,71.33,91.5,37.72,37.77,11.41,9.56,16.68,5.51,15.67,84.8
RB,61.98,46.9,80.87,46.79,67.01,73.89,7.01,18.21,12.29,7.57,16.36,77.86
CM,63.05,53.68,58.36,71.13,80.36,60.34,12.55,8.25,14.7,14.17,17.4,77.97
GK,41.17,29.62,47.43,24.94,28.01,62.37,73.95,48.67,72.34,75.92,74.6,78.28
ST,61.26,67.01,62.3,82.83,41.89,69.21,7.97,14.45,11.17,10.38,13.79,82.81
ST,71.68,88.56,47.34,86.26,24.86,75.2,13.15,17.68,8.49,12.92,15.19,84.6
CB,59.33,37.36,54.91,44.57,83.8,65.29,20.53,15.42,10.04,6.93,7.72,80.41
LB,82.13,48.78,68.86,72.22,73.83,58.23,17.64,5.37,5.18,13.42,7.81,82.9
RW,78.09,74.01,77.18,74.65,39.89,64.66,10.22,5.2,13.9,13.64,6.49,82.99
CDM,65.17,50.82,75.48,63.35,77.89,73.56,15.59,6.99,11.07,10.47,21.57,82.5
RW,78.47,70.57,63.62,77.04,47.5,48.59,13.19,9.86,7.1,13.95,2.3,78.18
ST,65.98,88.53,59.98,84.54,21.0,75.29,14.87,15.75,13.11,13.97,15.74,84.94
CDM,54.73,33.85,80.45,64.43,91.7,65.12,14.77,18.9,12.05,9.66,9.85,83.11
CAM,70.53,72.41,78.54,82.89,35.56,41.16,11.92,9.86,13.59,16.94,12.37,82.61
CM,78.71,50.06,87.24,70.97,57.77,57.67,9.21,14.16,9.44,15.0,6.57,82.59
RB,66.05,46.86,54.14,69.75,58.77,65.58,16.14,14.61,9.46,15.88,7.86,75.22
RW,79.23,63.88,85.09,77.47,35.43,65.19,7.01,13.03,6.71,10.58,20.08,84.14
ST,73.11,63.94,48.37,91.03,39.95,71.89,11.23,10.47,7.08,15.91,14.07,82.06
CB,74.71,31.23,57.64,51.62,88.23,81.67,13.43,13.95,17.31,14.13,17.99,86.19
LW,63.45,60.27,52.3,92.34,36.73,61.86,2.79,20.58,18.03,10.05,14.02,81.76
RW,83.95,83.03,73.59,74.18,43.28,69.5,13.22,10.63,11.5,11.52,14.07,82.11
CM,67.98,55.82,66.55,56.67,46.63,48.11,9.6,17.41,6.35,20.78,11.4,75.53
ST,87.04,90.91,40.7,63.38,23.96,61.64,20.13,13.81,7.07,15.16,7.09,83.87
RW,76.4,68.09,53.54,95.36,38.99,55.69,10.54,11.5,14.78,20.25,13.37,83.17
CM,75.47,65.25,66.47,55.56,65.14,59.21,13.24,10.81,18.65,10.26,14.46,79.68
CM,67.4,49.3,71.61,66.74,57.12,53.72,9.75,13.58,14.63,14.33,11.27,78.37
LW,80.87,67.47,65.29,86.32,49.56,56.98,17.25,13.02,9.36,22.37,11.66,83.02
RB,54.66,51.56,69.76,59.3,63.96,64.67,7.9,11.51,12.25,9.9,7.27,77.08
LW,71.49,60.14,72.5,81.71,55.98,73.87,11.17,11.1,11.04,12.44,11.37,84.04
LW,98.12,87.65,70.62,77.25,21.24,49.05,12.9,8.59,8.32,14.01,13.47,86.99
CDM,74.48,65.3,62.15,74.74,65.64,62.69,7.88,14.16,8.64,17.07,13.03,79.67
CDM,67.56,38.42,70.26,74.13,61.44,96.99,12.18,8.65,4.92,15.02,9.56,86.04
GK,35.95,7.8,62.42,27.46,53.43,73.38,79.5,85.36,63.58,93.8,59.76,82.89
ST,71.59,86.43,53.61,71.39,42.75,68.49,18.18,16.34,2.12,7.94,11.0,82.66
CAM,78.45,49.96,77.83,81.09,50.74,58.06,19.62,10.82,8.86,11.74,13.81,80.94
RW,88.23,58.58,68.9,81.25,41.19,54.41,15.81,7.48,10.42,12.26,10.42,82.27
ST,77.02,71.89,44.82,59.39,36.14,61.13,10.91,11.32,13.38,19.39,10.66,77.6
ST,78.17,94.04,64.08,79.7,24.0,52.16,15.92,16.87,9.97,18.88,18.77,82.18
GK,43.2,20.03,60.08,23.42,28.69,52.68,63.96,69.06,75.04,76.22,76.63,79.5
ST,76.0,76.35,44.88,75.84,46.05,75.48,13.32,11.56,2.8,11.47,7.42,80.27
RB,74.36,32.63,76.93,58.73,58.92,72.5,16.2,13.08,9.43,9.61,9.5,78.99
RB,63.25,23.29,66.54,71.78,54.86,51.2,9.05,6.43,12.18,20.94,11.88,75.4
CM,54.36,70.15,70.8,66.94,46.84,54.19,13.83,11.82,13.18,11.53,3.06,74.69
RW,83.31,63.26,75.5,89.12,36.18,64.42,10.61,12.66,12.01,11.57,16.62,84.3
ST,84.82,82.42,66.96,67.22,42.49,61.61,19.84,11.71,15.27,13.34,10.43,83.87
RB,63.78,36.13,75.18,66.92,74.9,72.86,8.66,14.22,10.53,15.21,10.45,81.04
RB,85.54,57.69,68.53,59.02,71.16,64.06,3.3,9.69,7.18,6.48,13.55,82.75
ST,68.67,84.46,62.67,71.68,25.07,83.56,6.54,13.19,7.29,4.68,18.15,83.93
CM,64.89,73.12,67.04,62.3,63.23,58.73,10.85,3.39,9.92,8.37,8.87,79.41
CAM,85.18,56.63,72.34,76.28,33.65,78.21,15.73,14.06,14.37,6.73,8.22,83.65
LW,84.18,63.36,68.19,78.74,35.62,61.69,9.63,5.44,18.04,16.08,11.0,81.91
LW,76.2,79.14,50.22,70.0,53.85,57.82,15.95,8.34,8.97,14.63,17.87,80.85
GK,54.32,9.07,74.57,37.79,66.13,59.0,63.36,70.11,53.49,87.35,50.22,78.26
RB,67.51,48.72,88.64,46.13,65.22,60.15,20.19,13.24,8.34,6.51,15.55,78.23
LB,68.43,35.16,60.05,44.28,79.38,50.79,8.14,11.61,12.39,8.29,15.86,78.11
LB,77.13,43.28,64.91,57.44,77.97,64.91,14.63,11.98,9.02,11.72,8.45,81.59
RB,67.22,49.54,77.03,46.94,56.18,61.41,15.26,7.92,10.55,3.12,12.91,79.75
CDM,73.13,46.43,58.97,57.6,81.57,75.89,10.65,8.27,18.04,10.07,13.95,82.97
CDM,42.13,51.67,67.02,43.91,80.53,72.42,10.32,17.53,16.46,12.77,16.7,81.85
RB,80.54,66.62,79.79,73.24,69.25,73.16,20.28,13.1,14.92,17.95,4.1,84.8
LB,73.77,27.24,50.94,56.68,52.01,68.11,5.44,13.84,6.87,12.4,7.47,73.97
RB,62.69,43.81,70.81,53.62,74.71,61.84,4.98,17.33,9.64,14.96,10.35,76.53
CM,58.85,69.4,74.45,80.22,77.02,66.42,13.07,13.64,13.83,9.46,13.74,81.26
GK,28.25,35.34,52.73,40.29,29.53,75.87,77.6,79.39,70.14,77.7,71.51,83.53
CM,79.95,30.55,74.42,70.29,66.11,62.45,16.81,13.07,9.6,14.84,11.85,81.51
ST,81.23,62.85,63.63,77.19,34.92,77.95,12.62,19.61,14.19,16.4,12.77,86.0
RB,53.11,38.83,40.93,68.54,71.8,70.65,18.23,12.69,10.28,13.19,14.56,73.33
LB,79.11,29.93,51.39,36.39,87.45,61.94,11.01,13.33,15.37,6.37,12.18,78.51
CM,79.86,69.48,61.43,82.8,62.74,68.56,11.42,16.67,15.71,12.7,18.5,82.73
CM,54.87,67.0,72.47,71.89,41.4,61.83,22.35,6.61,18.13,6.36,8.04,79.41
CM,53.45,43.41,75.93,93.45,45.84,58.05,7.26,13.59,12.39,9.17,3.74,79.76
CM,63.2,70.98,70.5,55.42,67.56,77.27,12.0,11.43,9.88,10.97,13.84,78.6
ST,65.96,65.1,51.75,52.27,44.81,69.74,8.57,16.79,16.33,13.97,16.44,76.99
CAM,57.76,81.88,77.67,77.21,53.93,42.64,6.47,11.49,4.87,12.38,12.91,82.14
RB,83.68,53.12,81.23,79.11,72.3,65.53,18.14,7.44,9.17,15.39,17.58,85.18
GK,40.94,14.47,52.03,38.48,33.07,68.42,79.29,67.95,60.92,76.19,80.03,81.9
CB,69.93,30.52,57.11,49.45,63.8,87.51,12.04,17.93,10.84,11.45,13.36,82.96
LB,68.68,37.4,76.43,57.06,65.67,66.16,21.74,13.83,10.28,5.28,9.09,80.47
RB,85.75,42.93,61.94,54.77,78.2,63.65,14.14,14.16,9.68,17.33,15.61,79.88
LB,73.93,38.7,65.83,64.86,62.93,50.15,10.23,15.49,6.57,10.68,11.75,76.32
GK,62.32,23.74,46.52,43.69,40.61,49.24,68.12,74.44,39.84,72.28,78.84,76.11
ST,74.88,76.28,49.38,55.27,23.77,65.06,11.91,9.93,9.7,13.7,9.55,79.98
CDM,60.32,55.77,74.92,56.53,74.87,77.61,6.44,13.29,13.01,15.82,15.8,81.47
CAM,77.36,65.56,78.95,97.89,28.67,45.49,6.84,6.72,16.5,8.89,15.37,86.67
GK,54.36,24.82,38.96,39.14,60.11,55.34,72.54,62.53,50.9,84.85,74.88,77.13
GK,44.51,14.19,43.26,51.22,35.06,61.24,69.23,67.45,63.17,79.33,68.42,79.42
CM,63.13,46.53,76.39,60.81,50.79,65.49,11.97,11.19,10.29,14.31,15.61,77.18
CAM,81.44,69.2,80.37,85.88,52.75,49.53,17.02,12.91,11.32,4.8,10.88,79.65
LW,93.63,65.69,64.48,89.18,55.62,50.3,16.54,7.51,18.91,18.81,9.36,86.51
GK,34.47,30.8,25.19,20.63,33.07,64.09,78.68,41.12,66.0,58.39,90.84,76.88
LW,79.23,51.2,61.77,86.37,28.4,62.93,7.0,19.41,16.23,6.97,10.87,81.87
CDM,55.25,73.51,65.31,72.5,73.75,75.9,10.0,12.02,22.9,7.06,17.04,81.76
LB,62.66,54.55,72.82,64.05,68.45,53.53,12.39,6.6,15.43,1.98,18.56,78.85
CB,50.96,35.4,56.52,38.47,69.55,82.02,10.7,16.7,6.99,9.89,14.5,81.62
LW,87.81,66.91,68.56,84.26,39.74,68.09,9.75,13.79,9.43,13.7,16.45,85.95
CDM,80.09,54.85,70.76,65.08,81.72,69.75,11.31,17.89,7.44,7.58,9.98,83.14
GK,31.74,27.61,45.11,17.79,47.8,70.07,72.32,77.35,69.31,66.83,79.14,76.51
LW,89.26,79.4,74.14,75.6,34.24,51.73,11.22,10.87,9.97,9.94,12.62,87.53
CB,48.15,53.73,56.74,38.5,96.2,76.21,19.04,20.85,6.73,13.63,12.92,85.15
CB,62.54,41.91,60.39,31.42,69.03,65.05,18.59,12.71,17.45,11.2,16.04,78.6
CAM,76.58,75.29,79.4,70.99,42.45,61.18,8.89,9.69,8.22,20.11,15.66,82.76
RW,74.69,83.59,63.06,77.9,22.91,67.03,13.65,7.1,7.78,13.01,12.08,81.72
CB,59.36,41.8,54.1,43.13,78.55,75.53,5.66,13.16,11.5,12.14,12.42,81.38
GK,58.06,28.53,36.8,23.99,59.21,75.33,62.14,63.03,79.25,90.76,63.64,80.51
RW,85.14,66.83,63.2,82.74,40.39,48.71,11.66,10.78,10.64,12.68,11.16,84.87
CDM,67.87,61.81,66.43,65.06,85.35,74.96,17.72,8.11,10.24,17.92,15.31,83.8
CDM,64.69,29.6,55.96,60.51,71.59,41.5,12.41,10.08,9.95,13.92,6.53,73.61
RW,82.91,85.4,72.43,75.71,41.49,66.91,8.28,16.03,16.72,12.41,16.55,84.33
GK,56.91,22.48,53.64,27.03,32.53,67.65,64.57,69.22,61.84,72.21,66.16,80.02
LW,79.35,70.59,68.9,95.23,49.41,48.27,10.62,10.68,15.3,10.02,13.0,85.11
ST,68.57,80.97,51.13,67.83,54.4,80.12,9.88,5.1,18.1,9.96,12.84,84.49
GK,43.69,31.32,41.32,29.09,27.82,74.78,69.25,73.86,71.82,92.05,59.05,80.83
GK,43.97,20.79,58.24,44.12,22.2,58.51,61.69,64.58,70.55,79.37,90.48,82.84
LB,98.41,48.56,77.48,79.08,75.63,70.54,7.66,12.59,15.21,17.28,14.53,86.25
CB,52.64,50.11,43.87,50.53,58.1,68.24,22.82,22.05,5.9,21.15,21.16,77.19
LW,77.72,66.04,69.41,67.26,40.28,52.66,9.25,13.76,13.71,11.45,16.04,82.22
GK,31.32,18.33,56.13,34.87,58.11,75.87,69.07,98.89,58.0,70.85,72.21,83.15
CDM,68.66,33.16,62.79,63.59,79.86,68.08,13.61,7.92,12.19,14.94,9.31,78.89
LW,78.81,61.28,82.45,81.74,53.18,64.23,6.52,14.2,1.51,11.85,6.2,85.26
RB,66.43,45.89,66.24,53.75,79.06,59.74,5.44,13.2,18.5,7.08,7.95,77.39
GK,37.78,35.83,65.37,32.39,42.16,72.68,84.9,65.17,52.02,75.2,80.6,82.71
RB,74.66,47.93,54.52,70.72,72.6,72.48,10.2,5.08,15.07,16.09,9.15,79.69
RW,89.9,66.43,69.44,80.44,26.55,75.16,9.5,9.62,13.81,9.5,11.21,82.8
CDM,64.47,68.33,81.85,68.21,73.56,75.1,11.11,15.87,5.72,11.74,14.01,84.73
LW,79.91,79.7,48.51,75.88,17.48,54.67,19.84,11.69,18.55,10.72,18.34,81.93
GK,47.38,23.88,47.28,33.98,42.96,71.24,86.37,61.58,72.14,94.9,68.42,82.26
CDM,58.57,39.19,83.58,71.81,77.8,99.0,12.69,6.63,11.31,7.6,2.62,88.34
GK,42.76,21.23,49.56,44.38,38.93,64.76,88.7,70.51,83.85,42.8,81.18,81.56
CB,63.91,33.49,47.99,29.13,90.53,62.15,13.84,14.95,17.41,13.24,12.79,80.44
LB,59.73,42.25,60.53,69.4,57.32,76.87,16.77,10.83,11.52,13.98,10.73,78.1
CAM,64.7,72.34,70.39,72.49,46.74,61.1,4.13,19.72,6.6,15.97,11.36,82.36
CDM,51.21,55.05,77.4,39.59,85.77,61.48,11.27,7.75,12.4,7.97,12.24,79.62
CB,53.54,43.44,73.76,41.45,73.89,58.34,10.57,16.21,16.81,17.81,23.51,76.77
RW,73.28,67.2,85.24,85.86,45.75,35.74,13.92,10.95,19.63,3.38,9.45,82.4
GK,36.67,23.05,42.75,30.88,24.87,62.73,57.46,84.74,65.41,79.89,69.23,77.55
RW,78.6,72.7,67.68,73.93,50.51,67.35,12.63,9.87,7.59,16.4,11.6,81.17
CB,54.99,25.14,73.61,52.85,85.7,76.46,12.37,19.72,13.05,16.73,11.19,83.26
CAM,48.82,72.47,86.52,80.67,46.28,62.31,14.92,13.71,5.24,15.85,16.81,86.4
LB,61.02,39.4,88.43,49.01,73.0,55.2,5.88,10.91,8.92,9.18,7.52,80.92
GK,44.95,14.68,64.85,22.1,35.85,66.93,84.27,58.32,43.55,84.87,64.4,77.25
CM,77.41,69.23,78.86,57.28,73.77,74.02,14.06,8.83,19.18,10.66,11.92,80.09
GK,53.21,20.82,47.96,40.82,40.81,73.21,65.16,53.25,58.46,73.28,56.44,75.39
LW,84.14,70.2,63.38,93.95,37.44,65.52,10.98,14.75,13.37,9.28,12.94,83.1
RW,80.8,62.31,66.2,72.77,35.31,66.6,19.6,14.34,10.94,8.58,13.18,80.54
ST,71.34,83.09,59.2,70.6,25.69,72.91,11.95,7.08,19.0,4.05,6.31,82.61
CDM,73.49,43.18,81.84,60.85,76.15,61.83,17.39,8.85,17.93,10.79,17.62,85.14
CM,69.57,62.38,77.26,75.95,51.44,74.98,9.95,12.39,9.98,11.25,14.97,82.89
RW,76.84,67.54,71.95,88.86,44.67,65.54,12.62,10.78,18.99,13.72,13.72,85.01
CB,52.58,44.19,51.56,15.98,80.31,73.0,14.48,22.08,10.47,2.4,9.46,77.57
CB,69.26,44.01,49.07,40.36,65.92,69.22,1.0,10.49,13.29,16.74,17.82,78.93
LB,76.96,48.0,64.04,57.86,81.46,74.88,12.59,13.45,10.84,20.08,5.59,80.72
RW,85.63,53.6,77.43,73.31,35.39,52.59,15.32,7.78,5.0,13.96,4.06,82.6
CAM,74.21,58.6,92.69,76.82,63.68,54.75,12.91,11.88,9.91,12.49,12.9,83.89
CDM,62.24,46.45,62.63,35.57,63.22,78.13,17.35,7.0,14.42,7.03,10.44,78.04
RB,89.29,33.05,52.98,74.0,86.24,63.8,10.64,7.89,11.41,15.34,12.38,84.15
GK,53.28,16.98,55.65,37.36,42.96,63.07,84.96,82.64,65.68,74.92,70.71,83.85
LW,61.39,48.67,66.35,90.13,37.22,65.13,8.07,20.7,16.73,18.73,12.84,77.45
ST,69.83,67.04,53.64,81.03,23.27,71.76,13.46,9.79,8.8,10.81,16.05,80.36
GK,30.54,25.57,47.6,36.63,39.99,59.08,81.57,64.9,72.02,65.67,79.75,82.82
CB,71.89,12.45,59.51,24.07,70.13,71.92,16.02,14.04,16.29,1.0,7.88,78.82
CM,61.71,69.97,78.98,64.69,57.21,73.73,17.87,12.5,14.01,6.47,18.71,76.39
CAM,81.88,58.35,81.25,70.92,21.44,63.04,18.18,8.73,17.93,10.31,3.07,82.76
RB,77.98,50.85,62.93,70.39,50.89,73.65,12.56,15.57,11.95,19.23,17.13,79.97
CAM,77.05,58.74,83.96,78.59,36.93,56.65,9.11,5.84,14.25,21.65,16.32,84.13
ST,74.99,86.27,52.97,72.37,36.35,72.36,12.09,9.33,11.4,9.29,9.35,85.99
RB,67.72,39.24,69.71,81.3,54.86,67.41,15.58,15.3,15.54,19.39,15.95,77.35
CAM,77.3,61.01,64.87,79.56,57.27,53.98,14.09,11.8,2.7,19.54,13.44,82.88
CAM,74.43,89.22,68.85,78.13,30.39,46.21,14.61,15.51,11.71,16.03,8.09,82.28
CAM,73.72,59.34,60.8,87.65,43.61,55.9,15.16,14.08,9.41,10.2,6.96,82.29
ST,57.19,70.76,68.14,73.33,39.58,62.95,14.16,3.17,6.74,17.95,11.99,78.39
RB,79.38,62.19,54.02,63.58,67.92,63.65,8.89,11.54,14.84,13.6,14.17,78.07
RB,78.57,33.13,85.93,52.04,64.7,76.61,14.55,8.06,13.53,18.46,11.87,81.08
LB,70.95,57.63,68.71,71.9,78.62,66.06,7.31,6.46,20.07,14.53,9.26,84.84
RW,74.57,67.14,68.34,76.67,54.93,61.94,7.5,19.05,11.73,10.45,9.92,81.79
ST,78.69,81.23,42.42,79.64,38.95,85.78,8.59,5.42,16.4,6.06,14.42,84.88
ST,83.84,80.44,65.63,90.43,47.07,73.28,15.19,9.33,5.82,9.92,13.43,88.21
RW,85.58,56.07,67.27,69.1,48.09,77.34,9.54,2.22,4.8,13.95,12.86,81.11
CAM,65.36,50.33,91.98,72.09,54.84,62.64,9.37,19.96,15.19,14.67,5.83,79.66
RB,63.16,54.57,69.94,76.5,58.19,69.26,10.34,5.39,14.48,9.46,12.22,79.05
CDM,55.91,30.92,77.29,58.87,75.44,70.51,9.85,11.66,10.77,12.67,14.26,79.38
LW,83.29,63.17,70.41,77.06,38.01,68.04,13.17,11.38,13.45,10.32,10.43,82.46
RW,72.95,83.18,63.09,71.64,34.29,74.27,7.8,11.83,14.7,10.78,11.83,84.4
CDM,56.16,44.52,69.4,72.63,84.6,77.38,13.58,14.09,21.64,9.55,15.49,82.89
RB,70.4,51.55,48.15,68.79,68.2,66.58,13.07,12.15,11.18,12.81,11.91,77.95
CB,50.42,29.77,66.51,42.45,81.16,70.5,13.99,16.88,12.05,14.45,5.85,79.07
LW,81.47,70.22,65.76,77.59,38.52,89.53,2.97,11.45,15.69,11.33,5.06,84.15
RB,73.76,68.18,63.86,57.39,84.29,69.75,20.13,7.32,13.68,17.35,13.97,83.25
CM,62.27,44.12,76.91,85.5,55.21,69.11,16.74,10.15,18.96,9.26,7.16,78.91
CB,80.2,47.59,62.06,44.05,70.81,88.63,13.05,15.16,10.25,7.43,9.33,84.3
CAM,67.83,52.36,84.59,84.99,46.06,61.47,18.74,14.17,19.31,13.73,13.48,85.05
LW,88.91,79.43,70.54,79.77,62.59,58.96,10.6,7.03,6.7,20.17,10.11,88.49
GK,49.97,14.8,34.07,35.9,35.38,64.83,81.48,69.2,81.58,77.81,67.95,83.1
RB,82.34,50.17,67.4,75.76,69.12,66.45,9.77,16.17,13.05,18.63,6.14,81.72
LB,76.94,15.72,52.88,75.85,74.83,63.64,8.03,6.49,8.71,12.03,12.55,81.54
RW,76.11,77.94,59.86,82.08,37.88,59.5,1.0,18.38,5.04,9.69,14.03,83.8
ST,68.06,73.63,46.18,68.97,38.9,55.84,6.26,9.78,11.33,17.34,9.53,77.16
RW,80.32,53.32,77.54,70.49,43.62,64.78,5.75,9.77,15.2,8.41,10.89,82.13
ST,65.06,71.5,56.85,74.63,45.39,72.18,10.06,12.44,13.99,13.9,3.53,80.64
LW,79.41,69.15,64.39,82.46,24.01,57.3,13.66,11.47,11.88,5.87,7.67,84.3
CDM,56.61,52.51,58.19,51.17,84.89,67.25,11.96,11.53,15.32,16.47,13.43,78.9
CAM,68.68,84.93,90.79,85.93,50.46,40.33,13.67,14.85,10.42,9.83,9.71,87.4
CDM,63.95,57.55,43.55,47.51,90.38,65.7,11.87,6.97,12.26,6.04,17.78,81.19
GK,41.91,21.12,46.46,36.7,48.91,58.15,88.85,76.62,69.56,77.72,79.62,82.35
CAM,61.9,72.63,54.45,92.74,52.19,59.48,9.76,6.77,8.72,14.27,12.7,81.99
RW,73.99,86.91,60.56,92.66,30.95,55.95,12.38,10.86,11.59,13.32,9.24,83.68
RW,63.58,73.61,50.93,66.98,36.13,73.62,18.86,10.86,6.83,11.63,15.55,78.25
LB,63.07,43.13,66.85,72.19,66.61,85.38,9.98,13.09,14.05,14.06,14.46,79.47
LW,82.02,61.6,77.22,83.82,45.05,49.35,12.64,16.57,8.01,9.19,15.94,85.76
RB,57.63,54.08,66.62,57.21,74.14,67.88,14.57,16.08,16.8,4.52,19.73,81.73
ST,93.19,71.16,59.0,62.66,37.02,61.31,14.68,7.47,13.23,10.89,10.91,82.82
CDM,47.33,58.69,75.17,44.44,78.59,69.07,11.26,11.48,8.76,15.72,15.16,78.13
CAM,82.07,84.45,90.4,73.74,37.46,59.5,6.35,18.23,5.97,12.04,10.75,87.88
CB,54.17,47.04,52.4,43.45,61.12,74.57,13.65,7.08,25.25,21.74,11.48,76.05
RB,66.04,33.73,71.36,53.69,74.47,67.93,13.8,14.64,5.76,14.74,16.22,79.85
LW,96.8,65.35,52.57,85.3,44.48,67.31,13.98,9.61,15.42,7.61,9.68,84.86
RB,58.96,60.73,65.37,68.17,81.54,52.49,8.0,14.17,16.94,20.57,12.11,80.15
LB,82.61,34.71,80.72,64.16,76.77,74.64,13.44,14.09,10.17,13.72,17.0,83.59
CDM,68.08,40.46,70.43,57.98,61.42,70.98,14.38,13.28,11.94,16.44,16.25,79.4
CAM,78.77,48.06,80.43,77.61,34.94,68.66,10.96,14.07,19.37,6.06,12.83,83.02
CB,75.11,46.87,62.48,45.4,65.25,68.87,20.39,7.98,13.92,4.65,8.05,79.14
CM,73.29,70.01,69.39,54.14,94.77,61.55,17.41,11.63,16.43,11.81,5.93,80.39
LB,75.85,45.77,58.06,45.64,72.84,71.13,5.71,15.43,9.43,10.75,10.57,80.08
LB,75.12,35.48,48.96,68.01,60.76,64.91,10.99,17.56,15.45,17.22,15.1,77.85
GK,47.34,24.69,46.24,34.65,39.5,62.39,66.16,57.36,75.28,56.88,49.7,76.16
LB,67.75,43.25,63.81,80.54,72.72,61.63,17.3,14.46,11.77,6.95,15.21,82.34
CM,68.28,56.93,78.17,55.11,42.57,51.87,16.3,12.2,15.27,17.49,15.06,76.21
CAM,63.61,77.11,92.67,71.16,64.86,79.99,14.42,5.95,7.7,8.45,12.25,88.42
LB,67.9,54.75,69.63,76.51,69.34,57.12,11.18,19.42,9.7,13.69,20.69,77.49
LW,75.3,73.83,53.3,78.13,53.3,55.11,2.77,12.24,11.3,15.63,10.19,79.34
ST,74.89,74.05,48.23,59.07,43.15,71.8,16.72,12.86,12.61,15.97,17.3,81.52
ST,63.27,84.88,48.92,73.65,30.57,74.69,10.27,13.02,14.28,13.3,15.0,82.22
LW,88.75,64.98,62.58,79.95,35.79,63.15,7.56,16.15,16.67,13.61,16.34,85.17
LB,76.16,42.73,70.75,74.49,56.78,60.84,12.46,18.11,12.88,13.85,14.53,80.91
CAM,75.72,67.45,87.74,89.1,49.62,69.11,9.37,14.46,13.37,12.38,8.56,87.2
GK,38.01,12.98,58.77,27.06,40.61,72.7,52.26,68.04,82.81,61.04,74.34,78.96
LW,82.7,91.93,56.52,87.49,31.99,50.23,14.97,13.54,12.39,13.74,19.64,91.0
LW,64.42,73.68,51.44,75.51,47.12,71.65,1.0,14.81,7.73,13.11,14.99,79.24
CM,64.2,61.06,74.46,61.2,61.44,58.95,11.23,11.89,14.28,10.8,7.16,79.16
LW,88.61,84.31,47.33,79.04,36.02,61.07,11.29,3.09,10.35,9.89,17.04,84.85
RB,81.04,40.13,32.23,58.64,56.2,38.66,18.02,15.84,7.68,10.58,15.0,74.09
LB,57.58,62.23,76.19,48.9,62.5,51.47,13.52,8.36,11.36,13.06,13.26,74.72
RB,76.43,51.74,75.35,75.92,82.47,55.39,11.76,9.04,9.68,9.46,12.08,82.54
LW,84.67,74.05,78.27,84.13,37.17,59.24,18.61,17.83,12.33,6.99,11.13,83.81
CAM,49.94,79.52,68.99,83.08,53.83,59.34,11.55,14.33,12.33,15.4,11.82,80.71
CAM,83.42,62.01,88.43,86.12,27.53,69.54,12.83,15.39,12.12,16.05,12.1,84.78
RB,80.16,48.3,68.37,60.68,86.12,65.46,7.3,10.41,11.05,14.89,13.91,82.42
GK,30.23,19.15,52.9,21.58,64.04,65.27,69.38,69.44,54.14,93.78,63.21,77.22
CDM,66.68,38.69,59.69,68.25,93.6,91.89,9.07,9.43,6.99,2.98,4.73,86.14
GK,64.51,25.82,48.95,21.79,43.41,60.05,94.35,69.27,51.21,72.15,90.34,79.74
RB,72.7,51.18,61.6,54.41,65.37,49.21,9.31,15.92,12.87,12.47,9.99,74.92
RW,89.97,71.88,60.53,62.4,29.82,53.42,14.17,11.69,11.45,9.02,15.39,79.78
CM,66.32,47.76,76.98,74.74,54.97,49.97,12.58,8.74,16.71,13.22,6.71,77.68
GK,49.68,28.33,39.55,22.54,53.9,64.24,83.86,73.92,67.88,74.0,74.87,81.69
LW,88.71,80.29,57.38,89.06,27.46,66.39,15.48,14.78,14.84,13.97,11.74,85.68
CB,76.22,48.0,66.89,31.55,84.44,91.52,16.65,13.52,17.83,18.98,18.41,87.76
GK,63.37,26.13,31.92,38.51,30.55,58.3,58.15,79.9,71.51,59.47,82.6,77.11
ST,87.46,75.91,71.67,79.7,24.76,84.11,13.46,15.36,15.4,8.7,11.2,86.13
GK,43.47,14.14,46.22,41.24,53.7,48.31,72.38,56.64,69.88,55.44,65.48,78.01
ST,87.7,63.87,37.91,58.52,42.59,68.64,12.65,14.72,8.3,9.09,17.76,78.03
RB,65.42,53.62,62.46,57.19,74.45,63.13,6.5,9.96,12.5,11.43,17.17,78.04
CDM,55.51,55.07,46.33,50.94,60.09,78.67,11.72,22.68,9.22,12.35,6.11,76.31
RW,83.17,65.75,57.17,78.07,31.58,71.06,12.65,13.43,11.92,5.71,14.37,83.5
CAM,73.17,78.36,79.52,86.58,41.93,49.52,12.83,19.68,12.84,15.53,12.58,83.69
CDM,63.92,66.91,56.57,79.12,81.56,79.89,16.82,11.43,13.31,12.32,17.24,83.57
RW,86.98,63.75,69.37,97.93,47.55,52.21,11.15,15.14,14.05,12.76,14.02,85.18
RW,70.04,81.38,63.99,69.54,21.62,80.56,9.46,14.76,15.26,10.86,9.85,81.69
ST,86.36,77.89,55.43,75.5,32.05,63.01,14.09,16.48,9.68,8.56,9.43,83.36
CAM,53.23,65.88,94.9,71.69,29.31,50.43,11.07,13.38,7.19,13.91,10.73,79.27
GK,55.85,28.96,43.84,39.13,46.15,69.41,59.66,73.12,85.36,55.84,68.2,76.06
CB,56.41,51.46,51.37,35.76,85.61,70.18,28.8,14.41,9.73,10.58,8.61,81.2
RB,77.31,43.9,81.55,76.3,69.56,63.96,18.05,19.83,13.12,6.76,14.67,85.58
RW,79.93,74.8,66.74,81.29,40.12,58.71,17.66,15.32,12.64,5.83,12.67,86.13
RW,85.68,68.0,76.32,81.35,43.59,69.36,10.54,9.96,9.83,14.71,7.81,87.51
CDM,84.23,50.93,82.64,59.43,80.86,78.34,9.35,12.36,8.05,16.93,3.97,83.49
RW,69.09,81.49,53.12,75.25,45.95,60.83,9.43,10.85,15.67,11.69,5.84,80.63
CB,48.97,30.41,39.95,27.62,77.09,71.08,16.42,12.57,21.34,14.93,11.68,80.1
CM,80.6,51.1,79.12,67.95,52.09,58.3,10.53,8.98,12.75,12.21,10.45,80.83
CM,61.33,73.52,84.0,69.7,60.16,51.42,7.0,21.36,12.19,18.84,3.53,79.43
RB,72.77,54.17,69.75,62.05,65.77,48.87,9.81,11.32,12.82,6.89,13.6,77.33
LB,74.16,63.21,73.45,74.62,42.88,74.61,11.04,8.33,13.71,9.06,16.15,78.58
LB,68.65,45.1,50.56,58.06,62.16,56.56,5.82,20.46,15.05,2.88,10.72,72.95
RB,80.69,26.66,62.89,56.9,59.42,61.59,8.83,13.83,15.03,8.27,7.07,78.45
CAM,71.27,62.97,81.19,78.82,42.05,69.14,5.23,10.92,12.87,7.89,16.13,82.34
RB,63.95,41.78,90.47,65.87,72.36,61.06,13.56,7.84,13.76,8.0,8.38,81.86
ST,62.03,63.27,65.84,61.7,50.5,82.77,12.16,8.42,12.3,10.79,16.14,81.62
GK,26.69,35.18,33.65,46.35,39.02,73.56,74.18,82.09,70.16,78.9,82.21,83.4
CDM,67.97,59.09,65.66,56.83,85.41,81.52,10.6,16.97,4.73,15.85,1.09,83.84
CAM,71.08,60.17,75.61,72.93,55.69,67.88,13.68,6.0,12.35,10.82,10.26,82.26
CM,70.44,78.03,91.46,69.67,58.95,65.68,12.16,11.28,4.64,16.16,15.04,84.6
CDM,70.1,57.01,63.52,63.34,66.38,56.07,12.64,13.1,8.48,17.89,7.61,75.74
CAM,70.23,76.97,59.03,82.79,53.92,60.45,10.58,7.62,6.23,9.61,7.64,81.53
CAM,83.07,70.85,67.81,94.01,48.63,66.89,18.79,12.49,11.72,16.59,14.7,85.56
CM,50.19,60.17,60.72,73.05,69.56,48.74,16.11,6.6,10.03,4.79,14.38,75.18
LW,88.38,64.16,56.88,76.37,57.03,72.19,7.2,20.76,4.18,8.79,14.35,83.81
CM,64.43,71.49,70.34,73.23,60.11,80.22,10.14,13.03,11.74,9.74,5.18,79.22
LB,61.2,51.56,63.8,67.5,59.77,76.22,15.03,15.34,12.77,11.16,11.96,79.02
LB,75.03,31.16,68.56,63.49,82.11,60.46,8.04,16.37,15.19,11.06,12.1,78.86
RB,74.05,46.41,80.06,74.75,75.91,70.25,19.3,9.26,14.6,16.96,13.11,84.48
ST,75.14,86.3,75.95,74.0,23.69,99.0,12.9,14.18,7.85,20.25,9.67,88.23
LW,87.31,58.12,60.13,78.92,44.14,51.46,15.23,13.76,17.41,11.3,9.75,80.95
GK,46.3,15.05,50.01,39.11,41.33,65.68,99.0,67.44,69.97,63.46,63.88,78.14
CM,67.58,55.12,71.97,69.7,57.0,58.33,11.39,11.81,11.93,5.59,16.52,81.57
RB,72.12,49.75,76.98,62.15,74.19,77.42,9.98,18.64,9.89,12.09,9.69,84.06
CB,73.52,41.83,54.85,39.21,70.85,70.72,9.63,23.73,10.43,17.39,15.29,80.35
CB,58.57,25.56,65.09,37.76,86.78,55.65,15.84,16.53,11.79,14.81,22.48,75.18
RB,76.44,49.22,57.31,55.69,63.26,62.87,8.3,14.52,14.03,14.02,19.4,79.25
RW,89.57,59.66,65.22,92.73,10.5,50.71,10.52,1.0,11.99,7.59,11.87,85.77
LB,67.85,48.55,54.56,63.48,50.94,57.07,10.3,9.5,13.78,12.89,9.88,74.07
RW,82.74,68.42,75.67,72.42,36.32,64.07,13.06,13.87,13.28,8.25,10.33,83.57
RW,80.88,61.17,70.95,78.7,41.67,82.04,17.98,13.01,19.23,15.54,6.05,83.9
RW,88.9,76.83,67.26,85.14,61.82,59.9,14.36,12.51,5.64,3.81,12.35,86.59
ST,95.01,70.69,64.01,72.21,47.79,57.91,15.69,20.99,14.23,7.23,17.16,82.52
GK,60.11,25.17,31.22,41.98,28.98,53.85,73.21,59.36,86.21,58.53,75.26,77.57
CDM,84.92,64.26,68.5,61.83,69.59,65.22,18.65,5.56,8.55,9.74,12.9,79.24
CM,47.15,69.52,80.81,63.89,67.36,58.44,10.04,18.55,11.21,8.23,4.39,78.25
CDM,59.6,47.93,58.58,59.88,85.93,77.27,9.98,14.33,13.99,21.71,13.05,83.1
CB,68.44,50.19,39.54,44.34,70.14,72.12,10.76,14.27,9.99,19.43,12.46,76.92
RB,78.64,59.06,64.99,42.76,56.99,60.81,14.86,9.66,18.96,12.06,12.33,74.0
CM,71.54,64.31,74.61,71.89,72.29,57.64,15.32,15.02,16.02,12.97,8.62,80.59
ST,86.5,66.01,66.09,59.3,58.63,57.75,16.84,14.73,10.04,10.96,15.47,79.77
LW,87.93,67.46,73.38,81.19,37.9,65.64,15.12,13.79,10.57,9.71,15.36,86.3
RB,79.8,44.92,46.71,76.35,56.11,50.91,11.37,8.04,6.69,11.78,13.19,75.66
RW,84.81,82.0,52.46,87.09,71.46,45.99,17.85,14.98,10.2,8.55,6.49,85.31
RW,95.29,69.78,82.78,77.12,43.7,55.06,12.69,10.29,14.74,8.93,9.42,89.27
CB,68.27,40.89,52.94,43.17,77.71,69.2,7.7,22.5,15.9,11.11,15.98,80.54
CB,69.64,40.14,47.93,50.34,93.16,74.96,10.86,14.5,8.17,8.09,19.67,85.47
LW,69.05,74.02,73.66,85.46,37.83,75.14,13.37,14.04,8.69,6.78,4.91,84.68
GK,39.88,18.41,45.0,43.85,44.59,65.45,59.48,84.38,72.46,92.74,84.77,84.03
CM,68.13,73.4,73.3,87.54,71.27,58.77,10.2,10.0,13.06,14.3,18.45,84.56
LB,66.41,36.2,61.13,43.3,66.92,63.41,10.26,7.32,6.26,10.66,16.3,77.6
CB,74.51,41.25,44.78,21.31,77.68,66.19,13.88,4.59,19.84,12.32,11.69,77.05
LB,69.78,43.93,62.26,64.76,58.35,53.83,13.52,14.85,12.43,18.61,11.8,76.54
CAM,74.62,82.71,74.03,89.47,25.15,48.27,10.28,11.72,10.53,14.66,9.33,83.93
LW,74.31,68.79,54.11,86.2,52.61,68.62,13.7,6.04,9.06,10.54,12.11,81.9
CM,69.36,55.22,66.59,86.71,54.84,42.69,8.43,14.28,16.28,16.39,16.87,76.85
CB,47.45,51.36,56.43,43.65,74.02,46.9,5.11,10.75,11.93,5.85,9.11,74.21
CAM,63.08,79.59,81.82,69.86,56.01,70.29,12.26,15.73,12.67,7.41,20.04,84.73
CM,71.08,62.6,82.69,47.87,69.04,62.65,10.67,6.07,11.06,14.46,13.81,79.74
GK,42.13,13.04,55.66,36.3,40.77,50.36,57.02,72.72,75.95,69.41,67.57,76.35
CB,66.34,52.49,52.39,46.13,95.78,83.43,7.77,16.28,13.54,17.26,11.45,87.07
CDM,73.02,45.6,86.44,50.69,65.37,86.57,6.54,10.8,9.55,13.69,14.83,84.26
RW,97.27,66.73,82.65,73.32,50.06,56.22,14.36,14.42,9.69,5.63,17.4,84.76
GK,25.07,22.56,49.91,32.24,14.28,51.01,78.43,58.55,65.39,67.36,59.06,77.18
GK,38.45,28.28,38.51,35.29,29.49,69.91,84.71,75.37,77.68,44.83,78.99,79.7
CB,80.33,20.42,57.27,36.25,70.79,82.56,16.81,10.17,20.26,15.22,8.71,85.7
CDM,59.45,60.18,77.43,72.39,72.71,84.06,15.58,11.4,10.21,14.39,7.39,86.32
CDM,55.49,52.63,55.46,60.71,74.76,80.55,8.49,13.26,9.48,12.75,15.47,79.87
CM,77.44,66.89,74.02,68.45,74.34,68.81,16.11,9.41,9.18,16.04,18.24,81.8
CB,51.99,36.64,57.86,40.75,66.85,70.29,12.48,21.85,10.38,12.39,9.71,75.56
CDM,63.82,58.42,66.68,44.81,72.25,66.44,18.12,1.0,9.15,5.57,16.23,79.59
RB,68.24,39.87,74.83,62.5,84.79,48.48,15.25,10.39,10.68,11.53,8.02,80.06
CAM,66.99,72.15,67.89,95.77,29.32,77.49,13.05,12.35,9.13,10.68,14.87,86.58
LB,74.21,47.63,71.73,73.15,77.27,64.69,7.82,9.14,12.92,8.25,16.8,84.76
RW,85.78,85.61,71.97,71.45,32.06,63.58,18.04,19.03,8.33,16.87,6.82,87.49
CAM,66.5,69.32,76.35,85.15,34.09,64.28,10.35,14.4,8.85,9.71,9.68,82.97
LW,82.53,80.25,55.28,85.33,43.82,54.74,16.67,14.29,14.27,6.5,12.35,83.76
RB,87.86,38.99,63.71,62.75,67.91,58.92,13.79,14.0,9.63,12.78,14.05,80.72
RB,79.36,52.48,84.27,60.89,71.4,62.71,8.99,12.93,10.32,13.22,10.22,80.61
CAM,74.22,57.37,88.02,65.8,41.14,41.39,17.78,11.71,12.5,7.56,23.27,82.38
CB,75.43,48.62,71.79,41.08,79.61,61.92,10.67,7.73,9.51,2.34,9.68,81.36
LW,89.58,69.62,60.89,73.21,31.81,45.92,9.83,9.38,16.73,9.75,5.16,80.55
RW,78.98,79.57,79.87,70.8,42.75,55.16,11.27,12.48,8.93,9.83,11.62,86.52
CDM,65.41,54.5,70.31,64.99,71.59,95.08,14.98,13.36,12.51,9.51,11.51,84.33
LB,83.92,34.23,61.59,78.02,82.25,49.52,13.6,9.77,6.48,14.06,14.55,81.72
CM,63.35,69.31,68.65,67.1,54.84,55.55,17.37,20.35,7.62,9.3,16.97,77.96
RB,73.35,32.86,76.0,59.87,81.52,74.43,13.73,8.66,5.93,12.33,16.37,81.9
ST,73.01,62.31,60.01,62.47,55.62,86.45,13.5,4.19,10.99,19.72,7.67,82.58
CAM,66.74,74.01,70.0,70.93,35.87,57.13,11.82,16.79,14.07,7.17,13.2,80.32
RB,79.86,51.53,70.08,46.36,64.34,65.91,18.22,9.56,7.01,6.04,8.4,80.27
RW,77.15,61.98,78.91,83.89,49.24,47.17,11.59,6.37,12.31,14.01,14.76,83.56
CDM,64.8,52.55,63.85,70.73,77.19,65.22,11.22,15.96,11.4,4.01,10.38,79.99
RW,93.3,70.88,56.1,78.46,30.09,45.57,8.7,12.66,8.51,7.85,12.47,83.54
LB,72.94,49.19,58.37,52.24,58.31,56.83,15.01,7.17,12.88,9.43,4.8,73.76
LB,75.99,29.69,62.98,55.76,60.57,62.84,18.2,13.34,9.98,12.09,15.68,76.29
GK,52.31,22.23,59.67,41.39,43.17,61.84,76.12,67.19,61.13,65.85,88.91,81.51
LB,73.97,39.18,66.53,83.81,62.83,69.42,8.58,11.89,13.38,13.6,8.86,80.91
CAM,77.47,57.68,88.98,72.32,52.04,45.38,6.69,8.94,9.19,8.31,10.09,80.94
ST,75.22,69.5,53.66,83.72,11.96,78.14,14.55,15.35,7.51,4.3,12.29,85.23
LW,85.71,72.17,74.26,72.36,53.05,78.01,19.33,10.24,14.65,11.7,13.16,84.43
CM,73.83,75.47,63.49,70.43,45.32,49.28,10.24,12.59,13.94,7.24,10.97,74.26
RB,62.88,54.32,44.36,59.98,57.96,69.81,8.6,13.02,13.61,14.1,10.85,75.98
LB,77.95,38.43,49.33,61.76,68.58,78.75,12.29,10.8,12.34,6.23,18.82,81.82
CB,78.98,34.6,62.07,53.48,78.78,84.39,15.99,11.24,8.95,11.1,9.5,85.78
LB,64.64,34.51,78.33,62.57,72.62,69.32,18.4,11.16,11.14,12.18,15.1,79.96
CM,49.39,59.94,78.34,67.02,65.62,72.99,11.85,11.84,9.79,14.2,14.67,80.48
LB,61.52,37.81,75.02,54.5,65.72,80.15,11.05,16.68,21.9,12.87,13.31,80.07
GK,33.28,31.71,48.76,28.99,39.69,46.36,65.59,72.59,72.25,87.12,76.79,80.69
CB,38.39,26.35,65.73,44.6,80.88,69.44,14.4,7.12,14.91,14.32,6.97,76.58
CB,46.33,23.96,65.08,53.96,81.49,87.0,9.19,13.79,15.89,12.7,11.55,83.17
LW,87.98,66.69,67.16,99.0,28.86,72.33,11.8,13.97,10.4,16.56,12.71,87.18
LB,77.77,29.09,62.99,71.03,65.97,73.14,17.59,8.11,2.35,14.05,11.38,82.75
RB,83.81,37.32,53.83,60.88,75.38,63.43,13.2,8.81,16.93,14.86,9.91,79.06
ST,61.44,94.73,56.8,72.27,19.64,78.74,16.34,9.11,10.41,11.82,17.53,84.35
ST,76.39,99.0,46.14,52.93,40.05,73.43,8.42,5.32,7.87,5.87,16.77,83.98
ST,87.21,75.87,56.57,68.9,40.25,75.82,10.57,10.67,17.26,14.01,8.38,83.81
RW,80.48,78.92,53.78,82.46,37.49,52.95,16.26,14.64,8.36,7.85,20.43,83.98
RB,78.7,47.56,59.0,52.78,65.44,68.18,15.56,10.0,11.83,21.57,18.23,77.81
CAM,97.77,69.54,79.28,70.87,36.32,65.9,14.57,14.94,12.93,12.8,8.53,83.13
CM,81.97,75.58,81.55,81.88,67.43,67.79,12.94,8.81,12.31,11.32,14.68,88.04
RB,86.23,42.9,73.46,72.05,80.3,56.07,15.44,17.06,13.02,11.55,7.89,85.93
RW,83.49,64.16,69.53,80.33,42.68,48.2,15.8,13.4,8.97,13.3,10.01,82.04
LB,82.6,53.94,88.88,77.99,67.09,66.89,11.14,9.84,16.42,10.94,15.85,85.57
RB,84.54,61.35,57.13,49.17,83.25,58.93,6.08,15.58,13.77,17.1,11.86,81.13
ST,72.54,70.95,51.86,75.87,59.3,57.48,14.74,5.58,14.08,7.41,8.9,79.25
RB,75.44,46.57,76.77,73.04,63.66,62.73,14.39,8.12,8.23,13.43,8.84,83.0
RB,75.19,56.36,61.97,70.0,57.25,60.47,19.09,12.46,9.47,7.6,16.26,80.1
LB,71.69,42.46,58.35,74.77,64.72,58.18,12.3,15.54,15.59,11.88,18.59,78.85
CB,44.53,32.1,53.2,49.77,76.09,78.87,7.48,5.77,16.42,14.78,18.74,79.47
CM,69.83,68.02,80.4,69.63,80.41,51.82,6.58,9.3,17.89,6.54,13.21,82.68
CB,53.56,55.69,32.26,53.64,61.84,53.89,26.87,13.9,11.29,3.62,14.61,69.29
ST,65.05,74.64,68.03,76.14,25.14,67.15,12.1,15.51,15.45,3.19,13.76,80.94
ST,80.66,80.78,77.76,90.2,22.93,74.91,12.52,1.67,20.0,13.46,11.59,88.26
RB,66.71,54.39,54.75,64.32,70.12,55.68,11.85,12.36,13.03,9.5,19.35,76.41
ST,82.86,66.83,56.58,71.3,33.46,75.5,12.42,10.92,11.42,17.24,16.38,81.81
RB,70.48,26.69,56.03,67.51,72.6,72.48,15.54,15.55,17.1,14.76,11.91,79.97
CDM,61.89,27.14,63.76,65.98,76.19,68.44,6.36,13.61,5.39,20.34,15.48,78.45
CDM,62.99,50.48,76.12,61.87,75.21,86.65,20.16,14.93,10.35,8.39,12.87,86.68
ST,87.07,80.64,51.36,85.81,34.78,66.38,15.82,3.86,9.97,10.25,13.85,85.77
RB,77.99,35.93,60.32,68.7,63.53,76.53,14.35,13.37,5.38,3.4,9.72,80.02
GK,32.22,28.69,49.15,34.18,41.35,60.6,81.54,55.03,54.22,76.03,93.66,79.93
RB,85.58,37.97,72.27,61.66,63.57,57.42,11.1,16.4,10.77,12.96,8.77,80.88
RW,84.51,73.25,68.57,81.9,41.89,64.58,10.02,14.01,12.55,7.13,9.81,86.03
LB,80.02,61.47,69.2,64.59,60.56,66.56,19.83,14.58,8.34,11.19,14.71,79.83
RW,88.85,66.33,70.7,90.22,55.41,47.68,12.69,13.01,18.26,14.95,15.81,84.34
GK,58.37,27.49,27.5,31.77,37.02,64.62,86.29,74.89,71.25,69.06,84.16,82.36
LW,89.26,59.52,40.61,83.13,49.99,50.84,18.01,11.68,14.82,10.43,15.0,81.03
LW,89.18,60.82,77.64,89.24,48.41,36.43,8.9,3.47,5.78,13.28,9.52,85.94
CB,57.28,33.52,50.71,48.47,82.61,64.53,11.28,16.9,12.07,20.25,1.0,81.63
CM,74.72,87.01,73.1,58.0,52.76,45.97,6.5,10.1,23.84,13.12,15.18,77.44
CDM,74.99,64.37,64.92,75.32,73.33,71.38,18.26,12.01,18.48,10.12,5.6,85.18
CDM,56.88,62.47,62.65,55.6,73.31,75.01,9.09,13.92,9.09,7.1,14.86,80.37
LB,62.32,48.76,67.86,71.36,82.24,68.46,11.94,9.82,13.99,15.6,11.63,80.82
RB,69.87,55.48,80.25,62.22,65.1,54.83,20.01,19.22,14.94,14.49,13.5,79.87
CAM,70.82,56.41,84.53,88.13,51.05,66.65,5.76,9.77,7.06,17.9,10.83,85.47
CDM,59.23,73.97,63.89,63.8,72.22,68.83,8.14,9.91,8.74,7.14,9.35,81.07
CB,56.86,25.18,65.9,41.95,84.08,68.97,18.16,17.32,8.61,5.33,13.84,80.87
LW,61.57,63.01,69.02,94.21,36.48,63.09,5.72,10.86,8.56,14.64,7.1,79.75
LW,76.45,68.71,79.44,68.84,55.95,59.14,16.1,14.78,9.68,16.38,15.93,80.51
CB,79.55,41.86,61.89,44.98,75.35,55.97,8.63,17.21,22.65,20.38,26.1,80.58
CDM,49.47,48.79,73.83,77.51,79.67,84.21,13.68,18.44,15.21,13.23,11.8,84.18
RW,89.2,60.53,67.77,74.08,49.65,48.89,6.44,6.3,7.97,10.22,11.44,81.31
LB,55.61,59.51,58.15,74.0,56.75,55.36,15.79,13.51,5.1,13.34,8.21,74.61
CB,53.63,35.64,41.98,32.17,80.93,91.58,15.93,8.77,14.81,10.61,18.88,82.79
CAM,87.49,66.65,73.35,78.97,44.77,57.34,4.25,15.82,9.11,6.89,17.01,81.78
RB,60.71,46.63,69.6,69.13,54.82,71.47,12.98,18.4,14.68,9.2,12.72,78.23
CM,76.01,47.0,61.17,83.21,42.63,71.73,11.09,10.04,8.57,14.55,12.07,79.02
CB,53.68,35.45,54.3,35.64,49.22,61.47,11.14,13.94,14.38,8.7,6.16,73.94
CAM,64.39,85.2,86.64,82.72,34.57,59.21,11.83,13.21,12.81,7.33,5.32,87.39
RB,53.37,58.81,64.92,72.43,57.94,70.86,10.61,11.64,16.66,11.41,13.14,77.8
GK,36.22,20.23,72.82,44.2,44.11,66.02,84.23,68.44,78.34,64.13,66.67,81.41
GK,19.33,25.13,28.71,33.59,33.73,57.84,79.09,77.94,80.09,71.94,97.7,86.1
LB,75.59,42.46,53.2,74.05,71.99,64.01,6.11,13.9,5.78,13.85,9.18,81.04
CDM,53.57,45.43,61.74,84.71,74.55,63.3,9.27,12.16,13.72,16.34,12.05,80.19
RB,83.54,39.14,70.31,74.76,72.31,72.29,14.5,19.21,11.18,17.72,11.26,84.28
LB,65.28,40.79,63.96,69.79,78.93,69.43,13.92,8.4,17.01,11.91,11.2,80.53
CB,69.11,30.72,42.68,47.4,79.03,81.37,17.65,16.13,16.12,17.21,18.27,82.31
RW,88.77,55.72,87.15,79.05,38.31,55.02,13.15,15.2,10.86,15.26,18.95,82.41
RB,92.29,59.24,50.81,51.86,63.01,60.29,12.13,17.1,2.08,14.27,7.13,79.77
GK,53.14,22.25,53.53,41.38,39.98,65.43,64.14,66.17,49.89,53.62,61.9,72.13
ST,58.74,72.33,80.52,61.97,45.09,64.7,5.59,14.02,9.96,7.74,11.63,79.98
CDM,54.55,46.02,71.06,63.36,68.48,65.9,16.22,9.3,9.66,5.24,11.26,79.44
LW,71.79,71.95,65.35,78.95,41.54,52.02,9.27,14.99,16.05,16.89,14.05,80.89
CM,61.7,66.73,73.47,62.22,59.66,58.52,10.75,11.62,13.22,11.59,12.06,77.52
CAM,76.08,58.12,86.52,77.46,37.2,62.35,13.79,16.89,5.5,15.8,21.35,81.85
LB,64.6,45.82,53.21,72.78,78.84,64.97,18.92,10.94,10.8,13.09,18.61,79.87
GK,31.25,25.54,45.18,36.56,43.51,71.72,69.29,50.35,61.94,66.99,73.63,71.82
RB,71.95,52.02,70.87,57.69,65.18,59.9,11.65,12.6,11.81,12.4,13.54,75.28
RB,64.39,40.03,70.82,52.03,62.01,61.26,13.99,13.76,11.58,12.5,15.78,77.95
ST,66.31,58.76,57.63,74.36,45.67,51.63,16.24,19.2,20.03,11.54,11.3,78.45
RB,61.9,51.14,50.55,65.53,78.33,57.2,9.93,18.95,10.52,11.95,14.71,78.81
RW,75.55,58.82,73.28,82.55,28.15,49.75,6.6,9.46,13.16,12.31,14.79,83.82
GK,30.43,24.37,51.1,31.35,49.59,58.66,63.06,81.37,70.39,65.43,83.05,81.64
CAM,64.04,79.4,61.93,68.89,24.77,59.43,15.16,8.02,15.64,9.51,7.08,80.19
ST,87.84,87.17,49.74,61.7,29.32,65.19,8.32,9.94,21.31,15.74,6.49,84.92
RW,82.67,87.77,71.28,71.29,38.37,68.48,16.2,12.3,2.88,16.54,11.75,83.82
CDM,62.98,44.94,75.64,28.14,80.07,67.34,22.25,15.09,17.69,16.65,1.0,81.46
CM,64.95,66.69,91.97,83.87,64.49,71.4,6.83,12.64,5.26,14.23,12.85,85.62
CDM,59.33,55.64,70.72,61.78,78.84,65.08,9.09,9.39,8.0,11.29,7.97,81.67
LB,79.08,46.93,75.36,88.26,57.61,89.25,9.53,4.45,20.08,14.37,8.7,86.75
LB,73.8,37.84,54.55,66.4,81.07,49.94,11.04,14.04,17.42,19.01,16.5,80.19
CB,45.55,46.54,76.18,40.13,53.26,83.48,11.44,10.84,24.71,16.58,15.19,79.09
LB,71.38,37.77,80.93,65.61,65.43,73.93,9.72,11.55,10.45,19.5,11.45,83.25
RB,86.38,52.06,64.9,72.53,82.65,62.16,17.95,9.85,13.06,9.76,16.59,86.05
RW,87.12,80.62,69.2,81.31,47.07,59.23,12.15,11.9,8.03,12.37,9.95,85.07
GK,66.42,19.11,61.88,40.44,51.08,74.48,71.9,87.17,52.53,82.99,83.78,82.43
CB,56.02,12.83,57.14,62.18,71.37,81.02,10.15,5.21,16.17,11.82,15.56,76.68
ST,81.81,65.78,43.73,58.37,27.65,78.72,19.84,9.44,13.55,17.53,15.16,81.76
ST,67.43,69.44,51.78,70.38,37.31,62.48,10.67,13.02,5.92,16.32,15.83,77.14
LW,75.41,85.41,72.63,69.42,44.26,58.45,16.63,13.81,9.79,14.94,9.19,82.24
LB,63.46,22.68,61.73,65.0,53.87,48.64,12.98,8.39,12.42,13.09,16.85,72.46
CDM,69.06,50.21,55.16,69.65,67.43,73.85,11.04,9.73,11.73,12.41,15.16,81.82
GK,39.66,12.79,45.6,35.73,28.17,45.33,65.83,83.2,61.35,75.82,64.52,76.85
CDM,64.56,34.56,78.66,41.71,81.6,86.75,13.72,11.83,12.03,20.29,20.73,85.79
CB,48.98,42.85,51.29,44.38,67.49,61.22,11.07,15.24,17.65,22.73,11.2,71.78
RW,89.21,68.55,58.38,78.11,31.67,68.1,12.21,11.21,14.48,12.98,11.43,83.21
RW,77.51,82.54,55.87,79.23,43.94,76.9,11.91,12.48,10.58,11.21,10.74,83.18
ST,76.71,95.51,60.25,72.31,42.17,65.72,16.0,7.4,11.25,11.29,7.24,88.13
RW,72.71,74.13,55.59,66.77,57.52,60.65,12.86,9.32,18.58,13.66,10.37,82.41
CDM,74.73,61.63,91.91,53.46,75.27,97.66,15.69,8.53,11.2,5.14,15.16,88.39
ST,86.14,88.95,49.59,72.66,35.12,75.16,9.57,5.21,11.39,17.13,16.18,85.24
LB,73.84,63.37,81.62,72.62,69.07,63.73,7.39,9.07,16.31,18.98,9.66,82.03
CB,45.18,40.66,46.89,40.79,82.95,79.65,17.27,15.81,6.78,14.0,12.37,81.03
LW,78.56,75.74,65.75,84.43,39.41,64.85,15.12,10.23,7.76,11.41,7.3,84.48
CAM,76.35,78.83,74.06,77.88,27.9,60.16,7.96,20.58,13.36,17.03,13.33,84.58
CM,72.83,55.17,84.18,59.34,57.73,69.59,12.16,9.84,14.23,13.7,15.68,79.1
CB,44.78,37.08,40.2,37.99,67.27,59.31,10.83,13.1,6.12,19.46,11.72,74.22
CAM,59.38,82.62,74.97,70.74,31.49,59.82,8.5,11.29,13.92,17.82,14.79,79.31
GK,56.06,17.83,56.33,45.83,27.98,56.1,79.21,65.07,91.91,66.16,99.0,83.15
RB,76.6,35.3,55.14,48.78,63.2,71.6,12.13,11.43,12.66,8.79,11.82,77.7
CM,69.61,46.63,67.09,73.85,61.56,70.05,14.19,18.99,11.91,6.71,9.35,77.07
GK,43.09,33.5,44.39,42.15,50.58,65.99,69.56,83.55,67.1,65.6,54.21,76.92
LW,79.63,72.9,70.47,75.16,33.23,52.06,5.09,11.32,15.43,14.1,13.15,81.79
RB,70.26,48.73,69.54,30.97,55.68,66.11,9.74,9.19,7.61,16.54,16.87,76.57
RB,74.04,53.16,94.89,59.95,75.38,70.09,18.85,14.3,5.58,13.2,14.59,83.8
CDM,49.53,50.17,68.49,61.16,84.54,95.81,11.55,8.92,13.97,15.32,16.84,81.12
RB,77.16,48.78,59.75,80.4,72.33,68.92,12.83,13.48,3.4,15.93,5.07,84.11
RB,64.19,59.36,56.64,59.07,68.97,83.02,12.86,16.73,7.77,8.99,8.76,81.28
CDM,75.59,61.12,58.48,54.85,76.46,81.32,6.97,19.66,20.99,10.01,13.48,81.08
RW,92.07,91.0,58.12,76.12,41.44,64.74,10.04,14.13,10.49,11.88,14.11,87.75
LB,72.48,49.55,54.98,60.2,69.6,63.43,11.58,14.51,4.51,5.7,11.25,78.08
CDM,68.47,49.81,83.84,53.86,73.95,78.49,7.15,19.58,19.1,12.25,15.84,83.48
GK,46.17,19.97,42.38,46.91,24.21,62.54,75.21,67.07,55.41,79.21,47.6,76.45
CDM,68.02,72.15,67.31,50.73,76.17,64.93,3.39,7.92,14.35,10.74,17.51,79.99
RB,63.3,53.03,69.0,44.52,79.32,56.15,10.28,5.36,4.67,12.24,15.61,78.03
ST,67.57,61.01,45.92,53.27,44.56,70.18,6.67,13.63,7.81,18.04,12.24,78.34
LB,80.64,62.32,59.41,68.31,94.52,73.3,16.1,19.0,8.72,16.22,23.19,86.08
RB,80.96,61.42,71.72,69.18,64.74,65.05,11.28,12.05,10.37,15.01,8.1,83.78
CAM,66.47,71.55,91.04,82.15,47.23,54.24,2.75,17.63,14.07,5.65,4.4,84.9
GK,52.49,17.02,62.61,12.66,23.59,40.65,69.06,55.48,57.73,61.03,81.2,75.61
RW,79.49,69.23,67.4,69.46,29.67,47.32,15.28,8.92,15.55,15.78,15.74,82.65
LB,74.84,53.25,69.76,57.02,74.91,52.12,12.78,11.51,8.54,10.34,6.64,76.06
RB,70.92,34.41,69.73,82.36,38.47,73.1,15.56,12.65,16.64,10.18,14.81,79.01
CB,51.82,46.51,50.01,55.7,69.42,82.16,9.28,7.29,20.29,11.22,20.76,77.99
LB,69.76,47.59,69.7,65.91,56.1,81.97,5.0,8.84,11.72,13.48,12.55,79.92
CDM,67.45,51.95,63.08,62.42,63.95,74.54,9.13,20.38,6.89,16.59,13.41,79.7
CM,54.7,41.89,59.14,56.85,66.91,63.5,8.43,12.36,14.97,10.69,4.93,76.43
CM,62.84,59.97,75.47,79.95,85.11,78.74,10.51,16.45,13.07,8.9,14.64,85.92
CDM,58.87,50.89,65.14,80.46,82.2,76.6,9.7,15.34,8.98,4.94,11.53,85.35
GK,49.35,14.63,57.74,49.68,41.32,69.39,65.88,67.81,46.89,74.85,76.36,76.87
ST,70.82,99.0,66.86,83.3,34.76,56.57,12.59,17.54,13.61,7.6,13.56,85.55
RB,76.23,59.38,50.81,60.48,64.7,40.45,12.85,6.17,9.76,17.05,10.62,74.26
LB,66.36,34.61,81.81,60.17,35.75,57.84,13.43,6.52,8.3,16.27,16.66,73.82
RW,90.91,74.31,74.29,68.71,39.72,72.68,11.64,13.41,9.78,13.83,9.29,85.4
CB,52.22,36.96,61.66,59.74,73.32,79.56,9.28,18.77,27.09,10.87,14.52,78.94
CM,52.8,58.48,61.85,49.04,58.31,66.27,14.49,11.94,15.09,9.32,14.94,74.31
RB,85.13,49.91,50.84,68.61,65.66,60.27,12.21,12.55,12.47,14.07,13.04,82.51
RB,64.08,53.1,66.02,53.61,63.54,74.12,8.65,7.59,13.05,13.55,14.54,76.68
LW,86.3,76.27,79.94,82.64,32.53,54.68,15.87,6.85,13.33,8.27,15.2,85.96
LB,73.14,49.91,47.24,52.8,84.18,60.65,11.73,8.42,13.65,8.48,8.81,77.41
CDM,74.26,32.21,64.01,46.15,86.16,64.01,17.2,13.81,7.67,12.07,11.82,79.27
RB,79.49,49.19,73.87,65.38,60.11,66.3,8.83,15.74,15.97,12.6,18.73,80.33
CDM,55.52,30.92,48.89,71.05,84.18,66.2,11.57,10.14,17.14,15.39,7.28,79.3
LW,72.0,84.64,72.63,78.34,45.37,63.72,10.97,14.67,11.77,12.79,11.18,86.46
LB,62.33,43.07,75.53,50.7,62.61,65.85,14.01,12.39,7.36,6.0,10.28,79.68
CAM,72.23,70.3,75.77,93.17,46.89,47.5,15.33,6.49,7.78,15.99,12.54,86.85
GK,39.06,10.61,38.48,35.66,47.11,56.97,90.78,63.63,58.93,68.35,71.12,78.48
CAM,82.98,61.3,52.56,99.0,31.81,74.69,12.22,15.64,14.39,9.81,12.27,82.62
GK,39.45,27.1,45.53,27.54,36.05,71.89,90.73,76.49,75.55,90.67,76.85,88.63
LB,70.54,46.02,62.66,55.14,73.19,63.68,14.52,19.89,10.69,18.58,13.32,77.23
RB,59.2,30.38,73.86,58.4,71.57,71.86,18.53,12.43,9.57,14.09,10.42,77.93
LB,75.7,53.36,67.07,64.49,76.13,61.32,17.3,11.03,4.95,2.29,9.73,82.54
CAM,68.92,74.17,69.46,69.78,27.58,50.9,7.39,12.05,7.74,11.99,8.16,78.82
GK,42.25,15.97,51.5,30.17,33.07,42.01,68.14,67.67,75.52,76.96,68.0,79.56
LB,74.26,36.3,74.16,70.44,68.1,68.62,9.28,8.17,16.06,16.13,13.61,83.18
CB,57.61,25.13,68.55,55.49,69.06,80.41,12.51,15.99,16.64,18.97,11.2,79.7
CM,59.62,47.19,63.4,75.19,63.46,75.26,7.62,9.55,7.23,15.3,6.2,82.6
RB,66.84,38.26,76.62,59.83,51.39,44.64,13.85,12.34,3.57,13.54,17.06,75.09
CDM,68.97,52.77,58.57,48.28,74.94,67.63,5.96,7.9,13.73,14.1,9.33,80.63
LW,75.51,78.95,79.91,89.59,36.53,49.31,10.38,5.05,5.68,9.19,17.04,84.03
GK,33.22,12.88,61.9,33.91,35.3,71.43,81.51,66.7,99.0,57.84,73.79,83.11
RW,75.09,64.42,55.28,68.41,33.2,44.7,16.25,7.6,10.3,13.55,13.75,75.93
CB,39.59,22.16,51.59,44.81,80.6,87.97,19.25,14.12,19.35,14.03,15.65,79.24
LW,77.62,59.88,72.69,83.92,45.44,59.98,12.4,13.82,1.0,8.2,15.26,81.65
CAM,69.48,70.16,74.52,64.47,51.73,52.98,11.58,14.46,5.63,16.43,15.58,81.64
CDM,59.67,52.33,70.07,66.15,69.59,51.81,11.63,16.11,9.05,9.13,11.44,75.12
ST,69.61,81.09,55.71,75.85,32.9,66.01,9.98,11.45,7.14,19.17,12.45,80.52
RW,73.86,64.77,56.89,84.23,34.75,59.26,9.46,10.33,18.27,14.17,13.49,82.14
GK,47.64,22.35,36.74,44.87,44.97,63.11,58.05,66.38,58.14,58.49,60.61,75.51
RB,78.9,50.94,71.93,76.88,73.69,48.31,10.44,14.47,14.98,8.7,16.86,82.17
CDM,75.27,56.52,83.88,59.57,63.63,63.18,19.2,17.65,14.18,4.41,10.26,79.88
CM,73.66,62.19,84.38,65.23,49.09,73.05,13.7,4.39,5.11,7.02,11.4,82.92
CDM,81.04,63.19,73.45,53.59,81.28,71.81,20.38,14.08,14.52,8.61,7.52,81.23
CDM,61.65,55.0,79.2,57.59,75.07,88.29,10.82,12.21,12.76,9.19,8.37,84.47
CAM,73.5,72.14,85.69,73.13,25.39,62.74,14.29,10.46,11.52,8.11,11.24,82.8
RW,76.17,71.53,55.24,94.14,45.6,69.4,15.92,16.07,11.96,13.19,18.94,83.56
CDM,72.32,31.3,68.45,79.59,66.49,67.35,6.01,10.24,11.29,13.22,11.58,80.67
CB,57.29,53.85,72.67,56.78,71.31,81.9,18.08,28.13,14.98,14.75,11.24,83.35
ST,79.43,78.33,63.01,78.52,45.13,65.11,10.55,10.07,13.75,9.78,15.61,84.96
GK,38.29,19.39,54.69,37.76,65.67,68.54,70.28,76.36,67.67,50.84,79.75,81.2
CM,61.6,56.18,82.32,81.76,54.91,73.1,18.72,15.51,15.22,14.12,14.42,82.07
CM,61.77,67.01,79.34,73.98,35.26,55.91,16.22,12.19,13.45,7.18,18.51,79.11
LW,79.85,75.89,49.43,65.4,34.79,49.61,11.54,10.79,9.25,8.07,14.59,81.86
RW,67.84,76.44,55.05,73.76,44.96,47.13,21.49,17.0,12.13,15.88,14.03,76.73
LB,53.61,50.17,68.84,56.86,71.09,69.95,6.58,11.33,16.57,10.99,13.23,76.52
CDM,75.69,57.66,68.37,71.35,72.95,65.89,11.36,10.57,5.58,5.68,4.36,82.01
RB,60.71,62.76,55.85,82.31,80.33,55.76,16.31,7.79,12.87,1.0,9.41,77.48
RW,78.8,64.77,66.86,76.31,35.18,51.34,14.64,12.4,12.51,10.18,10.76,80.79
RW,68.81,64.62,60.13,86.02,37.36,51.05,12.39,15.32,8.84,12.78,18.3,81.92
RW,73.54,71.46,61.84,80.79,34.21,51.75,13.76,11.46,10.65,2.37,5.1,82.41
RW,85.66,63.25,60.58,76.83,30.57,52.95,20.81,6.89,9.56,19.67,8.16,80.19
CAM,84.47,78.25,69.88,75.96,46.04,56.62,9.56,9.88,16.05,13.63,14.49,83.7
LB,63.36,42.27,69.27,51.64,62.55,59.07,17.93,5.32,16.44,5.41,7.22,75.04
GK,25.09,23.05,57.12,31.75,32.52,71.19,70.45,62.85,68.64,73.55,78.96,80.25
RW,92.56,58.72,57.92,85.47,35.68,50.1,20.08,13.25,18.42,18.07,11.16,84.36
CAM,80.07,54.72,74.44,84.23,34.86,56.82,11.23,12.08,17.4,7.16,13.71,82.51
CM,67.48,68.15,78.07,70.68,44.82,51.45,13.26,14.3,17.15,9.85,10.39,77.48
CAM,63.0,58.83,98.26,80.39,48.95,70.81,11.17,10.6,4.63,2.25,1.0,84.46
CM,67.73,47.78,64.42,74.76,59.63,69.06,11.92,9.15,15.83,8.8,6.53,79.51
RW,82.43,71.46,73.6,82.89,50.44,56.5,6.26,15.07,17.64,12.52,13.91,84.34
CM,76.52,54.65,64.12,51.08,62.95,83.61,12.36,9.93,10.77,11.51,8.75,78.95
RW,86.06,67.96,80.74,68.55,50.88,58.81,18.32,8.28,13.14,11.01,12.25,83.82
RW,87.53,82.34,71.47,83.72,40.8,60.69,10.22,12.42,21.29,20.44,6.77,88.6
CDM,46.19,53.61,48.17,52.19,55.14,68.39,7.39,10.68,10.23,7.36,15.11,70.67
LB,79.69,34.88,58.36,61.76,71.01,64.39,14.06,9.52,6.04,14.6,17.65,80.56
CDM,75.59,40.42,56.18,42.8,74.07,58.66,7.93,10.6,8.81,8.54,15.44,76.41
ST,74.62,82.25,64.54,67.33,36.83,65.03,8.25,15.32,13.53,19.48,6.72,81.95
RW,71.87,78.34,79.62,55.6,43.92,65.72,13.75,11.49,10.78,14.96,11.65,79.54
CAM,80.15,60.82,78.4,81.9,57.21,73.44,10.29,12.45,13.89,13.85,7.42,86.76
RW,79.4,70.8,66.38,72.03,37.92,67.56,11.36,9.55,12.32,13.26,6.54,83.55
CB,64.47,33.35,63.74,56.75,87.85,47.94,16.35,15.36,9.19,14.11,12.78,78.78
LW,85.81,77.64,64.75,70.24,51.62,65.46,11.26,7.69,16.67,11.56,16.55,83.49
CM,47.84,44.96,78.28,61.94,57.87,71.25,16.62,11.02,11.29,7.89,15.12,76.82
CAM,92.25,77.04,72.01,78.2,46.32,76.52,16.57,8.86,7.27,6.06,2.67,87.14
RW,75.01,76.88,65.83,81.76,56.67,55.19,16.13,13.26,5.62,20.4,18.12,84.79
CAM,54.02,68.33,87.17,97.19,74.91,35.93,1.0,13.1,8.86,19.69,19.02,86.17
LB,56.89,51.42,58.69,40.86,66.91,56.68,14.03,8.63,12.23,9.88,17.1,74.49
CB,48.48,33.64,50.26,61.3,89.9,83.15,10.32,13.3,7.76,11.23,17.82,82.92
CDM,68.03,48.67,70.81,56.16,77.38,78.26,11.0,2.59,10.73,13.43,9.96,77.81
LB,71.46,47.65,86.05,65.42,54.61,68.09,12.0,11.13,3.81,13.98,10.71,83.19
CDM,64.44,30.18,69.55,50.9,61.65,60.84,15.87,10.73,7.72,13.03,6.78,72.95
CM,75.65,61.15,65.96,70.52,69.82,68.84,11.48,16.11,6.05,13.88,12.75,78.6
CDM,49.01,48.05,66.03,54.6,81.36,92.64,15.17,11.62,8.44,12.5,10.59,82.23
RB,66.32,55.08,65.91,65.18,75.53,59.23,4.51,13.91,9.89,22.03,12.11,80.06
RB,62.25,67.52,44.04,54.65,70.29,71.91,14.04,6.03,11.58,11.17,12.06,77.33
GK,32.13,29.45,50.68,29.8,31.79,74.6,76.71,65.97,65.7,75.78,72.55,81.61
LB,68.27,61.44,68.06,62.94,70.89,56.53,12.09,18.56,7.52,18.58,2.14,81.24
CAM,65.23,79.24,75.09,69.73,34.57,58.32,19.16,14.47,21.78,7.78,7.38,82.86
GK,46.55,22.67,41.64,26.27,44.08,44.79,42.76,80.17,57.21,62.12,54.42,72.73
CDM,71.7,47.63,83.31,54.55,92.71,70.55,4.78,18.77,13.94,12.31,5.89,85.09
LB,75.56,54.86,71.54,50.99,68.51,72.02,14.89,9.27,3.27,4.31,11.08,80.59
GK,50.86,15.88,61.32,26.83,41.8,79.82,74.88,68.13,59.09,70.5,68.6,77.43
CM,57.15,58.62,68.98,74.06,70.84,37.38,17.7,18.12,11.93,9.26,11.2,78.0
CM,62.7,39.98,74.17,83.84,56.75,70.41,7.5,11.82,14.4,12.51,11.67,79.63
CM,58.73,58.99,50.34,86.76,62.52,62.49,15.53,5.33,8.35,19.77,9.21,78.32
CAM,66.81,78.75,79.84,85.4,36.67,51.83,12.77,11.94,9.62,8.52,13.03,84.62
CAM,71.37,68.02,78.58,87.3,53.4,54.89,12.83,14.99,4.63,9.88,7.57,82.67
CM,72.08,56.63,65.5,57.1,78.79,62.05,13.88,9.9,11.27,6.02,11.84,77.87
CM,72.62,67.37,71.79,70.73,61.56,57.81,9.93,13.93,17.1,10.22,12.22,78.83
CDM,68.37,60.88,80.67,61.45,65.43,64.98,12.94,16.63,13.28,11.09,7.26,81.13
ST,81.61,60.53,49.44,62.65,59.26,69.48,7.13,10.07,16.77,8.93,16.99,78.57
CAM,80.91,72.81,66.02,82.17,45.48,59.27,10.69,16.0,6.11,10.25,11.61,84.07
LB,74.31,38.7,50.94,52.97,64.71,65.18,11.99,11.25,13.62,16.45,9.77,77.25
GK,52.38,16.98,55.2,24.63,45.72,65.05,84.58,86.04,86.35,79.13,69.51,86.01
CM,54.45,65.16,88.68,81.94,54.58,74.09,7.49,4.82,11.82,13.21,9.41,82.11
GK,44.03,24.04,46.25,25.64,44.31,60.56,71.05,74.62,70.34,69.25,64.19,79.32
CB,57.12,29.52,52.66,38.51,73.95,73.63,1.33,13.84,5.55,20.34,9.79,78.29
CDM,80.39,49.34,75.57,72.7,63.79,62.98,9.54,5.56,16.54,12.02,11.68,79.29
ST,81.29,63.0,63.78,65.33,35.8,64.66,19.51,7.08,13.88,11.91,7.06,78.75
CDM,69.66,56.29,63.87,66.86,60.99,64.53,14.79,10.32,15.31,7.0,16.27,81.38
CB,55.54,40.81,56.79,45.51,75.86,73.76,6.0,14.59,22.41,8.45,12.83,79.69
CAM,69.85,85.5,85.42,82.67,46.32,55.54,9.09,22.08,9.1,6.98,12.98,86.11
CB,47.7,36.53,28.31,34.72,87.1,69.0,21.59,7.83,19.15,13.17,19.29,77.94
CDM,59.19,46.97,57.17,53.01,89.19,71.45,8.12,4.99,7.52,4.71,18.04,80.89
LW,91.12,72.11,72.37,80.19,31.58,57.75,8.88,9.53,11.56,11.04,1.01,88.97
RB,63.58,58.52,78.51,55.44,89.95,63.21,6.62,8.94,16.6,12.88,13.5,80.8
CM,52.92,70.13,73.52,67.85,72.1,73.36,13.85,10.14,13.13,9.8,3.45,79.16
RB,80.38,40.12,63.42,59.09,99.0,69.5,9.44,10.91,13.49,11.08,10.19,83.84
CB,40.64,36.14,69.36,34.13,75.07,57.5,4.32,6.99,11.14,12.83,5.79,75.56
GK,36.37,6.5,45.9,39.15,50.09,59.6,61.78,65.51,61.07,67.18,66.28,78.29
GK,64.97,26.64,49.11,36.07,41.19,69.64,78.91,72.61,54.9,67.81,64.61,79.49
GK,48.28,22.31,40.35,32.46,34.94,56.56,74.67,69.45,63.93,68.31,75.37,79.89
RB,73.7,67.93,72.01,62.59,81.19,62.12,7.48,7.2,13.42,7.96,11.06,83.43
LB,60.51,51.8,60.37,63.64,69.8,49.62,13.76,15.76,11.71,11.5,16.01,76.64
GK,28.98,13.11,46.83,32.35,22.67,70.52,93.66,73.56,71.22,66.09,63.65,80.87
CB,60.68,15.77,51.76,51.29,90.7,73.28,6.83,9.95,22.58,25.37,2.54,83.81
RW,85.3,63.14,60.34,82.2,42.79,88.71,12.66,13.68,13.45,9.8,8.49,84.75
ST,75.9,75.38,43.91,68.52,47.97,85.28,13.77,9.61,18.37,14.66,9.54,83.11
CB,63.77,32.12,67.83,36.47,78.78,74.46,14.21,1.0,16.83,14.58,15.32,80.9
RB,67.67,47.7,78.08,57.9,62.76,67.23,14.4,14.47,10.47,7.79,15.02,80.62
RB,72.89,31.46,52.98,67.02,55.44,70.99,16.51,12.44,13.04,12.68,12.24,79.67
CM,66.33,60.6,77.71,63.2,39.05,52.35,6.14,12.49,10.55,15.41,13.24,76.27
CDM,56.45,63.76,73.18,66.88,78.69,65.7,13.06,21.05,11.37,6.59,10.74,79.19
CDM,68.0,51.49,65.3,53.21,65.26,63.01,11.4,14.37,15.27,9.54,9.5,77.63
CB,48.72,25.67,48.36,43.84,63.42,72.9,10.38,21.64,14.34,14.06,9.35,77.39
LW,77.97,68.73,79.86,69.2,52.4,67.49,12.12,7.85,4.0,4.07,5.8,83.81
LW,93.53,65.66,68.29,87.31,41.91,61.97,10.73,4.55,12.6,9.65,17.03,85.34
LB,58.4,53.62,70.26,69.24,55.86,77.13,12.68,9.19,8.52,20.29,10.58,77.11
LW,85.57,78.66,84.66,89.41,26.8,58.04,12.53,11.12,15.94,6.96,14.05,87.86
LW,87.9,64.27,74.13,84.4,48.07,36.02,13.88,9.31,15.89,12.12,8.16,82.93
RW,77.64,72.26,73.59,74.81,28.03,81.65,13.53,10.94,6.27,11.85,13.89,82.1
CM,52.14,59.85,71.07,78.11,54.37,56.77,12.57,9.02,7.28,20.32,16.1,77.23
RB,88.37,42.23,79.51,51.22,66.82,66.79,9.48,12.75,10.6,1.0,14.03,82.18
LB,77.42,55.25,62.55,71.78,60.78,77.65,17.45,3.33,8.61,18.36,15.55,81.89
CM,78.53,68.91,83.1,82.03,37.46,47.92,20.64,9.66,5.32,13.3,15.79,80.71
CDM,46.4,56.55,72.85,57.75,70.27,67.95,13.3,10.62,4.47,12.14,13.35,79.56
ST,97.59,83.62,52.24,60.61,40.54,85.41,15.42,14.13,12.32,6.05,11.82,87.65
CAM,83.39,96.05,71.62,79.39,41.23,42.65,14.65,8.45,9.5,16.08,11.48,86.69
GK,53.4,8.52,63.04,34.26,30.02,71.27,58.77,78.65,82.16,60.46,68.14,79.93
ST,89.65,77.06,74.98,75.93,39.52,69.29,12.84,2.48,8.83,5.29,3.32,85.22
CM,67.48,49.24,74.68,68.81,67.89,67.41,15.16,10.7,14.97,8.4,16.26,77.81
ST,75.21,81.04,53.62,65.13,45.88,92.84,8.9,9.48,10.3,10.01,16.14,85.22
GK,36.34,12.04,51.18,42.47,31.97,77.35,65.61,76.39,72.48,81.71,71.8,80.72
GK,40.73,32.69,63.19,36.24,37.66,54.84,72.9,73.74,37.27,63.12,75.57,77.2
CB,46.49,32.52,53.75,40.23,75.2,86.11,13.98,16.9,12.08,12.09,12.78,82.57
GK,47.02,17.32,62.46,33.03,29.17,63.65,76.33,73.47,64.49,96.69,71.06,83.38
ST,78.64,73.32,46.15,58.21,38.26,90.42,12.28,14.79,14.59,13.43,15.25,82.42
CB,46.19,24.95,61.44,67.5,85.25,78.25,14.8,14.8,14.8,1.31,8.41,82.79
CDM,65.34,51.3,77.64,59.84,64.15,82.48,16.79,14.6,20.45,7.82,11.85,81.43
CDM,61.37,55.96,80.75,56.66,88.33,55.59,8.35,7.93,16.35,12.72,8.68,79.09
CAM,83.96,63.3,74.01,76.15,51.46,78.33,13.69,10.07,17.37,14.46,12.19,83.29
LW,71.36,73.81,62.63,81.67,39.82,56.69,11.43,12.56,5.86,6.76,10.85,81.76
RW,73.58,83.23,62.97,72.76,39.56,71.58,16.18,11.68,13.06,12.22,13.88,80.87
RB,80.91,48.24,65.07,65.33,60.43,66.37,11.82,13.17,10.28,10.56,4.67,80.72
RB,59.44,38.25,62.48,49.44,76.74,75.44,10.61,9.8,12.03,17.19,13.58,81.95
GK,46.79,22.26,50.03,36.37,38.44,56.17,75.04,63.1,74.06,72.54,55.35,78.57
RB,65.49,57.41,69.29,70.43,48.12,71.89,2.67,9.1,6.2,11.8,12.49,77.83
CDM,68.75,21.12,72.0,57.16,68.33,73.05,9.71,14.29,4.59,12.88,9.87,78.56
LW,78.4,65.58,82.79,81.11,49.8,77.12,6.59,14.18,8.14,14.85,12.29,84.14
CB,76.58,42.3,64.1,51.95,84.68,81.8,8.81,12.06,11.32,12.13,5.59,83.92
GK,53.35,25.77,48.16,37.54,37.72,57.48,75.67,69.3,74.22,93.23,65.38,81.5
CM,58.8,64.17,86.21,61.6,59.8,86.82,14.24,21.37,18.07,5.74,14.41,81.31
RB,86.62,34.97,76.55,57.66,75.07,61.8,12.6,15.82,11.2,17.32,18.44,81.87
LB,76.14,34.6,57.09,64.12,63.32,67.16,16.88,16.51,11.05,16.91,11.23,78.52
CAM,63.23,56.37,75.69,78.0,31.22,58.92,11.54,6.71,8.37,11.89,14.28,78.06
CAM,89.94,65.38,76.71,74.07,41.76,50.0,8.71,8.04,7.11,8.89,15.34,78.91
RW,79.98,71.2,57.12,71.28,45.82,44.99,11.39,7.73,16.4,17.77,19.23,79.55
LB,84.92,34.57,62.89,63.0,77.41,61.51,2.47,9.94,9.54,19.07,11.87,81.97
CAM,75.42,66.6,69.1,85.47,46.82,59.65,8.12,15.37,10.55,14.6,10.96,83.2
CAM,61.01,63.68,83.58,72.7,52.5,70.24,12.64,12.02,1.51,10.9,8.8,82.89
CAM,72.77,81.58,83.03,78.23,47.42,66.32,13.58,11.06,14.1,7.5,18.32,85.81
CDM,77.63,43.1,82.11,58.47,95.79,74.47,11.7,9.99,6.38,12.41,11.74,86.66
GK,48.62,25.93,36.09,26.18,28.28,63.24,73.7,60.78,65.59,70.09,79.01,80.03
CDM,64.33,40.56,74.61,51.6,99.0,69.7,14.97,6.75,7.76,12.97,16.98,83.47
RW,90.34,67.7,86.11,91.39,49.39,48.87,7.56,9.9,13.61,9.43,17.41,86.88
CB,73.86,26.21,41.54,30.02,81.84,80.9,24.09,17.79,8.91,17.16,16.44,86.67
RW,65.05,71.07,67.3,83.75,44.08,52.23,13.52,8.61,13.02,10.06,9.08,82.13
CDM,68.47,55.28,65.81,68.1,61.97,76.99,6.81,13.64,15.31,5.23,16.52,79.4
ST,70.61,73.12,60.85,68.49,41.37,83.25,15.84,14.98,12.41,14.69,11.62,83.91
LB,66.66,43.53,63.48,71.88,80.01,58.09,15.2,14.76,15.03,15.37,17.82,81.1
CAM,88.71,63.11,61.07,55.18,42.08,60.46,17.06,17.34,13.72,9.93,14.83,80.69
CDM,56.67,48.32,59.02,68.15,75.48,80.34,18.48,11.85,6.95,14.84,11.37,80.39
RB,76.57,47.49,80.41,67.6,57.31,78.95,8.22,15.81,12.39,1.0,13.93,85.06
LB,69.4,45.64,76.07,63.54,80.9,79.97,13.04,10.31,17.92,8.34,16.55,83.84
RW,80.23,73.24,67.12,76.93,62.44,63.1,18.38,18.78,17.77,7.84,11.13,83.38
CM,83.3,57.07,84.7,66.71,69.42,84.66,13.66,13.96,3.3,16.15,12.64,87.53
RW,82.55,63.99,71.91,79.72,50.59,45.92,15.07,8.88,8.05,10.34,11.46,83.16
CM,70.16,39.8,63.53,67.92,59.65,61.15,9.49,16.49,17.03,14.2,17.56,79.0
LW,90.59,80.2,49.72,91.07,23.2,83.22,16.31,8.04,16.02,8.36,16.82,86.27
GK,63.21,7.11,52.29,28.96,14.17,63.09,83.01,66.38,55.73,81.34,71.24,77.0
LW,67.92,76.68,89.35,80.56,39.63,67.07,3.14,4.48,16.72,4.6,12.57,84.71
LW,87.51,60.88,61.33,92.41,32.22,57.02,13.53,16.38,10.35,11.73,10.05,84.85
CDM,61.53,64.18,72.92,70.97,74.92,88.82,14.84,18.4,4.46,11.24,14.77,84.85
CAM,80.17,62.82,64.09,77.86,58.33,44.13,14.22,5.98,8.7,10.31,22.91,80.78
CAM,75.78,64.27,82.29,88.94,37.3,61.41,10.24,4.9,10.81,13.68,13.02,85.94
LB,58.05,43.97,73.78,60.87,52.31,56.1,10.7,10.65,12.91,11.01,11.54,72.25
RB,66.98,38.35,81.8,69.81,67.42,59.82,13.92,11.01,12.73,22.2,6.65,80.83
LB,59.93,41.14,72.77,54.87,61.42,70.64,13.63,16.87,13.63,8.11,13.5,76.68
RW,74.88,74.5,70.04,86.33,41.03,49.52,8.59,4.74,11.19,10.31,11.3,84.37
CAM,80.48,51.22,71.84,75.83,27.01,73.46,13.86,8.36,9.4,16.76,12.77,79.98
LW,92.14,82.95,83.83,94.16,34.9,57.58,12.52,8.78,8.11,14.24,12.9,88.53
LB,60.91,51.47,67.3,56.3,85.18,58.13,11.31,19.06,14.3,6.36,11.88,78.29
LB,54.54,64.69,59.7,51.74,92.36,61.83,13.27,7.24,10.32,17.95,11.16,80.25
CAM,81.24,79.82,78.45,62.28,53.17,48.13,13.72,12.91,13.91,9.95,21.09,83.98
CDM,65.97,29.98,74.98,72.5,66.68,68.94,14.63,13.72,10.21,7.96,7.49,77.46
LW,76.11,69.44,61.76,71.25,31.77,59.56,19.39,2.7,10.5,6.26,9.33,81.84
LB,68.93,37.02,76.61,66.2,64.74,55.01,11.04,15.27,8.29,13.96,8.89,78.87
LW,88.99,75.06,63.03,79.5,47.42,62.8,13.64,15.92,7.63,17.91,8.72,84.15
ST,91.23,83.21,48.88,70.38,26.13,72.35,8.54,13.11,15.54,5.03,15.05,84.88
GK,45.92,19.46,47.83,27.25,19.39,55.78,73.09,73.55,78.72,69.29,81.37,80.99
CAM,60.65,90.59,87.57,87.44,38.67,60.28,10.3,13.52,7.07,11.08,4.7,87.01
GK,46.28,41.36,56.7,19.14,37.06,78.22,51.29,68.01,62.5,81.25,52.83,75.91
CB,56.97,37.16,70.44,54.98,68.28,64.07,11.93,12.7,19.1,10.09,11.94,77.09
RB,57.3,44.35,69.9,64.61,78.23,66.7,10.34,8.7,13.99,13.04,13.64,78.64
GK,49.28,28.93,61.21,29.59,36.7,55.49,94.18,86.28,55.41,62.51,76.32,82.81
LB,66.97,46.8,65.23,60.01,66.04,75.57,10.91,6.28,13.06,13.88,17.57,81.66
CB,32.93,41.48,62.19,41.97,73.85,60.47,12.17,7.16,16.09,18.82,21.11,73.62
RB,69.75,46.18,78.86,58.51,67.84,60.93,16.37,14.5,12.88,7.61,14.46,78.51
ST,86.74,82.89,42.1,69.21,28.2,79.79,6.39,12.5,10.7,10.48,12.11,84.07
CAM,63.55,90.94,72.74,72.4,56.19,70.57,15.69,15.42,15.23,13.87,11.15,84.93
CDM,65.43,54.53,86.62,47.91,79.73,50.91,11.09,9.95,11.58,15.54,10.09,82.54
ST,62.23,81.37,64.79,68.62,47.31,93.92,8.81,8.31,20.06,16.39,12.5,85.21
RW,81.16,65.4,59.67,67.53,34.76,50.89,12.16,7.83,1.08,14.13,11.81,82.02
CM,54.72,61.03,89.63,64.81,56.75,62.64,9.78,13.15,12.93,16.53,11.8,82.26
CDM,62.68,55.68,71.16,56.51,72.32,62.78,9.83,14.5,11.83,3.82,12.18,79.39
RW,93.61,77.05,61.81,95.52,47.45,53.54,10.92,13.31,14.55,16.39,13.88,88.64
RB,68.65,38.09,80.92,55.95,84.6,63.8,11.37,10.79,14.41,6.2,12.96,79.99
RW,99.0,83.57,60.72,72.02,42.99,58.2,13.67,9.41,10.7,9.31,12.4,86.18
ST,76.62,85.9,48.85,78.56,31.93,74.55,12.93,14.54,15.62,11.11,16.79,85.63
CM,53.03,63.78,74.63,71.05,55.25,50.54,10.05,8.01,5.97,11.96,12.5,80.0
GK,33.93,15.39,69.34,26.01,39.73,76.99,71.73,84.11,80.05,71.67,86.54,85.5
LB,75.67,30.59,78.73,65.98,80.19,52.42,5.44,11.98,15.48,10.78,10.96,81.34
ST,73.18,65.16,78.46,81.91,47.12,83.54,10.35,5.05,23.37,20.62,9.95,84.61
LB,67.34,38.9,61.46,54.87,57.18,60.41,11.14,16.93,6.19,14.65,11.59,77.0
CDM,53.87,60.83,67.05,65.81,64.8,62.03,8.81,10.05,13.34,14.29,12.01,77.18
RB,69.92,37.84,51.82,73.46,76.69,74.3,15.73,7.95,15.68,8.46,13.4,80.99
CM,54.02,53.63,62.47,59.82,55.08,56.95,15.75,18.26,17.47,15.07,10.77,73.97
CAM,68.84,81.97,72.96,66.76,34.45,47.36,6.75,10.89,7.51,10.55,15.47,82.14
CM,64.36,62.84,67.74,81.06,50.83,50.82,10.7,11.33,14.63,11.32,9.11,76.8
RW,84.95,79.56,54.38,81.9,35.93,68.48,14.34,12.29,9.25,17.57,7.7,86.7
CM,64.22,64.12,88.64,87.46,57.46,64.51,9.84,11.57,12.07,15.17,9.52,85.16
CDM,82.27,39.69,77.59,62.3,71.97,61.98,14.73,9.6,14.1,17.4,15.07,79.74
LB,71.04,52.0,66.52,54.62,62.07,83.53,14.61,17.88,11.43,13.04,13.1,78.45
LB,65.88,41.32,76.9,67.11,70.47,65.32,17.73,3.29,5.59,14.44,13.11,80.55
GK,37.37,13.25,44.0,25.23,25.22,68.56,83.57,60.03,74.43,63.65,72.36,79.7
CDM,65.78,56.76,75.43,72.81,75.11,96.85,9.72,19.05,15.03,12.02,9.33,88.26
CDM,48.44,48.5,72.72,58.18,72.9,70.48,12.2,11.73,11.6,13.79,11.83,80.85
RW,77.94,77.29,54.04,65.98,41.41,44.99,15.45,11.8,8.97,18.23,18.3,80.02
LB,69.13,39.25,87.05,67.04,75.92,74.06,13.91,13.16,5.97,12.25,11.21,84.78
CM,63.61,45.99,57.22,69.15,45.82,79.1,15.47,8.74,10.9,12.33,7.84,76.25
GK,46.77,3.75,54.11,30.7,38.86,45.65,54.72,80.29,99.0,72.44,85.89,83.15
CDM,44.94,52.86,73.19,63.52,74.44,68.33,1.31,9.92,6.77,15.27,9.92,83.17
RB,62.02,51.17,77.69,53.42,64.74,55.15,13.39,11.89,14.49,17.48,7.89,78.36
CB,61.9,24.52,56.49,50.53,78.17,63.88,19.3,11.62,5.24,14.71,21.71,83.13
LB,80.29,65.5,68.94,49.51,59.03,87.92,18.92,10.26,15.68,15.8,10.92,82.59
LW,69.25,76.27,68.74,70.23,55.25,55.68,12.87,9.66,12.65,11.41,14.15,80.45
CDM,65.3,44.04,80.26,67.8,58.31,64.03,15.98,6.39,7.28,16.35,17.04,79.38
LB,79.87,39.1,83.28,83.1,47.53,81.9,19.68,14.83,12.83,10.71,15.3,83.1
CDM,69.55,38.89,65.97,72.93,71.02,71.69,19.09,18.55,15.69,14.4,6.0,79.42
GK,44.31,32.91,59.71,33.46,44.16,52.8,74.5,72.44,70.04,76.09,68.15,81.26
ST,68.65,66.66,62.95,86.84,38.4,76.78,8.02,11.27,13.6,8.92,12.28,82.51
LB,73.28,42.62,71.48,61.08,58.21,73.61,8.73,8.63,12.23,9.19,17.87,80.03
GK,41.24,28.84,49.61,54.14,40.47,66.32,91.09,56.01,78.29,82.4,57.34,81.03
GK,46.77,21.02,58.45,33.39,47.28,69.76,79.82,68.12,70.96,63.31,87.08,82.61
CDM,75.89,25.47,74.73,49.29,89.49,47.51,14.78,13.88,16.14,18.27,9.41,81.33
GK,49.4,31.96,62.49,27.49,21.91,68.12,72.74,59.21,62.88,75.49,57.23,77.79
CAM,76.24,80.03,76.91,87.92,39.19,62.88,13.72,16.63,6.33,8.81,3.06,85.85
RW,86.22,67.85,68.1,76.98,39.36,62.0,12.06,7.76,15.79,11.51,9.96,81.22
CDM,52.03,52.58,73.6,71.23,76.06,77.5,1.0,11.0,10.06,15.22,11.37,82.55
CM,59.09,50.82,67.17,75.02,57.36,61.66,11.81,18.18,12.42,8.04,19.46,80.24
RW,84.65,80.08,75.31,78.16,43.39,66.31,14.5,12.06,6.07,11.25,13.46,84.8
LW,74.01,60.24,52.58,69.37,40.96,63.08,10.2,10.13,9.34,9.1,12.01,79.76
RB,76.99,64.68,71.82,68.02,62.96,50.49,12.74,14.95,5.6,6.31,8.86,80.5
RW,82.53,41.77,92.69,87.45,62.97,62.16,13.53,8.33,16.05,14.19,12.58,85.07
RB,70.66,44.68,64.92,61.26,70.66,63.77,18.14,23.01,14.9,11.32,12.99,81.95
CDM,62.24,52.64,66.56,75.9,58.3,72.8,7.97,12.3,18.42,13.8,9.21,76.1
LB,84.16,42.82,48.28,75.1,82.68,75.32,17.5,12.94,15.22,16.53,19.71,82.81
CB,68.94,37.84,57.78,60.78,82.51,85.77,18.32,7.82,13.17,19.07,24.93,88.93
CDM,62.29,49.97,69.64,49.86,56.28,67.73,10.81,17.25,14.9,9.17,14.34,77.86
CM,62.89,68.96,68.2,76.39,54.99,55.54,5.15,15.54,10.34,11.78,6.69,79.58
GK,41.66,27.18,52.98,34.69,33.66,61.87,66.97,66.94,62.22,79.07,56.3,76.31
ST,77.91,82.77,54.46,66.68,54.58,71.59,13.44,9.98,21.83,12.23,16.04,81.29
LB,89.63,40.57,74.29,52.04,67.41,81.91,16.83,14.12,7.84,11.56,6.81,82.27
GK,48.83,1.0,44.07,52.01,46.19,74.69,72.58,69.56,66.07,82.29,72.77,86.22
RW,81.21,53.4,56.14,86.66,29.86,71.48,15.15,7.66,16.73,11.83,8.33,82.48
CM,71.38,71.0,75.56,78.72,81.64,73.88,10.57,7.79,17.83,10.86,9.3,86.11
RB,69.79,64.66,50.17,66.95,78.2,66.5,16.73,15.5,8.81,14.08,19.24,82.18
CB,55.25,28.8,49.57,52.76,63.72,72.2,12.26,10.09,19.18,14.49,16.9,81.02
RB,60.71,52.96,75.78,52.95,66.31,60.14,15.35,10.16,6.18,8.98,3.65,75.79
ST,57.43,77.88,61.04,54.35,47.8,62.17,9.13,19.19,7.41,13.73,16.3,75.56
CB,76.63,40.23,74.02,52.33,79.85,62.04,16.35,25.26,15.07,18.15,5.98,81.26
CDM,55.93,51.51,72.73,77.67,76.28,75.05,15.78,17.4,17.93,13.16,13.01,79.01
LW,71.22,80.73,60.57,79.86,24.01,64.88,14.97,9.54,10.45,8.8,10.73,82.69
RB,75.04,30.46,51.72,79.65,75.2,68.04,18.03,19.63,8.93,14.48,19.16,80.36
RB,74.86,55.31,66.74,61.36,71.91,72.5,16.44,10.86,15.87,9.17,10.91,80.94
CDM,74.98,59.15,61.5,70.19,64.14,94.2,13.02,23.19,20.61,11.47,12.9,79.08
CM,66.59,79.01,57.76,60.34,71.03,67.26,5.8,5.09,11.0,13.48,5.01,78.85
CM,72.87,63.79,83.74,59.94,74.43,73.63,17.18,10.24,13.48,7.12,10.1,84.57
GK,21.66,25.18,72.3,40.08,53.76,81.88,50.75,96.65,64.51,78.51,85.16,83.48
RB,67.86,63.5,72.46,71.4,58.58,76.69,3.98,12.02,10.56,14.49,13.84,81.39
LW,78.64,74.44,64.28,77.53,39.35,75.49,13.25,17.59,9.52,16.05,5.19,83.63
CDM,71.88,43.12,74.26,44.6,76.99,78.44,12.07,13.87,14.05,14.77,12.19,81.88
CDM,72.26,44.78,63.25,62.36,81.33,90.57,12.14,7.34,10.05,15.16,17.78,82.69
LW,84.59,82.32,83.1,69.98,53.4,68.38,11.28,11.7,6.93,13.53,14.0,85.52
RW,70.75,69.44,73.21,73.44,43.48,57.21,12.24,7.32,16.28,19.32,1.1,80.77
ST,80.72,88.7,70.3,74.61,29.1,66.51,20.61,11.86,6.85,5.92,8.36,85.02
LW,89.92,73.66,48.72,85.36,49.11,51.4,10.98,14.22,15.95,9.21,15.18,82.94
LW,72.17,69.42,85.59,87.65,41.47,65.71,14.81,8.77,15.23,13.72,5.17,85.57
ST,72.46,75.26,57.05,59.66,63.33,78.82,13.23,9.86,9.68,8.93,16.62,82.44
LW,85.31,60.69,45.58,85.45,35.38,59.64,10.45,11.36,12.24,16.76,9.79,83.26
RW,74.81,70.61,52.81,65.52,39.35,61.86,13.14,4.72,13.27,20.0,7.26,79.13
CAM,71.47,70.66,72.13,95.29,46.43,69.33,14.8,18.11,15.66,13.93,10.84,88.47
LW,79.14,69.37,57.31,77.98,33.01,71.08,16.06,7.6,11.7,20.85,20.55,81.59
GK,34.59,22.05,47.29,22.25,22.78,55.54,55.34,58.38,65.42,80.52,54.42,75.79
RW,81.19,70.72,73.07,70.11,26.02,58.17,19.09,17.75,12.59,14.37,11.58,85.3
CDM,67.28,55.91,61.16,79.83,78.83,71.78,17.94,10.06,12.8,6.39,13.34,84.28
LB,61.42,65.03,73.7,70.2,65.14,74.28,9.33,5.47,12.95,15.9,3.82,81.84
RB,71.75,53.73,70.41,67.3,69.4,48.58,9.36,15.47,12.06,7.99,6.85,78.06
CM,59.55,75.31,75.36,70.39,53.03,58.07,12.52,8.19,6.38,6.04,7.87,78.7
LB,68.09,56.26,67.14,56.87,63.13,69.84,9.68,13.66,14.05,11.16,12.47,82.1
LW,90.11,81.88,72.6,71.21,35.72,66.87,9.67,13.3,13.76,4.99,8.5,87.31
LB,64.41,49.69,62.63,64.82,73.31,68.93,5.28,10.03,16.28,12.96,4.21,77.57
LW,88.74,61.9,75.75,56.54,38.6,63.86,9.94,4.07,9.69,17.99,13.92,82.77
CDM,68.06,55.57,69.47,54.99,66.6,84.28,17.16,16.54,3.16,12.77,13.19,80.78
GK,41.44,32.2,55.98,46.12,30.86,62.12,81.59,54.72,57.44,72.41,82.47,80.26
RW,86.6,75.03,64.54,93.27,51.35,52.77,23.79,13.48,7.96,13.39,12.85,88.36
CM,65.9,66.21,64.6,57.1,68.35,71.17,20.51,13.7,11.9,12.21,15.22,79.5
LB,71.51,45.94,67.6,76.98,70.72,73.11,12.1,14.98,16.59,14.95,10.34,81.48
CM,63.42,44.66,69.24,49.11,56.54,55.32,20.75,15.9,14.93,16.2,4.46,76.76
CAM,53.09,73.31,76.64,92.09,44.86,68.5,8.54,5.84,7.38,4.86,1.35,86.12
LW,62.72,76.57,63.03,83.11,34.61,68.46,11.33,12.95,16.37,3.74,14.7,81.17
CAM,76.88,62.14,79.34,77.49,45.95,69.83,13.04,8.24,12.84,4.83,11.53,84.61
RW,82.14,67.68,73.41,76.34,36.69,61.93,12.08,5.62,3.62,13.74,9.92,83.83
CAM,64.66,67.32,94.92,68.12,46.03,59.84,9.97,17.84,12.48,12.49,17.44,84.83
ST,80.35,75.76,56.92,72.37,35.49,68.53,6.42,11.89,7.72,7.72,7.51,80.88
LW,90.34,76.86,76.71,77.74,47.88,66.35,14.5,7.96,9.13,11.51,11.67,86.14
RB,77.93,57.12,80.07,62.55,57.57,72.21,1.2,12.06,10.21,19.45,9.5,83.44
ST,80.95,71.15,57.23,79.45,31.23,77.76,15.66,13.13,16.48,7.4,7.34,85.4
GK,48.05,32.91,49.41,31.47,33.48,68.53,86.74,67.32,68.79,56.63,68.16,78.68
RB,68.85,33.58,63.03,65.52,49.14,62.8,15.54,2.19,8.08,6.7,13.98,78.48
RW,73.74,68.51,66.97,93.27,51.78,43.88,14.81,18.61,20.49,9.03,8.68,82.89
RW,59.68,76.03,70.79,79.54,34.69,54.85,4.43,12.96,13.72,3.63,5.9,81.22
LB,74.4,53.21,63.61,66.97,71.99,63.59,18.71,14.66,10.53,11.19,11.42,79.91
RW,92.72,72.09,56.26,80.75,52.09,73.91,19.16,18.17,14.75,6.15,8.24,84.97
ST,73.81,73.87,61.94,84.84,41.23,59.74,7.09,8.65,15.91,15.78,14.4,81.32
LW,75.26,83.04,60.35,67.69,50.25,48.8,13.53,6.92,15.82,16.85,14.07,80.69
CDM,74.71,49.29,57.47,80.39,74.41,96.64,10.03,10.92,11.58,10.17,6.74,82.72
CDM,74.41,54.83,45.41,75.03,79.82,65.12,11.35,11.96,13.03,15.47,14.68,77.41
GK,52.6,16.59,56.03,23.59,33.58,72.79,63.06,54.95,66.73,79.76,75.81,79.69
ST,71.74,76.63,65.55,72.73,59.28,84.32,12.21,12.31,14.64,1.06,12.47,84.33
LB,64.58,34.05,58.05,60.76,68.23,65.3,15.13,6.2,9.22,11.09,7.57,79.28
CAM,70.35,78.32,73.52,84.51,55.5,66.86,6.75,10.77,9.63,13.72,6.82,83.53
CDM,79.19,67.71,70.74,56.21,63.71,84.71,13.12,14.62,19.45,9.68,16.79,83.03
CB,49.8,37.34,46.63,50.67,98.17,72.28,17.18,12.63,17.35,19.29,12.39,81.28
RB,91.31,43.37,69.1,61.69,75.38,76.6,14.95,5.84,5.91,14.54,10.69,86.23
CM,78.62,63.56,73.98,68.86,54.78,65.06,8.5,3.98,12.93,8.87,7.1,83.81
RB,77.63,62.26,75.2,58.35,81.95,86.04,5.63,13.03,16.9,13.62,11.34,88.27
RW,91.31,51.47,64.25,83.01,48.78,65.16,12.15,9.13,8.48,14.79,13.1,84.33
CB,58.38,30.6,43.85,52.49,81.28,73.12,11.34,17.01,20.26,9.43,1.36,78.98
RB,80.15,39.32,57.91,62.26,57.9,48.01,3.55,8.83,11.86,13.96,10.66,75.27
ST,65.52,68.68,64.3,76.48,13.55,68.21,12.33,12.59,15.58,13.17,4.16,80.46
RB,75.28,39.21,65.44,67.87,55.16,57.52,9.91,11.95,13.16,13.75,8.32,75.69
RW,72.48,53.39,61.5,74.03,27.49,57.56,20.35,18.71,16.54,14.98,13.8,77.89
GK,58.1,29.58,21.33,47.38,45.9,71.94,76.57,85.47,69.44,75.99,63.66,81.54
CM,70.8,62.69,49.47,85.89,47.88,75.21,10.7,17.68,20.93,16.66,12.29,79.34
RW,79.6,96.05,66.17,86.62,39.32,65.36,11.45,14.83,15.22,12.64,10.48,89.18
ST,77.52,74.45,75.4,65.29,29.43,60.77,7.57,16.69,9.49,1.11,12.31,80.73
LW,71.25,88.72,73.84,76.51,33.33,76.96,9.49,14.73,12.32,15.57,13.38,85.2
CDM,76.12,27.32,78.52,59.84,64.35,70.88,10.08,15.85,8.97,12.89,13.41,79.21
RB,61.19,24.36,59.19,69.09,56.99,61.83,8.9,9.79,15.05,10.54,10.93,74.3
CM,62.22,60.25,62.42,78.5,57.32,59.28,6.0,5.14,16.33,12.36,11.24,77.12
CDM,54.97,36.83,78.62,49.53,89.35,54.46,9.45,12.72,13.61,12.7,13.44,80.58
CDM,48.29,44.19,65.84,55.98,46.61,83.13,15.63,5.7,10.76,8.55,8.93,78.73
CB,53.77,33.11,55.59,33.71,78.61,94.47,3.66,17.19,7.9,24.25,6.62,84.59
LW,80.02,61.88,67.66,77.44,29.76,64.85,6.66,11.13,15.72,8.57,14.56,80.7
CAM,88.08,55.19,72.14,68.1,41.59,53.3,19.89,17.96,6.32,13.85,10.75,77.87
CB,58.04,29.42,65.01,53.53,72.53,87.58,16.26,11.92,19.02,12.37,20.49,81.74
LB,79.94,43.49,78.48,49.37,68.21,79.95,13.38,11.13,13.67,18.44,16.68,84.76
LB,74.06,69.12,68.07,81.29,73.2,48.5,11.86,21.14,9.92,13.56,14.6,79.84
LW,90.84,59.11,68.82,81.31,60.28,65.22,5.1,10.21,5.88,10.68,14.46,82.77
RW,74.9,72.56,63.36,73.98,30.43,52.86,13.1,18.04,13.31,15.91,16.09,82.83
GK,51.79,27.65,40.44,40.41,39.02,45.65,82.78,61.63,64.05,74.5,70.97,79.84
CDM,70.76,58.23,78.2,73.66,82.39,77.6,11.03,11.17,12.59,9.08,6.52,88.01
CB,73.9,28.15,64.47,40.89,80.05,60.12,15.28,11.35,8.28,10.81,11.89,79.83
CB,47.2,27.63,68.09,45.8,67.91,74.3,8.59,17.69,17.8,12.13,11.46,77.53
LW,83.23,80.64,65.02,73.21,25.3,74.46,20.56,12.89,12.83,14.45,12.41,83.74
RW,77.02,69.46,62.92,76.53,35.77,66.76,6.33,14.8,10.33,12.66,10.08,82.07
CAM,80.17,82.81,67.55,85.04,37.65,70.46,16.56,15.11,19.57,11.92,13.5,87.8
CB,77.14,35.85,65.06,33.02,90.4,73.7,20.49,13.98,7.14,6.51,14.32,85.92
LB,64.21,35.03,64.12,62.09,86.1,64.46,15.51,7.51,7.84,8.43,15.62,83.21
RW,66.75,68.08,69.36,70.68,29.71,66.93,4.61,12.53,14.9,9.89,10.61,77.86
CDM,67.99,52.42,60.09,62.61,78.48,70.52,10.74,15.82,4.06,12.03,17.43,81.16
CAM,66.1,66.27,63.72,75.68,49.87,52.93,7.72,8.16,15.12,7.78,14.38,78.94
CB,76.11,30.14,51.59,44.35,69.74,87.97,17.8,4.11,14.22,17.6,8.26,84.71
CB,69.07,28.02,46.34,25.68,70.2,93.7,17.15,17.62,23.24,13.68,16.66,82.96
RB,65.1,38.17,72.08,78.63,60.41,73.41,17.13,14.75,16.29,9.32,11.96,81.88
GK,40.77,36.57,57.95,34.61,39.32,67.7,83.31,89.81,57.58,75.64,56.26,82.5
ST,77.18,78.15,62.03,68.88,24.68,73.64,10.83,11.47,17.02,8.22,12.24,82.42
CAM,63.36,86.97,80.09,82.39,34.97,38.09,11.15,8.28,17.98,15.03,7.67,83.05
CDM,53.79,52.49,67.2,74.99,69.14,79.68,14.47,18.64,14.78,7.56,13.43,79.83
CM,63.29,69.25,96.05,65.23,48.65,67.69,10.9,12.72,14.01,8.12,7.19,83.88
LB,92.2,49.27,69.58,68.36,53.38,76.45,9.86,3.15,20.3,9.46,18.27,84.23
CM,79.46,64.94,61.37,79.77,68.09,61.68,6.81,13.8,7.84,10.06,10.71,83.37
CDM,73.28,53.8,59.12,48.87,77.38,66.79,16.84,16.72,10.72,7.94,8.23,78.25
CB,57.74,18.73,65.18,35.16,77.15,62.14,11.9,25.68,15.31,8.35,6.43,80.75
ST,71.92,98.33,66.63,61.62,47.43,82.41,19.88,15.29,4.07,11.43,8.13,87.24
CDM,60.76,45.25,69.09,72.86,87.6,91.57,19.49,9.6,23.06,8.94,19.99,86.06
CDM,70.43,46.65,83.97,85.72,64.85,66.05,12.23,17.93,12.29,18.1,11.85,80.51
RB,70.39,55.47,39.22,65.2,93.11,52.78,8.77,16.66,11.57,4.53,13.34,79.61
RB,66.15,65.87,70.76,55.3,81.3,72.76,12.03,10.04,10.1,9.16,16.27,82.08
ST,67.31,77.03,44.93,75.16,26.69,76.27,11.41,8.87,15.88,10.35,15.46,80.78
RW,84.36,68.58,91.27,76.12,41.67,58.06,3.86,19.55,10.39,9.54,14.64,85.78
CAM,72.42,58.22,73.92,67.56,39.75,37.38,15.68,19.1,3.83,16.43,9.51,79.66
LB,84.52,46.99,57.31,60.93,82.65,63.21,1.85,7.82,15.27,10.97,11.48,83.62
CAM,76.18,79.97,66.55,80.08,45.14,66.86,12.4,13.6,12.16,11.2,10.66,85.94
RW,78.02,58.22,96.01,91.86,42.01,63.03,11.5,14.61,6.86,17.6,6.87,87.11
RW,66.51,52.6,73.72,66.86,43.2,61.26,26.92,14.14,14.15,10.8,11.5,79.39
RW,72.69,77.48,66.99,85.68,29.63,58.91,9.76,12.22,14.81,4.6,3.96,85.67
GK,39.09,47.43,53.27,36.26,36.24,57.32,75.82,68.97,56.17,82.93,57.95,79.99
LB,78.55,30.15,60.76,62.37,83.91,69.28,9.46,8.03,14.43,14.84,14.81,83.46
RW,89.8,51.63,52.21,75.13,25.03,61.62,16.58,18.67,9.05,23.64,10.17,79.82
RB,61.53,41.48,50.7,68.89,75.42,52.22,11.42,15.45,9.84,9.14,21.51,74.97
ST,82.14,88.02,77.75,47.62,30.24,89.74,18.84,6.56,15.81,8.71,10.93,86.99
CB,79.52,19.97,46.88,59.44,82.79,90.4,11.54,12.16,15.96,13.22,15.72,86.57
RB,81.17,41.69,72.56,65.66,79.4,63.17,6.47,13.47,7.77,12.01,13.57,83.26
GK,51.9,10.36,52.27,25.9,25.14,66.81,63.57,49.12,56.93,76.99,71.43,75.95
LB,70.95,52.17,72.33,50.16,70.89,61.06,17.99,6.27,16.39,14.26,11.22,78.71
LW,68.22,68.35,51.23,78.18,28.1,46.59,13.39,12.92,13.42,10.09,8.0,79.55
RW,79.86,68.65,73.7,95.71,36.91,64.63,17.34,13.44,8.97,11.47,5.51,84.56
CM,66.56,66.23,76.05,50.66,42.78,71.01,8.92,4.28,10.97,15.02,15.76,77.66
ST,66.68,71.27,76.85,65.07,32.99,53.59,7.93,8.56,10.98,20.55,10.35,77.66
RB,78.21,54.08,72.61,45.16,64.55,64.9,13.95,10.56,13.36,13.29,7.2,79.51
GK,31.23,42.39,47.37,29.35,61.38,53.14,65.63,83.1,57.57,55.78,71.13,80.17
GK,43.81,25.1,53.66,30.19,44.03,45.27,79.9,62.44,42.9,62.66,51.85,74.28
CM,65.54,59.22,80.49,65.73,66.99,80.62,21.75,11.54,7.74,18.22,20.33,81.94
RW,81.57,94.33,68.69,80.07,39.7,57.51,3.55,6.3,18.08,10.14,18.81,85.99
RW,66.29,73.84,76.32,83.8,54.64,77.86,8.19,11.68,8.84,5.64,5.94,83.54
CM,68.04,65.2,90.65,84.48,51.2,77.64,6.27,9.22,10.21,15.41,13.37,84.95
RB,57.45,54.32,63.12,68.44,71.29,75.47,14.15,8.07,16.18,14.04,9.46,80.94
CDM,72.08,52.11,77.87,73.91,80.57,57.82,15.13,12.07,12.64,5.23,14.32,83.93
LW,83.51,68.02,66.8,78.0,49.22,73.14,17.69,8.53,9.88,15.47,11.03,84.04
CDM,67.14,48.4,73.39,61.5,65.57,65.87,10.84,8.16,4.33,10.42,4.77,79.51
CB,62.07,43.2,54.14,40.58,75.46,85.62,9.86,18.78,15.47,13.51,16.93,81.61
CM,55.21,60.04,78.55,66.5,54.26,68.29,11.98,15.89,13.03,16.38,23.02,78.3
GK,41.48,18.46,46.36,44.63,23.28,69.82,73.15,87.25,55.39,59.94,42.13,73.97
CB,48.66,46.72,57.37,46.34,76.39,80.36,10.88,12.31,13.43,16.51,25.06,80.91
ST,67.86,85.36,65.36,68.12,22.56,73.36,13.51,17.22,12.7,16.34,8.18,82.67
CAM,68.61,57.88,91.07,84.5,27.46,58.85,12.67,8.51,18.26,13.55,12.07,84.33
LW,81.48,59.36,70.39,91.22,53.49,67.88,15.38,16.27,10.19,10.47,15.64,85.4
GK,32.74,11.47,40.02,39.6,25.83,67.85,73.43,48.74,57.79,74.67,60.48,75.09
RB,72.7,30.01,54.56,75.67,71.46,63.9,14.23,10.38,7.32,15.37,9.79,80.17
GK,34.3,21.3,20.44,26.7,40.76,77.22,74.1,75.17,75.0,54.62,70.16,80.59
GK,51.38,34.49,39.25,36.46,22.47,72.81,72.62,93.58,52.89,51.58,75.39,79.42
CAM,77.06,57.46,79.58,72.31,26.02,56.21,7.06,15.06,15.6,13.07,14.07,81.66
LB,64.6,38.0,51.2,68.47,67.21,74.09,17.16,10.13,10.5,16.38,9.19,82.73
GK,45.72,36.03,54.39,43.03,17.45,68.8,91.56,73.26,65.11,56.1,72.33,80.24
CAM,90.74,55.3,91.91,71.04,51.61,71.42,10.25,11.14,14.96,10.02,10.39,85.93
ST,84.76,86.45,61.81,77.3,38.67,71.46,15.04,13.87,9.53,16.08,9.97,88.74
LB,61.59,53.68,49.9,54.21,80.04,64.14,8.94,8.91,16.97,13.62,9.28,77.03
GK,70.98,25.55,67.06,39.91,35.2,86.0,73.2,78.53,70.28,65.16,60.16,78.44
CB,67.94,33.86,61.39,60.9,61.08,67.38,9.91,20.15,7.7,13.39,12.97,77.67
LW,85.21,64.71,76.72,84.14,49.46,50.68,8.61,13.3,11.11,13.72,11.0,84.67
CB,58.52,41.6,45.77,63.3,78.24,74.59,7.48,13.35,7.39,20.01,16.0,80.41
LW,84.82,86.92,78.63,88.03,30.1,43.8,8.95,17.5,9.42,9.46,16.41,84.75
CM,58.45,50.17,83.33,69.52,48.89,55.55,6.95,7.64,13.56,14.32,12.8,75.61
RB,77.68,53.78,67.25,68.05,79.81,47.3,4.91,11.48,9.46,7.39,10.5,80.75
LB,79.6,50.15,64.24,55.0,69.71,61.5,7.0,7.76,17.4,14.21,18.98,79.56
LB,71.89,46.65,79.05,61.78,47.57,63.46,8.72,9.91,9.84,6.66,17.36,77.71
CM,69.5,67.42,58.89,74.89,59.1,60.92,11.82,11.03,10.91,19.14,13.09,80.63
RB,64.77,39.32,65.32,70.75,57.7,59.0,13.58,10.75,12.77,11.65,8.53,75.89
ST,61.93,63.2,40.4,51.37,31.51,84.44,12.07,18.9,16.98,15.19,9.51,77.72
ST,68.8,70.96,60.62,74.49,35.51,70.22,7.88,11.97,14.08,11.82,14.63,81.59
RB,88.56,48.31,62.45,67.63,81.96,67.33,12.81,10.4,10.75,10.77,21.94,84.59
LB,76.31,76.27,60.5,44.42,71.11,55.25,16.69,8.81,15.27,12.55,1.89,78.9
CM,77.2,43.4,74.84,48.69,70.16,50.69,13.27,5.55,10.89,13.04,17.87,75.84
ST,75.9,79.23,68.48,76.42,36.57,81.4,15.63,12.09,5.47,17.29,5.56,85.68
CB,61.87,55.67,55.1,38.11,69.68,70.32,10.33,13.8,9.48,15.2,13.36,77.16
ST,64.86,73.55,54.68,50.28,46.62,72.26,15.38,10.47,10.27,9.36,11.7,77.47
RW,73.53,71.49,72.82,74.5,60.58,58.43,11.6,10.38,10.75,15.34,12.02,80.4
CM,74.2,58.93,78.6,59.46,64.98,67.8,6.21,15.68,15.63,16.52,18.16,80.37
ST,62.52,60.58,46.85,66.22,38.1,67.96,14.71,12.24,13.72,16.73,13.53,76.25
LW,85.88,60.36,64.68,87.81,40.2,54.02,11.9,11.28,8.61,5.92,6.78,84.03
CM,82.92,68.23,71.92,68.52,58.68,59.66,12.54,9.67,8.0,11.56,14.18,81.78
ST,61.27,83.76,57.9,69.38,47.51,86.85,12.95,3.79,16.13,17.0,10.17,85.49
GK,48.52,17.55,56.62,42.74,35.86,80.53,72.57,74.91,69.77,84.66,48.96,82.78
RW,76.73,68.36,67.77,77.45,43.53,60.62,11.01,7.75,8.61,14.25,14.3,81.24
ST,79.17,80.33,48.02,61.79,24.18,70.98,8.36,4.81,10.16,5.91,14.21,84.12
CAM,50.88,59.63,80.01,63.23,41.05,68.41,11.59,17.23,18.17,13.73,13.97,77.46
LW,93.42,70.34,71.26,66.59,44.48,59.85,6.51,13.94,19.35,10.33,16.89,85.21
RW,86.62,75.27,50.12,84.13,35.3,73.26,11.01,11.51,22.86,9.56,19.68,84.04
LW,91.64,70.79,72.04,81.61,33.48,54.68,15.4,15.78,12.94,14.66,17.42,85.23
CAM,82.79,79.38,72.32,80.05,49.64,59.43,13.73,8.84,6.72,10.67,9.06,85.09
LB,84.82,52.76,76.69,55.04,53.69,71.16,14.41,9.46,5.43,12.32,16.46,77.58
ST,70.95,78.27,69.21,72.58,29.3,73.74,12.91,19.15,12.58,11.18,10.02,85.68
LW,67.42,74.61,68.9,71.82,40.58,49.74,12.07,15.42,19.14,7.3,10.15,79.96
CM,67.62,62.55,68.88,76.5,29.72,58.61,3.13,8.5,18.4,7.62,9.27,76.42
RB,74.99,59.82,63.04,71.11,66.62,61.92,15.83,13.75,13.73,11.26,13.85,80.34
RW,68.09,70.36,61.57,87.45,43.84,65.17,13.2,11.81,13.62,18.85,8.22,80.34
CM,65.41,57.65,50.88,68.55,65.5,60.07,5.93,14.44,20.07,10.23,11.5,78.21
RB,82.18,58.04,63.55,71.91,55.18,58.16,11.58,11.9,17.03,10.22,14.0,78.13
LW,81.43,60.1,64.66,73.92,26.58,32.76,17.75,14.57,9.18,11.21,12.47,80.55
CAM,72.72,82.87,72.41,81.78,39.04,68.72,12.13,12.19,13.25,10.68,12.21,84.61
RW,73.55,80.58,67.49,74.9,48.77,47.14,13.57,11.81,12.62,3.73,9.77,83.12
GK,40.38,16.78,54.55,37.3,37.68,67.4,77.79,56.91,65.18,74.97,80.8,78.38
CDM,60.63,51.72,88.86,66.63,60.88,88.18,13.04,7.86,10.07,6.63,10.61,85.29
CM,81.58,67.48,85.9,65.34,61.57,46.24,11.41,8.15,17.17,11.76,10.53,82.7
LW,81.62,54.26,62.75,66.49,50.09,60.9,8.31,12.07,15.51,6.1,12.38,79.33
LW,71.99,82.98,60.21,76.07,48.89,45.76,12.73,18.99,12.66,14.81,14.43,78.72
CB,45.28,34.71,30.4,46.17,83.67,81.48,17.99,11.8,13.82,15.2,5.0,79.26
LB,71.75,65.58,47.62,80.63,64.1,70.21,8.54,5.39,12.27,13.8,12.76,80.24
CM,85.29,66.59,73.57,76.86,61.0,83.15,11.23,15.33,9.26,10.54,13.74,87.78
CAM,63.45,88.97,86.0,93.62,31.18,59.89,15.38,3.45,13.18,14.88,7.08,90.87
CM,63.78,50.79,87.34,74.14,59.62,65.31,8.85,17.37,12.79,15.51,11.79,81.67
RW,80.26,55.85,52.59,66.52,49.19,68.72,23.6,16.79,16.56,13.46,16.88,76.39
RW,82.57,46.03,84.03,81.9,28.84,66.73,12.43,17.91,6.02,11.47,11.63,83.33
CAM,70.62,88.32,75.48,78.66,47.44,55.77,11.69,5.42,9.49,9.78,14.26,83.68
LB,79.96,43.81,63.12,57.11,66.42,83.73,17.23,15.5,10.23,13.68,15.71,82.02
GK,47.29,15.1,48.18,39.62,36.17,63.79,70.14,89.7,60.89,86.81,83.93,86.19
CM,63.89,62.63,70.38,68.93,69.88,66.16,8.96,12.43,17.49,11.79,14.75,78.77
RW,82.56,72.26,54.36,73.62,36.26,76.58,6.02,9.22,9.45,15.3,15.42,82.93
CM,63.49,79.25,84.51,75.86,64.75,68.49,9.29,10.46,4.13,13.88,6.67,84.19
LB,69.45,44.1,46.11,53.75,58.35,55.84,10.53,12.03,16.67,10.88,17.44,76.69
RB,81.2,54.22,87.54,59.98,59.76,71.42,14.83,10.93,14.41,9.41,9.84,81.62
CB,56.52,20.17,50.26,50.89,76.33,68.03,17.89,8.8,18.84,14.14,27.83,75.93
LB,73.55,30.54,74.64,93.01,66.66,58.9,3.14,14.1,10.35,8.48,14.4,80.76
LW,79.34,76.22,65.4,91.67,45.28,68.73,9.63,20.06,11.67,11.79,6.97,86.57
GK,41.37,19.65,54.33,40.4,26.46,62.13,75.52,70.86,66.86,74.64,72.1,82.48
ST,70.72,79.16,61.95,83.34,42.97,89.68,17.38,14.97,14.55,13.63,15.36,87.03
CDM,58.49,44.29,72.81,73.04,67.74,64.47,7.45,12.97,6.92,11.92,7.88,80.41
LW,91.13,58.48,86.65,81.73,27.17,68.92,11.57,5.94,12.54,10.29,22.12,84.56
LW,85.09,80.01,74.96,79.86,32.29,58.6,13.35,10.91,13.88,14.2,10.98,86.22
CDM,85.98,58.11,57.39,66.46,71.04,65.61,13.29,10.64,8.61,10.36,12.4,81.28
GK,30.19,17.43,64.01,45.03,33.64,56.56,62.24,77.32,58.35,58.53,70.56,75.05
RW,78.17,68.85,52.65,65.94,45.33,59.3,8.87,18.84,16.73,12.85,4.75,78.32
RB,70.68,45.43,57.59,63.85,71.16,77.44,9.5,13.81,10.08,14.3,17.24,81.94
ST,72.37,80.17,54.26,75.89,36.28,78.83,15.74,9.88,11.92,16.34,12.81,85.94
CAM,72.22,86.29,74.71,83.55,48.35,69.79,5.74,21.13,13.45,16.66,11.51,86.89
CAM,75.36,71.56,84.37,83.11,47.59,57.26,16.52,15.74,7.32,9.11,14.41,82.88
RB,77.29,45.03,57.29,54.07,88.33,67.37,8.74,14.12,9.03,9.55,17.18,83.32
CAM,75.24,70.42,84.35,82.84,60.69,38.53,9.28,9.67,17.41,10.43,14.5,85.22
CB,59.3,34.96,45.67,43.73,92.54,79.26,15.52,16.79,7.12,10.46,15.39,83.53
CB,61.25,48.51,41.39,55.36,79.67,74.35,14.52,3.9,14.88,16.51,14.42,80.9
GK,35.1,27.59,26.8,40.02,34.68,62.12,99.0,88.31,99.0,66.25,39.43,80.52
LB,79.5,58.78,76.64,64.05,40.13,61.15,9.39,14.57,13.43,11.68,19.29,78.46
LW,74.37,42.98,67.32,79.73,21.49,52.54,15.1,7.28,14.58,9.79,6.74,79.85
CDM,72.17,40.89,79.71,47.31,61.69,62.39,7.05,15.59,13.65,5.81,13.79,78.0
LB,71.09,26.45,67.26,51.58,61.88,72.61,8.99,20.06,14.05,6.2,20.64,77.88
CM,60.4,50.47,62.35,68.45,76.37,64.17,7.99,14.69,12.62,13.22,11.96,77.9
RB,68.33,56.08,72.49,61.94,56.67,62.23,2.76,11.63,2.87,16.98,14.81,78.23
CAM,81.57,78.96,81.82,92.61,48.12,61.33,14.45,14.44,10.86,14.46,5.81,88.07
CB,51.67,36.06,61.19,48.76,80.12,76.07,7.52,17.0,13.49,9.24,6.99,83.35
ST,76.44,88.03,56.57,62.12,37.23,59.68,12.34,8.69,13.41,15.56,12.09,85.8
CDM,64.5,49.32,61.98,81.43,58.14,62.73,14.66,9.68,13.83,16.22,4.72,79.27
CB,54.46,49.83,67.34,41.86,61.4,69.83,9.87,19.85,17.58,4.31,4.02,75.96
CM,50.01,52.76,72.58,75.99,59.1,67.76,12.67,18.34,13.51,12.59,15.16,79.05
CB,73.4,47.53,56.78,31.02,81.95,76.89,21.14,8.86,16.75,22.62,17.91,85.58
RB,84.94,43.35,56.55,51.24,51.22,71.44,12.17,18.03,11.13,5.84,15.76,80.45
CM,69.59,64.55,82.66,68.17,68.94,64.97,10.95,10.87,10.16,19.49,12.15,79.43
RW,73.37,96.42,65.76,73.14,27.75,31.91,10.47,11.17,11.16,10.27,18.31,82.11
LW,76.74,71.68,64.73,71.49,62.48,57.5,8.78,14.17,12.01,9.42,11.38,80.29
RB,86.5,46.13,60.94,58.27,72.91,75.49,15.19,12.69,11.36,11.44,4.66,84.52
CB,73.48,43.02,60.21,48.4,92.61,66.61,4.74,16.64,15.24,21.04,16.04,84.7
ST,81.22,96.41,52.81,82.58,44.7,67.03,13.23,13.43,14.54,16.26,12.46,86.89
CB,60.46,23.58,64.4,52.25,63.15,71.05,6.97,12.72,15.45,8.96,3.77,78.89
RW,87.02,65.49,61.24,85.32,39.34,72.63,12.12,15.58,5.82,16.05,8.3,85.08
CM,74.98,49.38,70.41,83.53,49.15,94.04,15.95,10.1,9.96,2.63,7.72,85.66
RB,80.57,46.39,57.28,62.15,69.6,77.61,14.04,9.55,7.72,8.01,17.43,81.09
RW,76.13,68.88,70.87,76.03,61.73,58.61,15.39,9.06,13.89,4.58,6.13,83.11
CDM,74.43,48.78,75.4,60.21,77.63,80.38,12.67,9.4,15.57,7.84,13.2,84.38
GK,62.68,24.56,51.11,23.46,44.01,57.14,64.46,73.83,59.84,72.08,61.37,77.47
CDM,74.6,35.4,87.02,67.21,69.89,71.18,14.63,17.66,10.97,9.19,13.47,83.79
ST,74.69,61.21,66.31,84.82,53.21,52.55,21.14,15.46,8.49,8.74,14.0,76.98
LB,58.57,59.4,71.97,53.84,86.77,83.95,12.36,11.88,10.03,12.28,8.95,83.72
CM,69.95,59.72,51.14,82.65,60.9,59.35,17.49,19.23,12.52,16.19,11.69,76.7
RW,72.37,70.97,63.87,77.24,50.09,53.52,13.59,11.93,11.66,18.71,15.53,83.28
GK,42.08,13.34,70.04,38.41,47.71,57.23,68.53,89.59,64.57,94.79,81.2,83.54
CB,49.96,21.99,48.81,40.62,76.87,82.89,9.63,6.31,19.22,16.0,4.8,81.38
CM,73.1,60.38,86.84,71.76,66.11,66.27,12.4,11.34,15.91,6.72,8.07,83.77
RW,73.23,63.04,55.26,89.23,49.98,46.47,13.27,13.31,12.53,16.04,8.66,83.04
CAM,68.33,64.87,75.96,61.38,46.63,66.5,16.0,14.63,16.16,11.65,9.57,75.99
ST,63.93,82.74,53.19,54.98,48.99,80.07,12.33,11.59,15.02,2.98,18.59,79.53
CAM,78.08,72.27,73.51,77.49,42.49,58.46,13.73,6.25,6.95,8.63,6.55,86.49
CB,71.39,30.39,61.25,53.46,92.1,85.22,8.29,7.38,5.37,12.83,9.09,90.39
LW,71.11,77.98,59.02,82.55,49.18,45.26,15.0,15.88,10.88,10.26,9.5,82.49
ST,78.39,69.62,54.01,65.04,33.31,82.17,11.77,10.68,4.81,8.75,9.65,82.87
RB,65.71,50.06,66.64,73.36,77.92,54.84,14.55,11.36,15.08,10.38,3.49,82.05
ST,75.68,85.67,69.51,65.2,41.73,64.62,17.65,14.57,14.53,25.93,7.0,82.06
CAM,63.72,74.45,70.93,73.07,43.35,64.12,10.81,3.86,16.54,10.36,13.54,82.42
ST,50.73,82.15,73.8,74.0,41.88,83.86,6.45,2.44,7.15,13.56,17.87,82.19
ST,89.83,86.47,50.05,77.11,36.23,63.04,6.73,7.89,13.74,2.34,15.77,85.22
CB,53.4,40.04,59.38,47.46,90.05,86.84,16.65,18.57,22.64,23.19,7.12,84.85
CAM,82.47,57.95,76.97,69.54,31.57,53.99,8.94,19.45,10.41,19.83,16.07,81.3
CM,54.86,68.71,69.3,69.95,69.75,63.87,11.31,17.47,10.62,17.12,13.73,81.42
RW,73.1,71.69,71.52,71.88,56.0,39.75,11.09,13.12,13.39,9.39,15.9,82.04
ST,76.85,72.68,65.56,73.99,27.36,66.82,3.24,9.75,18.65,14.31,18.52,81.35
CB,52.38,30.41,54.75,48.14,77.05,75.94,10.94,20.11,15.52,13.32,8.59,82.36
CDM,71.73,50.76,62.0,78.77,59.85,89.91,13.21,7.87,8.34,7.47,14.6,83.7
LW,91.71,68.79,72.79,88.72,45.66,31.26,11.82,12.92,16.92,10.91,11.47,87.27
LW,75.35,80.35,50.78,63.44,29.95,66.65,7.7,3.01,15.37,10.9,12.25,81.39
CM,59.8,49.7,64.68,60.6,65.5,79.43,8.27,5.99,7.6,13.4,11.15,78.4
LW,90.34,70.84,68.42,67.92,32.2,61.77,9.14,11.45,11.64,6.28,17.37,82.61
LW,68.84,87.48,67.14,87.59,31.25,66.65,16.21,17.41,8.95,3.48,20.15,84.36
LB,78.72,44.21,71.78,53.38,57.52,54.48,9.67,13.15,12.54,14.21,10.62,78.11
LB,64.91,45.03,55.34,49.33,57.34,80.49,9.84,7.48,4.8,15.91,12.24,75.97
GK,49.72,24.73,49.5,27.58,42.78,57.58,67.6,69.28,58.62,86.26,60.17,78.1
RW,99.0,57.95,61.76,66.08,40.97,66.05,10.37,13.85,14.39,18.12,11.24,83.01
CB,56.38,38.05,66.48,63.36,89.22,67.1,7.51,14.64,19.96,14.82,17.48,81.19
ST,74.55,94.19,56.31,76.08,35.89,74.08,14.51,10.04,10.94,11.7,9.36,83.19
CM,82.1,73.47,83.6,79.91,70.68,56.75,6.44,10.69,14.79,11.57,6.18,82.78
GK,34.03,36.38,45.88,31.38,22.18,73.46,63.72,51.67,68.37,81.29,99.0,78.07
LW,99.0,60.65,81.24,80.09,39.41,68.15,13.92,9.28,15.58,15.67,16.75,85.43
RB,66.83,33.78,69.49,55.74,77.96,74.45,17.91,16.51,16.4,9.83,9.81,80.18
ST,63.35,89.59,66.27,60.2,38.97,86.41,9.76,3.03,11.75,10.15,14.89,84.29
CM,63.5,57.3,69.81,67.39,51.8,52.36,13.85,13.9,6.46,12.64,11.86,76.95
CB,61.05,46.46,58.0,29.25,89.12,77.12,17.74,16.85,19.14,9.07,7.22,84.11
CM,61.59,65.58,71.04,83.68,59.29,59.74,16.28,15.61,7.31,13.86,12.1,82.46
GK,45.53,11.76,56.5,28.66,19.54,71.26,69.56,80.2,78.74,56.52,79.15,80.61
CB,79.83,26.89,73.91,67.43,71.47,74.36,18.62,19.5,12.28,19.52,12.46,83.01
RW,78.91,67.41,66.19,90.22,38.96,64.17,1.15,18.09,16.12,10.51,13.18,84.67
RB,77.84,71.59,75.89,67.16,59.74,76.85,11.48,9.73,6.36,10.75,19.49,81.65
CM,65.39,46.42,79.49,64.27,64.91,65.5,11.53,9.15,9.87,9.98,9.62,81.09
LB,71.86,43.11,58.65,56.71,59.56,64.26,14.46,15.64,15.57,18.92,14.51,77.28
ST,61.95,76.59,63.98,59.91,51.11,87.41,15.81,10.61,17.86,14.53,11.88,82.92
CAM,83.39,80.24,75.38,75.97,54.6,67.62,7.15,13.65,14.36,17.41,12.55,85.36
RW,81.98,47.07,50.5,74.43,44.89,53.04,8.13,13.15,10.1,17.4,10.0,80.08
ST,90.75,71.39,56.54,66.76,27.95,64.42,15.25,6.83,1.77,22.91,8.56,81.77
CDM,65.77,54.52,96.26,59.75,79.79,79.35,7.51,5.36,18.0,8.21,15.47,88.36
ST,73.01,86.33,47.02,67.96,37.26,67.87,11.52,10.59,12.97,11.83,6.6,83.2
RB,58.66,41.23,66.47,42.93,58.36,54.78,17.46,13.9,6.29,12.1,6.58,72.51
CB,60.46,35.39,67.67,57.8,70.33,68.99,16.39,17.9,13.25,20.7,9.83,82.3
CDM,67.58,51.97,86.53,57.61,75.35,77.02,17.05,12.54,14.66,10.41,13.38,84.35
RW,78.24,68.96,65.5,85.45,36.98,64.67,19.67,20.34,10.39,11.44,15.43,82.68
RB,55.21,29.24,52.06,57.65,71.0,56.95,5.01,16.31,10.26,14.3,8.28,73.44
RB,96.04,66.95,80.43,77.22,87.61,73.71,15.07,18.66,11.28,15.64,6.44,89.79
CM,59.15,54.84,63.46,66.61,68.66,59.58,3.3,7.96,8.89,11.35,11.44,77.45
GK,43.66,27.12,67.4,27.75,48.85,70.5,63.36,74.37,82.62,62.14,54.64,79.38
CB,56.65,9.38,52.51,49.95,79.16,49.73,14.04,13.06,11.57,15.54,12.29,73.71
RW,83.59,74.19,87.76,86.72,40.99,36.09,11.55,11.54,10.8,15.7,12.68,87.35
LB,64.65,28.77,71.81,74.52,63.77,82.53,10.59,8.34,10.57,13.58,15.51,80.43
LB,74.28,59.35,62.35,59.68,73.44,87.33,10.18,12.21,16.98,11.83,14.42,80.05
RB,77.62,49.31,60.95,63.86,72.21,71.81,14.71,5.68,6.46,7.68,14.46,78.24
CB,56.66,31.47,70.96,41.22,92.74,72.7,13.4,11.92,9.95,14.93,6.73,84.17
LW,75.48,83.08,74.35,85.17,45.21,65.17,7.17,16.21,18.72,11.05,11.41,88.86
GK,44.43,25.0,57.78,29.71,37.0,49.79,82.62,61.13,66.65,57.17,79.88,75.1
LB,69.73,30.39,62.88,75.44,64.27,51.11,10.51,12.07,16.93,16.95,11.4,76.76
CAM,72.9,60.89,74.92,76.53,24.44,64.4,16.3,10.97,12.41,17.16,15.98,83.8
GK,41.84,25.48,46.25,35.65,26.89,66.59,84.66,74.92,71.17,61.91,75.67,79.32
CAM,73.25,58.83,86.89,77.67,30.43,45.78,10.12,14.87,11.84,10.32,9.93,83.71
CAM,76.73,82.37,82.92,74.35,44.64,60.31,10.55,7.12,14.55,10.94,16.64,85.14
LB,65.15,41.53,87.65,73.82,69.35,72.89,12.99,11.65,13.53,10.91,10.56,85.36
LW,76.77,69.51,72.61,77.04,55.43,39.16,13.25,9.14,10.86,4.82,11.19,82.37
RB,79.93,42.53,76.07,71.15,62.51,57.28,10.51,13.35,6.42,9.27,20.98,81.22
CB,90.02,33.36,60.6,56.59,82.76,59.03,16.16,16.61,19.65,13.83,11.18,82.21
LB,75.65,51.28,69.01,57.3,68.19,58.38,16.43,14.05,10.29,8.77,14.11,81.04
CM,63.05,49.49,86.37,60.4,63.35,76.24,11.99,13.24,12.9,10.1,12.37,79.31
CAM,76.67,64.99,93.62,68.47,38.45,48.8,17.06,8.72,6.51,12.74,13.29,82.57
RB,74.27,35.71,65.44,61.51,65.86,51.25,11.72,10.75,15.22,9.5,15.63,78.43
LB,64.69,46.03,37.4,68.37,70.79,75.59,13.64,11.31,10.51,17.3,11.33,78.08
RB,73.7,26.76,65.67,66.35,76.69,65.24,15.13,15.41,13.33,9.77,12.43,80.57
CAM,53.41,85.21,71.72,72.04,32.98,65.47,9.02,10.72,15.86,9.31,10.25,81.77
GK,55.67,24.69,73.26,29.98,34.24,79.0,68.37,84.39,70.67,88.24,53.37,83.16
CB,55.1,18.94,55.31,40.2,54.44,69.0,18.35,24.29,6.16,11.64,9.72,73.93
RW,79.09,88.24,77.45,78.71,39.12,64.35,12.58,13.36,19.6,14.91,9.44,84.48
CB,84.72,35.68,51.53,44.1,73.64,78.38,7.25,12.94,9.67,16.5,12.05,80.77
RB,84.37,33.79,65.29,58.55,63.25,42.56,10.52,14.61,12.22,12.07,15.31,81.05
CAM,64.71,66.49,75.51,70.83,17.78,47.56,9.35,15.41,16.71,15.45,22.46,79.71
ST,73.73,92.31,60.8,80.11,56.69,74.12,10.06,10.7,14.43,8.51,6.38,87.61
CB,47.29,32.22,51.66,61.21,67.36,89.73,14.54,12.89,23.49,9.41,16.25,83.36
CM,80.76,59.13,71.97,81.94,60.81,49.53,6.87,3.66,15.74,9.8,12.33,78.55
LB,73.65,54.44,86.14,62.37,46.48,74.37,11.8,12.12,4.51,11.89,9.43,80.79
ST,89.59,86.36,48.29,78.6,35.81,69.92,9.9,18.58,12.22,20.59,13.74,84.28
CB,75.19,32.94,72.8,39.47,79.34,81.31,26.04,6.29,17.0,11.96,16.91,84.33
RW,77.63,64.47,78.54,83.14,50.22,52.78,9.27,11.62,10.14,16.22,7.89,85.55
RW,93.06,69.7,65.6,68.01,39.69,68.8,12.82,20.53,8.33,14.28,5.29,83.16
RW,97.67,56.65,57.23,85.87,30.58,70.52,12.33,11.86,10.87,9.71,5.62,86.38
RB,74.14,40.26,80.73,70.75,59.47,67.51,6.34,9.9,13.27,7.93,14.65,81.23
CB,56.26,11.0,46.18,45.19,74.79,95.88,16.72,7.36,25.52,12.74,18.4,80.86
CB,48.16,28.95,58.24,20.0,93.94,63.35,18.12,18.61,17.75,19.28,15.73,80.28
CM,59.54,61.85,75.82,70.15,73.04,69.02,13.62,8.07,9.01,12.41,11.51,82.42
LW,75.31,68.16,67.57,72.75,37.4,58.16,17.72,8.77,15.07,18.4,17.69,80.85
GK,49.14,21.25,44.73,24.02,36.11,70.32,81.6,90.36,60.67,60.47,48.8,79.53
CAM,72.22,87.93,78.75,74.12,36.05,56.9,15.08,8.82,8.4,9.6,12.16,84.63
CAM,70.06,67.99,90.57,80.35,43.24,43.07,6.11,9.54,4.1,16.42,8.5,85.47
GK,54.28,24.48,52.37,25.2,35.57,55.45,58.93,74.36,86.99,68.76,60.68,76.86
RB,91.62,46.32,63.49,61.37,75.99,63.79,11.42,14.2,15.01,10.93,10.55,83.85
LW,71.59,53.6,76.37,83.14,30.6,56.04,11.32,21.58,8.32,8.97,16.79,83.96
ST,71.3,87.2,76.71,74.22,38.42,71.45,8.51,16.35,15.5,12.56,11.78,84.72
CDM,63.74,46.59,50.86,61.22,77.57,78.83,13.73,6.57,10.9,15.87,16.33,77.52
RB,71.72,33.38,53.37,60.81,79.27,70.67,3.84,15.32,8.39,16.0,13.99,80.11
CDM,81.62,45.87,65.71,61.3,69.92,70.48,15.03,7.69,10.62,13.95,14.69,79.87
CDM,54.84,57.45,72.53,58.88,56.24,68.97,7.03,8.4,11.93,12.89,16.33,77.4
RB,82.43,44.05,56.66,71.16,55.73,75.21,19.74,18.65,17.53,11.92,15.71,76.9
CB,46.64,39.0,60.45,36.66,82.67,84.04,23.19,12.8,15.55,18.26,8.42,82.77
RW,84.72,65.59,73.33,72.18,39.09,63.08,14.29,15.36,12.1,12.31,17.14,81.61
CB,67.55,48.71,53.38,51.95,78.36,72.05,15.98,14.99,10.43,14.5,21.05,80.83
GK,60.79,41.06,42.38,43.91,42.81,78.66,82.49,58.48,70.51,77.2,94.27,81.31
CAM,79.61,73.32,82.65,88.3,40.22,83.44,3.07,11.76,9.47,13.04,7.59,86.77
CM,72.78,59.54,79.19,67.0,60.66,73.51,10.08,6.46,13.05,10.97,9.36,78.04
ST,80.1,94.69,47.12,65.6,31.44,80.98,13.64,9.39,4.51,12.64,17.99,82.74
CB,66.95,50.87,52.34,40.42,60.8,54.32,16.46,12.79,15.79,12.13,12.45,72.89
CDM,61.29,68.97,84.08,70.15,72.44,78.78,9.96,8.41,14.76,2.76,10.92,84.62
LW,79.04,67.33,81.95,70.97,42.21,50.62,12.53,9.46,12.69,19.22,13.57,81.24
CDM,66.06,45.2,83.93,44.33,66.92,51.55,7.02,13.76,13.05,17.76,15.79,78.31
LW,93.38,76.11,73.1,87.3,37.97,55.52,12.74,14.04,10.76,11.66,18.45,86.1
ST,69.56,79.8,56.46,83.57,22.64,74.58,20.21,10.39,12.24,3.74,21.42,85.83
CDM,59.04,60.71,69.08,62.67,68.09,79.65,3.82,14.02,8.85,10.14,8.15,79.51
ST,84.25,67.99,65.38,57.27,22.62,82.35,12.5,11.26,14.35,12.11,11.28,85.6
CM,64.47,56.86,77.37,70.74,59.37,74.39,10.47,18.47,12.42,5.43,9.87,82.0
GK,32.48,12.62,48.35,36.81,32.83,74.41,65.64,83.59,58.39,69.94,75.17,79.75
CB,79.7,35.82,34.76,67.18,85.22,62.1,12.09,11.18,5.39,13.63,9.25,80.12
RB,70.89,42.77,79.35,47.94,77.46,69.91,15.4,14.3,12.98,3.71,17.87,84.14
GK,45.11,24.23,34.85,42.98,26.99,44.56,70.19,70.19,48.9,59.94,79.25,76.54
CDM,53.98,59.44,77.02,63.83,48.68,75.41,9.75,12.28,10.01,16.13,9.36,78.43
RW,65.42,85.23,53.93,67.44,51.95,56.97,7.34,14.23,7.5,14.39,13.44,77.14
LB,78.0,47.78,82.27,60.13,50.56,59.38,5.6,9.22,18.4,11.0,16.01,76.31
CAM,69.19,51.55,74.95,97.83,37.32,70.34,22.84,9.16,15.08,12.46,21.27,85.45
LW,79.21,73.78,88.69,74.68,24.51,83.42,15.48,9.98,16.6,9.22,9.61,89.09
LB,75.23,40.62,54.06,76.92,70.88,61.88,4.02,12.37,10.88,17.73,18.03,82.27
CDM,71.18,59.36,53.21,47.33,73.83,68.89,8.37,11.15,16.67,6.96,10.25,79.03
ST,70.22,74.79,72.66,78.1,39.93,98.44,6.63,14.92,14.84,12.8,17.04,86.04
CDM,68.66,65.46,54.85,57.24,78.92,46.17,8.85,14.22,20.0,8.35,20.26,76.48
ST,76.51,99.0,65.07,78.51,41.41,82.55,7.22,15.14,3.34,6.64,14.2,89.62
LW,71.46,68.5,67.51,71.26,27.58,60.63,4.88,9.81,20.27,16.42,7.27,80.25
ST,79.46,71.29,65.76,63.87,44.64,64.13,10.05,10.57,1.77,11.98,10.19,82.79
LB,58.04,72.02,68.9,67.37,72.72,56.09,8.2,8.9,15.57,10.56,10.27,80.99
RW,81.28,64.43,62.11,67.92,48.29,76.11,10.43,16.07,15.55,9.54,10.89,81.54
CM,67.26,82.53,84.11,75.33,62.9,49.17,17.31,11.97,6.84,8.72,15.71,81.27
LB,73.84,35.88,78.43,65.62,69.82,69.56,9.04,7.32,13.14,10.93,12.78,83.18
CDM,69.07,36.51,62.95,68.86,83.56,80.96,15.25,7.63,9.66,2.55,9.32,81.94
CM,66.29,43.56,72.19,73.12,61.15,59.7,8.07,10.3,4.34,16.92,9.62,78.44
RW,89.91,72.0,59.46,74.64,37.4,53.89,7.26,16.08,17.74,9.88,12.75,83.15
LB,77.96,48.21,65.64,66.24,57.4,64.73,4.28,7.6,8.99,9.02,12.98,77.13
CB,52.39,23.88,53.95,45.93,74.15,72.79,18.39,18.13,24.93,4.71,12.2,80.04
CAM,63.95,69.89,66.38,60.16,69.06,76.79,8.39,6.71,6.2,17.83,6.12,79.92
RW,85.94,75.1,71.47,86.25,46.93,53.07,10.6,1.76,10.59,6.31,1.0,86.79
LB,65.13,53.04,54.61,61.04,82.61,59.68,12.99,9.38,9.73,10.36,10.88,80.56
CDM,62.72,49.11,69.47,66.03,72.35,87.82,11.43,14.1,19.37,14.13,17.02,83.49
CB,56.56,53.74,43.7,46.11,88.42,54.09,8.41,12.83,18.24,11.71,9.6,78.6
ST,75.28,76.54,55.97,77.68,47.8,77.95,11.09,12.27,7.07,11.98,10.59,83.27
CB,36.97,31.53,66.39,55.4,65.11,76.98,12.64,8.6,12.9,17.86,17.73,77.7
GK,24.5,30.39,43.49,37.89,48.81,65.11,77.72,75.75,81.29,80.98,52.84,79.96
RB,76.13,40.69,71.07,68.55,60.24,67.57,11.91,12.68,14.18,13.87,13.37,80.59
CDM,58.46,54.1,73.81,66.8,70.55,83.11,8.68,13.07,15.43,12.83,19.56,84.9
CB,67.37,43.6,53.27,53.41,84.18,75.9,4.97,6.76,12.13,9.88,13.62,84.26
CB,60.7,32.42,57.48,27.56,73.69,88.96,9.93,22.42,13.59,6.71,6.32,81.91
CAM,76.94,80.33,82.81,85.9,37.97,70.08,6.44,12.56,13.09,10.33,14.05,86.42
RB,72.59,43.8,51.46,66.31,74.03,76.35,9.01,11.86,14.16,10.31,10.41,79.79
GK,66.28,14.78,47.45,35.18,51.01,59.53,79.1,65.28,71.87,79.24,88.78,82.94
CAM,57.94,71.35,75.27,71.74,36.61,61.64,11.17,11.98,8.93,14.15,11.37,79.02
LW,79.36,53.66,59.69,84.96,48.15,54.4,16.33,19.89,6.2,9.6,13.88,80.23
ST,71.73,70.45,44.83,60.65,25.29,56.52,10.4,8.33,14.43,11.72,22.67,73.91
CB,47.72,35.68,44.55,54.32,63.77,38.71,1.0,15.14,11.56,9.38,6.93,70.01
RW,88.76,60.27,73.83,82.6,49.54,63.21,7.31,13.88,15.09,12.44,18.0,83.48
LB,71.4,39.69,70.55,69.61,66.72,82.29,13.38,11.85,20.69,12.58,14.72,82.91
CB,53.66,52.88,63.26,43.75,65.26,95.81,31.18,5.77,4.81,17.65,15.09,83.26
CAM,73.24,63.88,81.48,67.53,36.71,59.54,12.55,9.47,5.46,8.7,14.29,79.89
ST,61.71,76.35,42.32,69.57,43.01,61.02,20.66,7.99,19.45,12.1,10.48,76.39
RW,65.02,64.67,44.56,83.74,61.57,57.72,13.58,7.83,13.28,4.31,15.51,80.67
CDM,53.53,59.71,68.36,56.43,78.62,79.97,10.8,12.48,9.37,8.87,12.32,81.05
RW,81.37,67.12,54.93,69.96,48.21,50.77,14.04,12.61,15.81,12.37,13.1,81.81
LW,79.17,77.28,62.93,71.62,44.97,70.4,9.63,16.4,14.62,7.19,15.37,79.9
RW,91.0,73.85,76.23,87.35,47.92,48.4,3.19,14.28,9.64,18.63,12.45,89.96
RB,60.9,50.96,79.9,77.52,52.21,72.1,15.97,15.65,11.58,13.45,16.78,81.24
CB,75.75,41.53,42.2,42.46,82.26,82.8,16.6,14.06,18.69,15.24,12.16,84.82
LW,79.4,80.6,72.87,86.62,52.8,37.86,14.93,12.39,17.89,8.11,16.09,85.59
CB,38.15,37.99,50.42,52.62,83.44,80.61,13.48,11.42,13.67,22.86,12.59,77.75
RW,95.21,80.02,72.82,61.44,46.43,51.68,17.44,12.76,17.51,13.51,7.73,84.78
LW,85.77,69.79,65.93,71.47,31.98,61.93,12.68,14.0,7.76,9.52,13.65,84.28
CM,66.34,27.58,81.73,78.96,64.2,81.99,11.04,15.48,13.87,8.48,9.0,83.05
CDM,58.61,51.79,84.22,57.52,61.48,73.29,11.54,11.37,8.38,12.91,8.52,81.3
ST,80.18,82.73,41.87,58.28,48.66,84.02,10.41,19.62,1.57,12.69,9.98,84.75
CAM,81.12,68.22,84.96,78.2,33.48,58.91,11.71,15.79,20.12,11.36,16.81,82.2
LW,87.92,68.82,65.97,69.23,37.93,55.32,15.41,10.78,4.74,6.62,5.08,82.06
CM,74.1,57.54,82.42,39.88,49.88,82.19,18.36,16.89,12.54,6.3,4.34,79.4
CB,65.41,21.77,54.51,57.15,71.89,80.13,12.37,23.95,10.82,15.37,9.77,80.0
CB,67.77,35.7,61.71,48.99,44.13,69.16,18.27,19.13,19.27,19.15,13.98,75.22
LW,85.54,77.05,67.66,79.93,28.3,69.34,11.38,9.79,9.55,10.3,6.26,83.84
RB,62.01,75.28,62.48,52.08,67.62,68.39,12.98,9.44,8.67,16.6,11.18,78.53
CDM,55.85,47.1,72.09,68.48,61.76,73.88,11.52,7.03,12.23,9.4,5.61,80.75
CDM,66.63,62.97,96.61,55.82,74.18,81.24,13.0,15.82,10.15,12.4,12.32,85.28
RB,67.05,64.04,65.34,67.35,89.0,77.12,11.53,5.44,11.25,11.0,9.42,84.65
RB,63.33,40.86,61.4,72.7,65.07,67.76,7.2,7.33,13.52,10.85,21.21,78.87
LW,88.28,88.89,68.26,91.28,45.6,67.72,12.33,14.2,11.46,7.41,21.91,89.87
ST,74.81,66.16,47.18,73.61,42.1,58.51,16.64,15.65,14.82,3.4,7.18,81.82
CDM,47.72,33.07,59.11,72.52,83.94,69.66,20.42,7.44,8.41,16.43,9.24,77.35
RW,88.09,76.22,71.29,88.93,31.9,60.61,12.58,11.25,12.01,11.79,13.45,88.17
LW,69.25,69.74,65.76,71.86,43.91,43.45,12.18,4.13,13.66,16.85,8.73,76.51
RW,77.16,81.49,38.87,77.56,42.55,58.04,8.94,8.88,10.34,3.73,19.9,79.17
ST,92.66,76.67,50.93,60.79,37.74,88.17,11.07,14.74,11.3,12.83,5.03,87.11
CB,62.79,39.48,72.97,32.88,88.83,75.33,14.38,10.74,10.46,11.46,9.1,82.14
CB,51.91,32.94,42.71,31.18,74.25,82.26,16.29,17.28,8.87,8.34,13.26,79.4
CDM,53.3,43.48,69.21,66.88,77.39,80.04,15.77,12.66,9.28,6.37,10.08,82.63
LW,79.14,70.94,77.14,73.03,43.35,67.88,8.17,7.78,11.27,13.73,18.95,85.53
CDM,46.57,57.98,84.66,46.87,59.64,68.95,11.21,11.49,12.91,16.12,12.72,78.19
RW,84.42,85.93,46.72,80.23,35.93,64.58,10.1,7.02,13.15,17.05,7.82,87.94
RB,77.22,41.76,77.63,85.43,73.98,62.75,11.0,9.15,13.0,15.13,12.34,86.88
RW,73.79,74.89,62.59,74.18,34.02,58.03,13.65,10.97,9.83,13.0,8.99,81.35
CM,83.65,75.59,68.2,66.26,83.16,57.63,16.12,7.99,16.94,12.88,14.91,81.0
CM,65.64,53.35,57.78,71.64,63.41,65.69,11.08,17.46,6.5,8.76,11.0,78.56
LB,66.83,48.42,61.28,63.73,88.76,79.91,11.34,14.43,12.39,20.09,9.99,84.92
RB,74.22,67.98,66.3,81.58,68.33,61.54,11.05,10.42,13.11,5.55,19.78,78.79
ST,76.04,86.14,46.03,71.52,11.64,66.42,12.51,15.02,8.24,16.62,11.5,83.53
LB,88.57,42.35,70.44,54.86,55.73,58.51,10.79,16.44,7.91,9.99,18.75,79.89
CAM,67.89,83.07,83.05,65.23,50.85,55.92,14.56,11.29,8.42,17.24,15.03,83.09
ST,78.81,64.53,55.05,59.31,56.01,78.81,8.12,14.27,14.98,7.67,11.7,83.3
RB,82.81,49.81,68.38,45.77,63.21,61.24,16.47,8.79,15.96,7.72,11.65,78.75
RW,75.46,69.02,54.69,65.05,35.56,49.06,12.69,14.02,14.09,17.0,13.6,77.84
LB,62.9,53.17,66.67,77.59,68.02,64.43,12.84,9.45,15.83,17.07,11.91,78.74
RW,74.27,65.26,51.51,82.34,30.67,60.67,17.42,16.95,6.69,14.76,10.63,81.67
LB,76.3,27.63,72.72,53.42,60.87,59.83,16.61,9.88,8.62,11.65,13.9,77.7
GK,41.61,13.67,48.37,42.16,38.36,66.18,79.72,73.26,71.64,66.18,59.33,79.57
RW,77.6,69.37,49.59,85.49,46.75,54.22,3.33,8.04,8.52,13.19,14.0,79.6
RB,75.04,18.05,67.38,75.49,71.3,52.51,8.32,9.9,12.61,3.52,14.61,75.85
LW,76.71,67.18,69.65,70.58,40.15,60.63,13.95,10.81,7.01,16.31,10.15,79.94
RW,79.25,60.92,77.24,75.18,35.26,58.25,15.62,10.47,12.72,18.15,12.7,83.13
CM,77.94,38.21,66.03,61.14,50.22,70.16,18.87,12.25,9.48,21.71,17.17,77.26
CDM,47.23,48.85,50.11,58.49,70.9,79.12,11.18,7.7,11.6,5.55,15.18,78.74
CM,67.79,46.67,59.64,64.53,56.01,56.3,15.64,9.86,10.3,11.29,16.66,77.33
LB,67.34,48.74,71.41,67.12,59.76,56.16,10.11,16.09,15.93,13.14,18.44,79.52
CB,53.69,25.96,53.1,51.62,78.18,79.54,14.86,18.85,17.74,8.01,14.72,81.4
LW,80.58,63.74,59.16,51.39,27.85,54.54,16.25,12.97,6.51,11.12,18.36,74.81
CDM,84.26,65.4,75.96,67.2,59.4,64.19,15.7,10.07,5.08,16.67,8.83,81.73
CB,48.96,37.47,60.63,38.13,70.21,82.94,20.68,20.39,13.38,1.0,13.61,79.37
LB,78.31,43.37,53.36,55.19,75.73,83.64,7.59,9.53,10.93,11.15,14.66,82.26
CB,67.68,25.56,58.2,32.8,98.1,57.98,23.26,14.43,13.13,24.18,13.42,83.94
LB,71.34,46.03,47.92,45.74,79.15,62.05,10.6,17.92,18.21,12.33,14.69,75.14
CB,58.38,42.5,67.5,42.04,77.4,65.31,20.17,10.86,21.7,7.52,15.56,81.28
LB,66.01,75.24,65.6,78.64,53.13,57.26,13.18,10.66,14.85,8.22,16.35,77.17
LB,74.88,37.13,72.96,62.14,62.48,69.41,16.41,18.01,6.44,6.95,12.81,81.02
RW,82.98,92.57,63.23,81.58,47.19,62.74,17.18,10.44,8.24,15.29,18.45,84.19
CM,62.02,65.44,82.55,75.52,61.36,81.02,17.26,10.82,11.47,13.76,13.09,84.51
CDM,77.19,38.26,70.65,63.56,65.96,38.36,10.22,18.56,11.9,15.19,8.2,76.8
ST,80.06,69.21,61.66,70.81,11.74,76.97,8.69,17.31,8.92,7.89,11.35,82.5
GK,54.68,14.89,54.45,34.83,27.07,77.9,69.53,60.91,64.92,59.17,71.38,75.44
CM,61.5,59.66,73.23,76.64,53.77,59.56,13.88,10.3,6.99,11.54,13.05,77.54
RB,76.56,50.12,83.66,87.19,69.68,67.94,15.92,11.66,12.77,5.73,8.36,81.36
CM,66.96,49.62,88.74,86.36,57.67,53.06,15.16,13.47,10.52,10.32,7.08,81.26
ST,77.13,89.89,63.38,76.45,25.59,88.63,8.32,9.81,11.56,15.17,17.66,86.58
LB,64.98,51.51,80.0,56.31,46.95,64.38,5.85,18.62,6.62,8.99,16.08,75.88
CAM,65.99,62.1,81.41,68.36,59.53,56.87,10.47,13.93,11.14,11.25,11.53,80.26
CAM,63.33,67.13,90.85,77.53,23.3,51.9,7.1,8.54,14.8,12.19,12.08,82.93
CDM,68.07,55.08,78.02,48.33,56.74,68.04,16.13,9.12,3.75,7.44,23.02,80.91
CB,65.09,27.69,47.38,45.1,65.14,48.79,13.5,16.84,17.1,4.28,16.36,74.67
LB,69.68,44.03,88.71,68.13,78.21,62.4,8.45,10.68,11.57,8.95,6.25,83.37
GK,32.76,33.99,53.65,37.98,33.32,60.6,65.04,74.7,61.96,56.5,70.98,79.23
CM,50.47,62.5,77.24,57.45,57.63,66.63,16.33,6.85,10.2,15.57,10.79,77.56
CDM,53.69,46.1,72.81,34.74,72.44,65.4,13.66,16.23,12.65,20.61,16.71,76.8
CDM,79.69,62.81,83.53,52.78,69.0,61.44,12.32,13.7,5.38,19.24,1.53,82.62
ST,90.7,81.21,48.36,60.01,38.27,68.72,9.21,15.43,7.45,8.61,9.9,84.26
CDM,71.8,44.65,78.84,66.17,67.13,74.17,3.98,11.12,9.59,11.05,12.99,84.86
LW,81.26,90.89,72.9,79.12,43.21,55.25,11.27,7.47,12.23,9.12,18.57,87.84
RW,82.13,71.61,79.23,88.4,37.15,62.43,13.69,9.38,8.8,15.76,11.29,88.99
LW,82.64,75.12,66.82,86.36,34.88,56.72,3.86,12.71,14.56,10.6,10.28,83.66
GK,70.17,24.26,57.29,28.48,39.51,53.95,62.94,72.51,70.37,69.46,71.54,76.68
ST,79.09,78.33,46.85,58.86,51.54,75.58,17.48,6.37,16.52,14.35,10.16,83.65
RB,64.75,50.88,50.03,69.62,72.62,58.86,9.21,3.52,12.65,8.92,23.93,78.52
CAM,71.74,87.31,88.39,81.03,50.09,58.61,6.98,17.23,11.56,7.52,6.84,86.68
RW,92.98,78.06,47.64,74.08,59.78,92.45,6.46,11.42,6.87,10.48,13.1,84.87
LB,74.01,61.74,63.42,48.64,66.22,56.7,14.48,11.55,14.65,6.42,12.83,77.63
CDM,60.05,36.4,76.05,78.98,78.26,67.05,16.47,18.37,12.14,9.23,13.87,83.5
CB,64.54,31.34,54.12,57.79,61.78,70.69,22.2,18.78,11.06,14.58,11.02,77.56
LB,70.53,63.15,74.01,70.5,72.5,67.11,7.03,6.65,9.69,8.9,12.19,82.54
CAM,59.82,76.28,84.02,83.84,48.04,60.53,12.97,8.34,7.99,12.55,10.35,85.8
RW,92.59,58.12,65.93,66.97,52.95,56.58,14.6,7.8,15.37,13.05,12.69,82.8
RB,72.74,51.16,87.04,49.61,69.41,71.46,15.22,8.45,9.42,6.54,5.63,82.15
CM,63.29,62.15,80.43,69.48,59.0,52.41,6.07,13.66,9.31,15.74,5.26,78.82
LB,84.21,47.81,57.82,55.0,73.37,73.1,23.4,8.24,15.55,8.22,6.79,81.22
RW,65.35,87.07,77.33,82.74,52.13,64.55,10.21,18.16,5.0,6.11,9.71,86.11
CDM,57.55,53.83,61.92,57.9,69.78,64.47,17.42,12.46,11.91,8.54,7.94,77.1
GK,49.39,17.97,54.04,35.94,38.56,57.66,74.52,67.3,68.71,72.56,69.05,80.94
CDM,55.83,69.25,64.05,74.94,73.02,56.95,14.14,11.14,11.94,9.79,10.37,78.99
LB,69.9,42.14,55.45,52.57,69.44,61.42,17.85,14.88,9.98,5.87,13.3,77.95
LB,71.16,40.51,48.75,69.62,53.51,74.47,14.81,11.89,8.39,6.53,19.02,75.51
CDM,57.01,39.71,64.0,43.42,79.89,99.0,19.59,1.0,11.91,9.17,13.0,84.23
RW,86.85,76.68,68.33,97.88,41.55,65.58,10.9,10.06,9.61,11.91,14.27,89.68
RB,70.78,38.54,61.38,84.36,73.98,55.19,5.45,10.78,18.5,11.91,14.85,79.16
CAM,65.23,55.32,63.63,86.82,52.18,72.31,12.9,22.18,10.12,17.58,13.31,79.7
CM,52.77,53.4,70.72,77.38,52.91,63.92,4.54,11.38,17.83,13.96,6.96,75.63
CM,73.68,57.82,77.77,66.1,67.01,71.74,14.45,11.32,10.04,15.25,14.14,84.68
CAM,73.04,75.59,85.57,77.23,28.85,58.32,12.72,5.17,14.76,9.21,17.08,85.56
RW,83.34,66.35,68.66,82.16,37.19,60.36,5.76,14.58,11.21,13.58,14.23,82.56
CAM,66.85,67.11,99.0,94.35,32.11,66.96,13.71,13.12,11.03,9.94,10.73,87.21
RB,73.87,40.03,76.01,54.21,75.31,73.69,11.32,11.01,10.71,14.86,7.61,82.87
RB,72.28,52.35,58.92,77.94,68.68,68.72,13.37,19.41,14.04,11.57,17.4,85.08
GK,56.15,25.06,46.93,29.03,45.69,70.26,67.08,69.39,81.4,72.72,85.26,84.21
RW,88.44,42.49,55.66,86.01,44.25,60.54,16.73,13.37,9.72,11.9,14.59,79.11
CM,63.99,60.16,56.07,75.76,70.03,72.28,10.77,9.8,13.44,14.1,14.96,79.64
ST,64.43,88.14,58.85,61.26,38.47,74.36,17.79,18.56,13.49,10.38,13.35,80.93
CM,77.5,52.84,70.73,65.12,51.73,53.15,16.55,7.14,1.68,15.76,9.9,80.77
GK,48.83,10.46,59.16,27.32,28.02,69.33,48.15,77.86,69.73,79.55,72.51,81.11
CDM,44.25,51.47,67.47,58.48,88.9,63.76,12.14,13.06,13.9,8.56,6.15,82.83
LB,71.69,49.86,76.95,57.42,71.16,71.71,17.54,10.54,8.78,11.79,10.02,84.74
LW,72.69,63.7,74.54,69.31,57.97,51.49,7.87,7.63,7.72,11.26,11.29,80.33
CDM,76.61,46.98,89.43,53.8,66.89,73.51,14.85,7.52,5.65,11.24,12.65,81.76
RB,72.56,43.87,83.81,68.49,89.75,58.87,4.45,16.61,12.34,10.54,10.7,84.86
LB,87.81,66.3,63.06,52.32,68.13,67.98,12.78,14.57,11.96,19.43,22.02,79.29
GK,57.23,32.69,54.1,34.13,39.3,60.86,77.42,66.57,51.08,71.48,66.59,76.79
CDM,75.21,42.8,58.19,50.78,88.25,85.42,10.35,8.67,6.24,15.91,10.79,80.87
RB,64.34,37.24,74.1,43.44,81.58,67.54,10.73,13.11,11.91,13.43,13.21,80.19
CM,60.11,60.48,98.21,67.79,59.69,66.47,8.34,11.88,12.13,11.26,9.73,82.43
CAM,63.46,64.75,83.37,90.02,51.81,63.2,14.5,11.43,17.19,15.17,13.58,83.71
RW,81.34,80.65,78.93,76.63,38.19,56.73,14.26,13.64,14.32,11.14,20.04,86.89
RW,75.12,68.35,72.47,87.3,41.39,67.93,17.71,11.77,10.89,1.0,8.06,84.79
CDM,66.75,53.56,84.86,67.69,82.92,63.26,2.78,15.94,10.01,15.63,16.14,83.03
GK,48.14,34.93,59.63,37.31,25.41,50.31,74.12,84.4,70.2,65.7,77.14,80.56
LB,68.0,46.75,65.37,62.41,64.31,71.84,10.92,7.72,10.94,10.99,11.96,80.57
GK,45.12,15.3,34.56,43.54,33.32,77.1,63.04,72.24,47.12,89.52,62.93,79.36
LB,65.19,33.03,43.81,66.94,76.11,83.83,9.7,22.18,6.99,9.65,10.81,80.4
CM,55.16,66.65,68.85,53.51,47.94,67.64,8.88,14.86,15.95,14.03,18.71,75.67
GK,54.27,36.38,29.86,16.51,49.05,68.01,66.87,59.6,74.78,63.65,60.06,75.47
GK,29.1,13.98,41.46,33.83,36.45,66.04,58.53,75.69,77.95,75.8,59.31,81.34
GK,45.31,13.72,48.14,41.13,50.92,62.25,80.75,68.38,72.09,85.2,64.96,82.49
CDM,55.31,60.2,82.29,62.76,66.95,75.42,14.48,9.75,15.8,6.59,13.61,80.51
LB,63.18,45.5,79.84,64.83,67.34,59.96,10.44,10.1,13.38,9.82,14.28,77.54
GK,37.71,24.23,53.27,31.87,28.77,62.74,67.67,70.78,79.52,68.73,64.11,78.79
CM,66.85,72.5,86.2,77.86,80.9,68.28,9.7,15.8,13.65,10.06,15.73,85.78
CB,50.57,34.56,55.55,35.17,70.12,79.4,19.38,11.78,12.21,13.23,19.79,76.98
RW,82.12,71.51,69.86,78.61,28.92,69.04,15.25,17.79,15.69,14.89,8.63,84.14
CDM,57.16,70.95,64.24,51.7,68.34,73.26,16.06,22.68,8.71,10.61,7.5,77.95
RW,73.4,57.84,74.69,70.86,33.07,64.28,4.27,9.51,14.81,11.87,8.29,81.99
CDM,36.3,32.06,61.64,65.9,83.3,65.65,14.38,11.01,10.02,11.92,10.9,77.9
CB,59.73,8.94,51.84,39.79,63.28,75.88,20.17,12.63,13.73,18.78,9.42,76.86
ST,83.61,66.51,46.12,65.42,57.68,67.67,10.87,14.33,6.57,16.39,1.0,81.64
CDM,75.48,62.34,68.54,59.96,71.52,76.34,15.68,4.31,6.05,6.55,9.62,82.35
ST,77.6,64.98,48.26,83.46,35.56,65.52,16.46,4.21,16.74,9.76,10.77,81.44
CAM,78.78,62.81,80.4,87.25,9.04,55.74,10.06,12.91,13.2,16.78,1.82,80.88
CM,59.56,74.17,88.08,64.85,83.62,77.6,2.09,13.92,1.0,7.2,12.59,82.6
RW,75.26,64.28,82.73,75.62,42.78,77.63,10.75,12.13,16.6,16.07,12.42,82.42
CB,37.44,51.57,67.53,49.47,80.48,75.37,13.14,4.85,19.22,12.97,20.68,82.03
RW,84.22,74.03,65.96,74.87,44.24,61.43,12.81,6.12,15.06,10.43,8.99,84.06
CAM,68.75,81.84,77.25,74.5,25.33,69.86,11.74,14.02,9.95,9.32,12.47,84.37
RW,91.21,91.0,80.54,74.82,22.35,61.88,16.77,10.64,16.81,12.35,10.44,85.39
CAM,83.73,55.93,81.66,81.75,49.5,48.42,10.92,12.0,14.25,14.16,11.17,82.41
ST,70.14,99.0,65.84,72.19,45.19,71.21,19.06,22.69,12.08,9.12,11.48,90.04
CB,44.49,18.78,62.03,30.81,62.65,76.32,9.55,5.47,11.56,17.45,13.53,75.4
CAM,86.88,91.95,82.44,77.72,16.94,52.55,17.53,17.75,13.05,15.34,10.87,87.82
LW,71.27,86.03,56.74,88.0,40.54,74.14,11.13,13.42,14.36,15.67,6.86,85.1
CAM,64.24,82.88,73.96,86.21,54.1,77.32,8.97,12.75,11.38,15.86,14.6,85.05
CDM,62.81,59.88,65.82,53.86,42.89,65.67,11.31,6.37,6.85,17.79,16.77,70.62
LW,71.04,76.73,74.26,89.7,46.18,39.85,13.05,10.12,5.16,10.28,9.07,82.45
RB,74.24,54.38,62.04,62.29,73.2,62.03,9.16,15.86,7.47,11.76,7.74,79.8
GK,49.3,24.65,36.27,29.86,46.48,78.86,75.92,74.84,54.45,76.03,63.26,78.86
RB,77.9,57.98,71.96,60.22,63.93,84.73,20.74,10.02,14.19,16.91,12.84,83.64
CDM,59.08,51.58,98.19,81.79,61.05,70.9,12.33,12.12,13.4,15.17,18.66,84.26
CAM,83.3,56.58,63.06,93.32,55.67,50.37,14.54,11.37,18.36,4.01,17.84,81.02
CDM,79.79,42.12,89.09,39.46,68.51,75.37,4.06,14.35,12.27,6.6,5.23,80.85
CB,65.22,24.46,68.49,44.15,71.89,75.58,16.64,15.36,11.06,21.16,13.35,82.16
CB,41.92,43.53,68.15,49.78,59.88,64.82,14.93,12.15,16.09,20.75,14.13,73.84
CB,57.53,46.72,50.0,50.31,84.21,73.93,24.66,16.32,13.96,15.85,9.64,82.85
CM,62.93,66.87,67.63,56.85,54.29,55.23,10.79,17.96,13.75,12.74,16.9,75.67
ST,73.91,94.86,87.11,65.55,61.95,74.27,12.03,14.01,11.91,9.78,16.79,85.75
CDM,73.08,51.8,54.51,70.49,64.0,82.02,11.4,8.22,22.62,16.53,10.32,78.76
CDM,66.56,54.3,73.62,61.49,50.97,66.68,14.38,16.63,17.01,13.74,1.0,78.67
CAM,76.42,76.97,92.81,60.2,45.16,60.34,9.11,13.55,14.66,13.78,13.02,85.48
LW,74.29,80.6,73.06,78.76,47.98,79.71,10.73,12.96,10.99,15.65,11.49,85.71
RW,75.5,63.69,73.16,74.18,42.81,59.06,13.53,9.17,14.24,11.83,11.86,82.43
CM,59.21,54.01,80.19,71.06,63.22,65.56,6.13,9.16,14.58,12.84,10.48,80.01
RB,71.71,36.19,97.08,64.73,55.22,56.02,14.22,8.9,4.53,12.29,7.99,77.5
RB,70.95,55.06,61.12,57.7,68.88,71.19,12.09,16.71,15.54,8.51,7.56,78.69
CB,50.99,31.26,62.11,30.71,74.05,88.7,13.1,22.1,19.1,18.16,19.37,82.52
ST,65.96,72.67,59.79,69.83,41.94,73.76,11.12,7.85,10.99,12.56,12.75,80.41
CAM,73.66,82.73,73.57,72.77,44.28,59.69,9.49,12.96,11.54,13.93,15.16,81.85
GK,53.44,21.63,59.6,37.88,45.89,68.72,74.37,76.19,74.1,74.05,90.6,87.13
ST,74.24,75.26,44.61,68.03,50.16,52.36,8.78,7.6,5.71,9.47,22.32,77.97
GK,61.02,17.09,53.52,38.59,40.15,55.29,63.93,73.83,58.23,99.0,63.21,80.38
CAM,77.69,62.68,61.07,86.52,25.11,44.66,13.92,10.48,11.68,11.49,14.58,82.19
CAM,57.34,92.02,85.24,72.62,48.91,56.44,6.13,12.48,10.01,11.86,14.53,83.85
CDM,36.62,75.22,82.04,59.35,60.77,54.38,11.45,10.51,18.23,16.08,11.54,76.68
LW,77.69,82.74,68.66,80.67,29.99,55.2,11.66,14.48,14.26,17.04,9.96,87.06
RB,79.6,45.59,73.07,61.27,56.72,63.79,12.68,11.0,6.07,9.98,10.67,79.16
CAM,72.34,69.58,56.58,99.0,52.82,53.98,14.83,12.37,7.39,11.84,20.07,83.49
CB,56.24,33.8,66.49,66.52,61.22,73.17,14.64,17.27,19.2,7.18,14.08,79.99
CM,65.84,75.54,73.05,56.39,63.0,60.54,12.26,9.84,9.97,8.54,13.25,77.98
LW,85.12,72.17,61.93,70.63,33.42,58.61,11.42,13.67,9.7,8.65,11.7,83.61
CM,65.96,79.91,65.24,71.58,44.85,74.53,10.82,10.98,20.24,12.02,16.26,81.78
RW,85.81,76.84,66.77,74.88,35.82,67.92,9.92,5.47,13.31,14.89,12.69,84.13
CAM,58.64,52.2,75.88,61.14,33.06,49.51,6.41,11.57,11.0,12.59,12.77,74.74
CDM,63.13,60.8,50.5,59.41,94.71,65.86,10.54,21.45,13.91,9.63,13.43,79.78
ST,84.41,77.75,42.52,66.78,51.93,75.02,10.07,12.0,11.9,14.09,13.43,83.67
RW,70.32,71.9,70.5,69.6,35.49,51.91,3.16,13.64,10.73,2.66,12.76,83.8
CDM,49.78,55.92,78.46,59.62,81.31,70.29,13.48,11.74,9.51,6.21,10.83,81.29
LW,70.67,74.99,70.4,72.69,35.42,71.61,7.84,10.91,16.11,9.37,17.13,81.99
CDM,74.21,56.72,61.81,50.59,56.82,74.92,10.7,14.69,14.85,11.67,12.43,76.52
RW,82.87,72.96,76.35,73.12,46.49,76.46,9.9,11.11,5.36,14.8,5.78,84.47
CB,64.37,36.3,41.39,43.58,99.0,71.97,9.79,11.63,11.34,21.48,10.61,83.34
LB,53.98,29.93,65.11,58.94,62.84,75.81,10.04,7.92,6.18,14.59,17.29,79.36
ST,99.0,76.98,57.98,51.37,28.24,67.51,17.42,12.91,10.05,12.38,11.32,83.03
ST,75.1,76.38,61.61,77.25,33.87,65.4,16.95,13.14,19.67,9.6,13.0,83.74
LB,62.82,52.08,65.02,52.6,57.94,69.31,12.09,11.02,11.99,9.69,12.88,76.45
LB,68.34,56.84,71.5,62.78,59.81,82.79,12.61,15.51,10.89,8.45,17.37,81.23
CM,48.06,60.73,79.7,74.92,71.32,75.97,10.94,11.49,7.88,9.31,8.46,79.59
GK,38.95,26.72,49.17,48.83,28.42,35.6,78.79,72.3,75.33,65.65,63.58,77.15
RB,58.5,65.71,58.74,75.16,76.37,65.45,7.78,6.66,20.3,10.16,10.17,77.07
GK,59.81,28.65,53.77,37.26,52.8,50.43,58.9,57.98,76.66,73.95,92.94,78.26
CM,69.61,54.56,70.57,78.31,77.97,74.4,8.12,8.13,10.71,8.95,10.65,84.31
GK,39.09,22.47,38.77,35.75,27.22,49.98,89.61,77.71,73.75,69.79,53.55,80.09
RW,85.51,60.54,71.14,79.53,35.08,67.41,3.92,13.7,4.59,11.65,11.89,84.95
RW,77.16,86.5,81.49,63.89,57.1,80.98,7.81,10.58,6.97,13.76,12.09,86.89
RW,76.79,71.48,83.62,85.02,24.66,58.48,1.0,15.44,17.74,11.04,4.03,83.58
GK,53.3,11.78,56.52,37.18,34.45,63.2,91.38,58.47,68.69,62.42,71.34,78.48
CDM,71.89,38.94,62.75,78.54,72.01,73.26,13.7,10.68,3.11,16.06,11.06,79.44
GK,40.31,12.59,36.02,17.25,37.05,63.83,60.22,58.74,57.0,78.56,60.27,74.7
CB,49.15,32.72,61.56,55.18,55.97,86.95,11.65,10.52,13.1,10.4,15.85,79.47
LB,79.77,49.32,61.84,71.71,64.51,81.84,8.88,13.56,12.11,8.62,11.38,82.91
CM,51.13,64.77,75.88,73.36,62.44,60.3,8.43,13.68,8.95,18.92,16.39,80.42
RW,75.29,69.49,46.27,82.14,37.37,56.5,10.84,18.09,16.49,11.23,14.19,79.77
RW,71.85,76.01,62.61,74.69,37.21,55.23,15.9,10.48,15.48,10.74,16.41,79.98
LW,78.82,88.72,73.14,74.63,35.44,75.41,12.34,6.26,7.56,5.21,9.69,83.02
CM,74.02,46.52,70.23,66.81,75.28,58.49,8.94,8.4,10.65,15.87,8.78,78.04
CB,57.11,36.11,45.66,38.58,49.74,59.83,11.82,12.27,12.88,17.48,17.27,71.34
GK,51.26,19.98,44.13,18.29,16.44,75.66,59.15,76.13,61.65,67.75,80.33,77.55
CDM,63.53,53.55,55.84,58.76,74.62,76.24,15.57,9.4,12.68,7.21,12.79,77.05
ST,68.95,75.97,53.75,84.11,40.76,76.97,14.47,1.0,10.75,8.56,14.01,82.46
LW,73.24,53.94,64.6,77.55,47.87,63.9,12.55,14.48,19.25,11.32,12.09,81.02
RW,80.58,55.2,75.14,92.05,37.12,61.58,9.58,9.13,11.33,15.63,9.82,84.12
CAM,78.23,84.88,86.38,75.04,34.72,52.73,13.02,10.55,3.69,10.92,4.63,83.27
CDM,58.62,65.31,58.48,76.21,76.12,72.3,8.05,13.2,9.34,17.26,18.33,79.06
CM,60.55,49.35,80.93,86.4,56.54,78.86,16.08,15.04,5.84,9.63,13.29,81.55
RW,74.1,74.65,71.83,96.24,46.01,53.15,13.71,13.3,11.04,13.1,7.38,83.46
LW,74.56,60.83,74.3,66.51,49.42,71.82,13.37,12.78,13.49,14.19,9.4,79.49
CAM,83.01,65.54,62.99,66.99,35.92,43.37,13.52,11.68,18.84,12.25,6.06,76.35
CDM,59.89,37.39,59.86,64.35,70.47,80.16,6.45,6.76,11.38,8.89,10.67,80.89
GK,36.12,20.67,51.81,35.56,39.01,56.24,99.0,70.14,54.96,57.43,78.87,78.35
GK,40.28,18.73,44.57,26.9,21.4,62.06,64.25,44.26,54.17,60.88,53.19,74.45
ST,67.06,68.41,66.54,51.95,32.81,73.03,11.85,5.17,14.81,13.11,10.24,76.64
LW,96.1,50.92,77.38,63.8,23.92,80.94,20.87,12.35,20.88,11.98,14.7,82.57
GK,35.66,16.91,39.03,33.5,35.2,74.79,72.22,70.77,62.13,71.73,71.4,79.26
LW,85.54,59.72,74.87,79.94,36.43,66.77,10.17,5.48,4.09,8.25,11.66,84.05
RW,90.81,75.52,74.37,72.07,35.11,67.69,9.79,12.83,15.71,11.16,14.52,83.12
RB,81.69,50.34,63.41,61.58,78.49,78.37,12.26,19.37,15.21,5.94,10.6,83.67
LB,64.93,52.92,55.78,60.22,69.27,60.24,6.56,10.34,9.16,19.41,16.98,77.46
CAM,89.46,83.48,91.34,71.93,51.22,62.09,10.69,2.46,12.07,19.97,12.49,87.69
CM,74.61,64.36,68.91,68.53,67.72,62.94,12.78,10.29,5.1,10.65,17.8,77.28
CM,66.64,65.53,86.56,61.82,51.55,68.93,4.86,10.25,9.3,13.17,14.86,81.05
ST,80.5,62.83,75.77,73.93,51.75,85.03,12.02,4.02,13.1,6.25,15.11,82.82
RB,89.65,35.86,78.16,75.83,68.07,66.96,17.3,13.12,18.43,11.84,12.97,87.63
LW,85.3,78.56,87.41,78.97,40.16,66.96,5.94,9.88,6.75,15.67,7.92,88.61
RB,64.68,56.75,77.09,61.57,72.25,72.04,11.9,17.13,8.6,19.05,13.26,79.74
ST,72.3,97.48,46.7,88.74,31.96,72.33,11.14,13.44,13.69,12.67,13.37,85.87
RW,76.44,74.47,61.92,79.31,36.28,65.41,13.95,10.53,9.67,14.22,9.21,85.02
LW,80.03,77.72,58.93,76.72,24.6,69.59,13.02,17.07,14.46,13.77,15.43,82.84
RB,57.69,38.95,62.84,57.74,71.65,85.66,11.22,18.45,13.69,14.1,14.22,79.92
CDM,55.97,58.25,81.09,49.04,74.99,72.94,15.94,15.1,13.71,10.48,10.69,80.64
RB,66.61,57.1,63.9,60.9,80.4,72.11,13.13,10.6,14.28,14.47,12.82,81.0
CB,60.45,22.75,61.38,21.79,81.47,74.09,12.45,16.97,11.23,8.91,8.95,79.68
CDM,50.67,50.03,78.01,56.06,64.66,72.76,10.3,11.36,12.05,12.84,8.58,80.22
RW,76.77,81.42,62.8,81.9,48.78,66.48,19.14,7.94,18.71,6.41,8.89,85.71
GK,26.69,28.13,53.23,38.43,36.78,50.9,84.04,81.13,60.74,69.22,64.39,80.21
GK,33.83,21.72,59.89,30.12,30.97,63.28,78.41,67.37,76.85,65.85,60.27,82.03
RW,87.38,91.27,61.83,75.72,38.78,59.12,7.22,11.68,13.55,9.8,11.72,84.19
RW,75.06,67.6,73.48,87.93,44.24,42.44,17.16,12.48,11.83,14.98,6.3,83.59
GK,40.45,16.29,48.83,37.08,35.0,58.36,83.74,76.24,66.81,79.14,66.25,81.46
ST,67.08,83.88,68.58,73.22,36.87,73.3,15.78,10.88,11.1,9.66,12.81,82.13
ST,74.77,99.0,85.02,65.54,49.4,80.04,9.35,18.53,8.52,4.7,11.53,88.77
CM,70.98,65.0,73.69,55.16,79.14,65.85,12.04,10.82,5.99,11.59,10.21,80.39
CAM,74.54,59.56,88.11,91.41,29.77,71.2,9.48,11.6,18.17,11.87,15.24,84.11
ST,57.22,71.01,57.54,69.75,31.5,69.58,9.94,9.31,13.32,18.97,10.17,80.15
CDM,58.46,31.63,77.07,64.53,86.28,53.9,11.02,10.91,13.59,7.81,16.04,81.56
CDM,53.85,40.36,78.51,60.51,85.68,55.96,19.58,12.51,15.44,12.79,14.88,80.5
CB,69.84,25.33,57.84,40.74,70.74,95.1,9.76,7.38,6.15,12.98,8.85,85.87
LB,66.24,57.62,68.06,58.67,59.68,56.71,7.57,2.08,13.84,10.94,14.44,76.42
LW,78.94,72.89,57.73,78.61,25.45,64.11,10.77,7.85,9.71,17.46,17.04,83.95
CB,58.67,50.73,46.58,51.68,65.01,74.08,17.07,19.63,12.99,13.09,7.12,78.93
CDM,63.52,51.79,65.47,53.81,90.23,68.52,13.21,7.25,16.11,12.52,8.87,82.37
CDM,66.93,46.5,72.88,85.53,66.66,75.74,8.06,7.02,12.99,5.85,15.56,81.96
CM,77.51,61.62,76.35,67.8,50.11,83.35,13.27,11.43,9.91,11.17,17.08,82.22
RW,94.1,65.8,63.36,85.96,34.6,53.55,9.06,17.96,12.89,12.68,13.07,88.82
LB,70.82,66.68,78.49,54.66,71.46,72.84,15.89,12.13,12.01,10.95,15.73,82.76
CB,63.11,39.98,54.24,38.27,57.46,70.82,5.58,19.53,17.85,18.08,15.57,77.3
CM,74.84,61.39,66.17,57.52,64.01,59.78,6.97,6.69,7.49,5.48,5.68,78.57
CM,66.65,68.19,59.74,71.69,59.17,57.28,15.33,13.05,11.69,9.39,14.71,79.24
CAM,76.13,60.73,79.11,73.91,46.19,66.37,11.29,16.0,13.39,13.48,14.94,83.32
RB,65.53,40.03,67.33,47.28,85.97,58.72,15.31,11.83,9.27,7.68,13.49,80.66
ST,80.87,71.24,51.27,71.46,46.66,72.18,12.78,15.53,7.38,15.59,16.54,82.05
CDM,51.84,41.57,68.66,75.25,70.41,72.12,11.65,11.98,12.42,19.23,8.91,80.3
CM,73.79,61.61,61.43,76.45,60.14,47.23,15.22,15.5,19.74,10.65,9.65,76.71
LW,80.87,69.75,72.75,72.16,48.14,59.54,15.42,3.15,15.86,16.88,11.19,81.77
CDM,63.08,46.66,54.2,63.4,75.07,95.18,14.97,5.44,9.43,9.67,15.32,84.15
CB,70.31,35.52,62.16,31.56,63.03,75.32,13.71,1.32,16.21,18.6,5.93,80.27
ST,82.13,76.49,60.15,67.64,26.67,73.34,5.4,14.38,11.59,25.99,17.83,82.93
LW,84.05,66.79,59.18,80.42,29.35,74.83,15.12,14.03,17.82,16.32,18.13,86.5
GK,36.63,15.06,47.91,44.22,35.19,65.24,71.73,66.52,74.42,82.11,57.81,82.22
GK,58.59,17.04,47.64,45.4,38.68,65.11,79.01,81.57,69.92,82.31,70.09,80.56
RW,91.59,51.9,67.73,79.2,23.05,60.2,15.92,8.44,15.38,12.85,14.17,86.15
CM,58.9,65.9,73.96,73.87,40.21,60.72,9.25,13.28,16.69,12.89,11.06,79.19
CB,68.77,29.84,53.23,59.93,81.81,59.11,2.02,8.63,16.01,12.01,25.88,80.65
LB,78.47,28.29,63.78,45.04,71.92,65.08,6.31,14.57,12.5,11.21,10.84,80.44
LB,74.51,36.21,69.81,58.97,60.6,74.2,13.35,14.32,10.13,10.11,18.38,79.22
CDM,53.18,44.04,80.82,75.62,62.58,87.77,15.36,14.08,10.0,14.15,10.21,80.87
RB,81.65,48.43,77.81,55.6,60.81,65.6,9.3,9.24,10.07,13.56,18.06,79.88
RB,52.36,43.93,63.38,66.45,77.36,49.83,14.98,5.89,7.58,9.95,18.64,75.88
RB,67.47,44.52,67.53,54.56,73.34,50.01,13.91,7.08,9.53,6.98,8.35,73.3
ST,76.34,80.15,58.7,56.14,25.36,77.09,15.99,17.4,11.88,10.27,11.62,83.03
GK,37.95,9.71,35.9,27.39,43.89,71.09,67.56,73.53,52.07,68.1,84.07,79.76
CDM,68.02,43.63,60.35,63.02,68.72,61.84,22.79,6.57,4.66,14.66,12.78,76.28
CB,66.28,43.95,56.79,46.61,92.02,63.84,15.37,10.81,23.77,17.57,19.18,84.5
ST,82.72,70.06,66.55,77.86,44.99,72.04,6.8,14.15,12.38,11.16,14.13,82.12
CM,68.71,41.92,72.94,64.1,62.86,61.9,11.79,12.0,4.09,15.53,13.84,78.61
LB,61.55,47.23,54.53,65.73,76.12,68.27,10.83,11.64,16.47,14.68,17.02,78.57
CM,72.99,76.52,55.78,72.27,53.21,70.43,4.91,12.37,8.49,11.23,20.22,80.53
ST,75.33,78.82,59.69,70.62,32.68,83.98,13.05,5.79,12.96,7.05,7.49,85.22
CDM,67.51,66.4,67.81,50.75,69.15,82.52,26.73,8.36,7.2,15.94,9.02,80.3
CB,55.58,31.53,57.18,46.07,78.14,52.46,13.79,9.15,13.41,13.1,15.85,74.63
GK,55.76,18.13,73.0,43.26,47.96,68.31,75.6,61.64,59.16,73.88,50.58,76.03
RW,78.77,53.54,85.08,75.1,44.05,55.17,11.13,5.4,11.6,9.92,10.34,82.78
LB,87.62,54.78,67.68,52.86,52.02,61.8,9.66,15.06,11.33,18.74,8.85,81.84
RB,71.01,52.36,52.35,61.22,63.73,69.33,8.3,11.77,5.9,8.46,7.57,76.68
RW,75.42,65.2,68.54,60.66,42.5,49.85,8.11,14.92,15.8,20.72,10.08,81.25
CB,56.7,54.21,50.27,38.13,78.2,79.92,18.38,19.93,13.95,10.98,16.16,82.12
CDM,56.9,50.03,50.67,47.64,68.78,72.74,9.18,13.41,16.03,14.28,6.82,71.96
CB,62.55,33.59,64.43,54.59,87.64,91.32,18.82,12.2,18.16,20.27,13.22,89.94
CDM,56.83,40.06,54.55,57.18,83.96,82.03,8.08,14.93,23.13,3.48,12.59,80.99
RB,52.88,30.37,72.07,67.33,71.17,87.86,11.32,4.08,8.73,16.64,13.55,80.25
CM,89.53,49.41,81.62,64.15,56.7,75.25,12.5,15.71,6.36,15.42,11.68,81.41
RW,88.87,52.57,58.99,83.63,51.98,50.16,10.52,8.94,20.05,9.3,9.71,82.82
CAM,76.75,62.8,84.19,65.66,53.97,50.12,17.28,14.03,16.48,13.97,13.13,79.33
CAM,72.1,56.7,73.65,82.25,30.51,62.44,10.13,12.73,8.9,10.2,17.07,83.03
ST,73.35,80.69,51.56,78.64,41.7,64.46,18.63,12.99,18.88,14.23,3.49,83.61
CAM,55.12,65.97,97.53,77.74,46.75,80.64,14.36,12.54,17.39,13.35,11.78,83.58
RB,78.17,55.88,56.13,66.06,81.03,74.33,12.04,18.7,13.17,11.19,16.52,82.5
GK,30.87,8.37,40.84,40.34,37.55,59.68,67.38,62.02,83.57,85.97,68.06,80.41
CDM,84.12,47.9,85.6,58.45,75.02,83.95,12.46,13.52,10.85,8.9,11.69,85.13
LW,84.47,72.55,71.29,73.85,36.7,90.81,18.54,11.12,8.3,15.54,9.32,85.93
LW,95.43,79.18,57.9,83.53,53.83,74.36,14.3,14.62,6.99,12.67,8.02,87.86
CB,70.88,42.32,37.43,55.95,86.4,85.03,13.23,17.74,10.5,8.36,15.6,84.23
CB,45.56,42.79,34.48,41.97,84.32,71.39,8.23,14.0,16.52,13.45,18.79,80.56
GK,44.02,23.99,50.09,24.72,44.29,84.59,65.68,84.82,66.68,90.0,76.28,84.0
LW,75.59,73.57,46.97,76.63,45.13,68.04,7.5,7.27,7.16,8.31,15.55,78.81
RB,73.34,47.49,75.03,65.67,74.47,58.9,23.67,14.11,13.58,13.14,20.0,82.7
CM,56.22,58.57,79.29,46.38,75.54,55.79,16.05,15.03,15.02,8.62,6.21,79.1
RW,77.72,69.84,68.52,76.81,39.22,69.82,10.12,20.51,5.99,12.14,12.19,81.56
CM,69.08,68.76,64.01,62.06,46.75,54.77,14.59,10.02,15.02,9.1,14.87,75.0
CM,62.94,59.39,75.46,74.11,54.1,74.78,18.59,11.8,13.31,16.33,8.62,78.49
RB,79.04,48.27,60.75,60.74,68.51,63.07,14.89,13.48,20.51,13.34,14.95,80.99
LB,81.9,42.64,64.89,56.08,48.11,67.52,12.64,5.54,15.35,18.9,12.69,78.7
RB,76.5,46.66,56.41,64.74,63.47,62.24,11.08,11.84,11.87,8.67,19.81,81.65
CM,60.5,72.05,71.05,70.82,66.26,79.3,20.41,13.67,11.35,10.44,8.5,82.71
LW,79.15,69.48,56.53,60.24,44.39,62.02,11.57,14.91,19.8,6.67,18.46,79.63
GK,43.37,28.46,55.71,34.48,37.1,60.65,81.15,86.99,68.49,82.9,74.69,84.95
CAM,70.68,65.86,73.72,84.55,49.83,75.45,13.25,9.08,12.67,12.7,15.4,81.77
CAM,62.96,72.33,67.46,72.31,48.3,55.56,11.8,1.0,6.22,14.56,10.33,78.53
LB,68.45,67.18,66.86,52.8,83.25,70.31,7.53,19.53,6.18,9.97,9.65,81.8
RB,64.07,58.54,59.14,66.5,49.88,88.06,13.68,8.27,14.73,10.81,11.93,78.61
RW,90.66,77.55,72.71,88.16,19.15,38.47,13.53,14.25,17.1,6.37,9.13,86.92
GK,36.79,19.26,34.93,50.39,44.33,48.71,80.44,73.46,51.2,65.36,72.94,78.7
CAM,65.34,66.33,81.73,79.3,44.32,71.8,15.71,17.91,6.38,18.13,9.86,83.27
ST,63.77,62.7,59.99,74.95,33.05,75.04,14.45,13.03,12.59,11.02,11.92,79.19
ST,68.02,74.8,47.25,76.89,43.86,82.48,9.09,10.47,17.32,4.76,9.65,86.09
CAM,66.67,66.91,78.35,75.62,22.93,57.47,10.2,14.71,19.69,11.46,14.22,78.75
CAM,86.21,62.89,71.6,94.18,49.79,72.33,14.58,11.86,15.94,8.49,12.91,84.73
LW,69.61,73.37,62.76,97.88,43.69,47.88,13.4,10.3,10.29,8.06,12.77,83.9
LW,84.05,65.46,68.17,87.6,50.74,58.73,16.46,15.82,3.58,9.88,7.56,84.87
RB,83.32,48.71,79.64,70.39,53.95,71.44,18.75,6.18,5.59,12.01,14.78,81.98
LW,72.93,57.26,71.57,77.43,30.9,70.28,13.59,6.31,6.7,7.92,7.58,82.59
RW,77.77,45.27,53.94,79.02,35.83,53.39,14.34,13.94,15.16,9.59,6.66,77.63
LB,83.77,57.9,83.1,60.56,59.07,71.01,6.76,10.3,12.19,11.42,11.4,83.05
LW,68.71,89.25,59.06,75.55,51.47,56.32,7.08,8.24,9.34,11.51,14.51,82.32
CAM,66.27,75.37,92.75,52.11,30.44,56.28,10.43,7.99,17.52,9.2,5.9,79.74
CAM,71.78,86.08,84.05,79.74,24.9,79.42,14.01,16.09,7.23,13.6,13.83,88.23
RW,85.83,77.57,76.06,75.11,44.87,55.6,14.89,13.32,8.81,10.01,7.61,87.32
ST,79.54,84.6,61.14,50.64,44.66,68.33,11.84,9.87,9.3,13.78,14.38,82.21
CM,57.01,73.78,77.96,65.65,52.33,68.07,13.63,11.79,11.54,8.98,11.16,79.76
LB,71.37,38.32,77.55,66.56,69.35,62.42,11.54,10.46,5.03,13.87,8.32,83.58
CB,53.81,48.15,50.53,41.8,77.1,71.97,5.07,13.85,11.48,16.88,6.13,78.02
GK,50.43,15.39,59.74,42.72,44.6,67.08,71.69,73.87,64.34,76.0,61.93,80.32
CB,53.79,35.93,66.61,50.14,71.51,84.1,18.46,14.62,15.72,11.15,8.62,83.42
CAM,90.25,73.89,78.22,81.13,49.64,60.19,7.33,12.39,14.24,14.77,14.68,85.44
CAM,72.3,72.12,88.91,77.42,43.77,44.63,19.79,13.85,12.8,5.09,8.43,86.48
GK,30.33,7.12,44.69,25.51,47.43,45.24,75.84,76.95,57.73,72.14,80.04,80.97
LB,84.66,43.76,59.07,56.64,82.58,56.9,7.66,11.07,8.99,6.0,14.41,81.61
CM,65.95,63.77,89.0,84.24,77.13,57.85,7.62,11.23,16.1,22.91,18.82,87.5
CAM,66.43,72.07,81.09,72.99,45.78,68.66,8.43,15.85,14.82,10.3,12.5,81.79
LW,73.33,64.85,80.89,79.57,54.26,57.24,11.06,15.33,12.67,18.93,10.36,83.87
LB,88.58,45.13,66.23,50.51,47.25,59.44,6.36,16.78,11.84,9.1,12.16,78.8
GK,42.34,27.08,50.97,29.78,30.15,46.83,60.99,78.35,78.31,99.0,80.94,84.38
CM,56.39,72.37,91.26,77.48,64.81,62.49,14.4,9.63,6.96,12.84,11.9,83.62
RB,49.4,55.77,66.95,53.6,60.05,49.26,6.64,9.8,7.06,13.18,9.63,75.41
RB,80.38,52.19,67.09,79.75,69.87,59.62,11.97,9.26,9.97,12.83,15.91,81.44
ST,71.82,79.6,58.49,87.03,37.46,77.09,17.75,6.55,11.46,13.0,20.32,85.57
CB,42.8,40.0,54.43,57.92,90.03,62.43,18.35,11.85,14.7,1.84,12.93,79.0
RB,77.35,49.54,52.94,81.99,79.33,75.07,6.95,8.03,9.06,11.76,5.22,83.86
CDM,70.01,45.75,62.78,71.43,57.39,59.24,6.82,13.64,6.96,10.95,10.67,76.7
CDM,79.94,59.66,58.97,68.31,68.83,71.99,12.31,12.4,12.28,6.79,12.08,80.65
GK,22.09,37.24,42.02,31.3,52.79,61.32,69.17,54.79,43.58,75.06,73.07,75.14
CM,65.71,65.95,77.19,79.38,71.07,67.4,6.71,19.01,7.95,15.19,7.45,83.77
RB,72.76,57.63,85.72,62.82,97.23,60.8,11.29,17.21,13.65,11.59,9.03,85.89
LW,75.26,60.94,69.52,80.47,44.68,53.13,11.07,15.03,17.92,9.59,16.69,84.34
ST,89.71,84.11,65.87,58.23,50.55,79.12,16.43,8.16,16.3,13.2,15.17,86.82
GK,47.23,25.71,54.5,37.37,56.17,62.1,67.51,73.6,68.37,79.45,78.38,80.64
CM,71.51,49.84,85.95,61.8,47.09,78.16,18.61,11.21,10.47,13.02,13.01,82.57
RW,81.96,79.28,77.64,74.09,40.87,65.0,16.14,7.97,4.6,13.47,11.41,83.98
LW,90.15,36.02,58.06,76.02,60.83,54.08,10.92,6.54,5.38,9.96,8.2,80.75
ST,65.51,92.99,80.27,77.39,34.54,68.79,10.86,1.0,14.76,8.64,4.12,84.1
CAM,76.89,64.24,78.79,79.65,55.76,59.36,8.78,8.18,15.35,8.56,7.42,84.65
LW,94.96,67.1,59.85,81.73,51.5,60.54,7.96,16.2,9.19,10.86,17.63,83.13
RB,77.06,44.82,65.79,54.97,67.96,57.8,13.17,16.37,18.25,8.07,11.52,81.67
RW,74.31,63.49,58.46,87.22,38.47,49.72,7.19,16.42,19.09,4.45,11.18,80.67
CDM,76.55,40.32,63.4,62.35,80.0,80.98,12.33,9.96,11.05,14.5,14.22,84.11
CM,49.91,60.44,72.61,75.1,52.47,62.41,11.87,10.25,7.05,11.02,6.16,77.67
LW,80.77,64.52,68.4,90.63,27.05,61.88,12.13,8.12,11.93,10.95,9.53,85.88
RW,64.74,75.58,69.2,75.37,54.18,55.59,18.83,10.64,12.75,16.53,18.44,80.91
ST,80.92,76.95,58.48,61.02,40.53,57.8,24.19,15.92,8.61,8.31,12.9,79.18
LW,65.04,54.04,89.88,85.08,31.14,68.41,8.22,10.02,16.96,13.45,8.25,81.09
LB,85.06,43.96,59.81,63.74,65.26,60.77,11.64,1.9,13.2,5.73,18.9,78.5
CAM,84.39,70.76,79.71,80.54,52.17,59.36,3.71,8.78,15.96,6.02,17.17,84.24
ST,66.41,84.25,65.15,69.52,26.8,82.5,10.99,5.88,10.57,4.93,10.48,85.89
CAM,82.56,62.3,76.54,69.5,47.05,64.94,10.43,16.0,12.84,12.92,21.06,82.24
ST,69.44,86.65,35.93,66.17,51.66,66.54,11.33,12.27,7.56,10.82,10.25,80.9
GK,50.91,28.81,42.68,27.05,31.08,56.79,74.95,99.0,41.19,79.94,86.77,84.48
LW,85.31,69.96,84.21,65.93,46.88,44.15,8.57,11.03,12.58,13.71,16.8,86.78
ST,62.27,84.48,60.35,49.55,49.67,74.82,7.93,8.69,18.73,9.39,10.38,78.41
CM,73.72,63.55,67.24,85.52,66.74,69.66,16.55,10.25,10.54,9.69,12.53,82.01
ST,77.74,76.79,53.61,68.86,48.02,77.97,10.63,9.84,12.16,10.92,16.98,85.07
LB,67.02,56.57,74.75,76.1,67.57,77.86,13.52,2.1,13.14,17.57,10.04,82.15
CB,42.39,31.97,58.12,34.92,73.87,62.71,14.55,11.68,20.36,16.67,7.98,75.9
CDM,61.23,64.41,65.56,76.23,71.18,78.1,15.6,13.11,10.4,9.23,11.68,83.11
CB,67.92,31.46,54.09,42.18,61.75,66.51,11.71,14.84,17.97,12.84,11.91,74.67
CM,51.8,46.45,98.46,56.14,63.21,72.05,21.28,17.62,6.99,17.4,11.59,81.23
CDM,66.43,43.68,76.18,80.59,64.2,81.49,13.77,3.38,9.29,17.09,8.13,82.98
CM,61.46,59.49,58.35,55.83,38.28,53.24,12.67,16.62,9.88,5.79,9.69,71.62
RW,79.78,85.41,49.78,79.25,41.73,40.98,10.55,22.44,12.24,8.08,9.96,82.02
LW,84.84,57.9,75.8,90.31,40.84,51.89,8.69,20.33,21.22,7.58,11.6,82.0
CAM,72.5,75.68,68.02,80.16,48.27,59.82,6.22,3.89,10.99,5.22,16.33,82.42
CAM,85.09,71.64,74.89,68.11,34.85,56.02,20.66,3.2,14.34,20.04,15.62,83.35
LW,84.96,64.34,82.97,86.57,34.83,49.56,13.77,6.52,13.41,19.56,18.75,85.4
CM,56.9,53.41,60.68,62.5,45.68,51.83,13.81,12.37,14.71,5.82,9.46,72.09
LB,72.16,38.44,73.04,58.94,68.46,52.88,7.17,11.58,11.21,10.85,12.23,78.97
CM,88.28,51.1,58.25,68.78,59.87,80.14,10.74,11.57,16.29,6.52,13.81,82.86
GK,39.71,11.74,50.79,40.26,35.41,56.21,81.24,79.48,59.3,91.25,77.44,82.44
RB,71.22,40.48,68.15,66.27,67.66,68.69,18.17,8.33,15.89,14.72,13.27,78.55
LB,67.69,52.22,62.63,66.79,83.92,60.38,10.86,3.19,9.52,16.08,13.36,78.88
CDM,67.85,48.01,79.35,68.8,50.86,70.95,12.03,15.58,10.74,8.01,18.08,78.75
LB,82.83,31.1,74.48,40.49,75.87,90.05,10.86,10.97,11.24,1.0,3.9,82.73
CM,68.45,66.81,70.82,65.96,63.63,59.36,17.08,16.01,16.41,13.45,14.2,80.19
RW,81.91,70.73,62.55,80.15,40.33,61.45,12.17,14.18,3.39,13.9,12.21,82.85
ST,79.8,64.53,43.92,55.48,26.72,99.0,11.3,9.84,3.93,6.53,12.07,84.03
LB,68.63,51.79,66.19,71.24,48.77,58.3,14.42,10.46,16.85,13.0,13.62,76.51
LW,86.98,66.64,74.5,53.73,35.58,48.97,3.83,7.6,5.91,16.48,2.35,78.67
GK,59.95,13.74,54.11,42.17,19.9,71.4,67.78,74.51,73.85,78.09,66.71,81.43
RW,90.9,79.0,70.68,94.88,13.49,47.78,12.49,11.06,16.75,7.36,14.14,86.13
RW,63.81,60.83,55.08,67.4,39.39,52.76,16.92,12.05,16.33,9.51,12.54,79.09
ST,66.63,86.24,48.11,50.84,30.23,76.76,11.66,6.51,17.81,13.42,6.53,82.99
RB,68.53,66.22,60.28,76.84,60.35,66.09,11.76,10.25,11.09,11.76,14.87,80.04
CDM,75.48,71.1,75.1,60.48,63.95,67.15,10.26,7.23,8.53,14.05,11.29,78.19
LW,87.5,70.47,64.97,61.72,26.76,59.66,13.14,11.8,8.01,9.97,7.79,79.59
CDM,75.77,54.69,65.2,71.09,65.21,71.39,4.81,11.12,13.14,8.02,6.93,77.81
CM,69.95,59.09,64.69,92.9,59.71,56.08,16.19,17.43,7.25,13.94,11.39,82.75
CAM,81.86,69.32,63.79,73.66,47.17,62.25,13.03,8.39,17.99,13.65,5.42,84.11
RW,78.54,53.64,73.05,89.03,22.93,64.92,12.21,13.58,12.35,11.92,13.66,84.53
LW,83.55,73.37,60.64,75.43,41.37,28.22,16.75,6.47,12.01,19.78,11.31,82.34
CB,51.26,32.56,63.65,34.38,76.83,79.73,19.73,12.97,22.2,10.63,17.8,79.92
RW,73.18,59.14,77.78,89.24,40.47,60.15,15.65,10.84,21.14,12.59,12.37,84.68
LB,68.79,35.13,69.64,81.86,68.04,52.38,7.2,7.28,11.9,14.57,11.56,75.98
ST,69.38,81.92,51.64,89.97,30.97,83.37,10.65,10.16,9.91,10.83,8.99,84.59
LB,81.53,37.47,73.96,75.38,74.2,58.42,10.44,9.49,14.93,13.56,15.39,82.29
ST,77.75,55.53,75.16,67.99,29.92,82.79,12.46,8.7,10.3,8.86,12.77,82.6
GK,35.81,24.1,47.71,38.73,18.22,77.73,55.72,74.0,64.24,76.43,92.05,78.36
RB,92.09,51.09,72.43,63.2,68.4,48.62,5.8,11.89,10.1,10.19,7.23,80.26
CAM,73.72,66.45,98.72,64.26,49.84,55.42,9.43,9.82,16.73,14.17,11.39,84.61
RB,77.95,40.05,74.09,64.37,43.52,58.03,13.93,15.7,17.59,8.72,16.7,80.35
CB,71.27,50.8,32.58,50.4,92.19,60.98,17.88,15.07,13.74,17.32,12.53,81.89
RW,67.82,69.77,68.87,77.63,42.18,33.48,12.68,9.36,10.28,14.79,11.62,80.76
LB,66.18,39.72,76.16,78.84,70.56,75.95,13.11,22.71,6.79,6.96,12.51,82.51
CM,71.92,62.03,77.43,79.24,62.97,66.8,12.09,9.25,12.64,9.61,13.19,80.22
LB,84.75,46.24,53.29,61.41,64.68,53.78,6.77,8.35,9.33,6.35,15.2,79.4
ST,82.36,71.24,71.43,71.48,33.04,83.25,14.53,14.3,9.88,17.58,17.89,84.52
CM,81.11,45.96,68.31,77.04,40.06,64.63,14.23,7.54,14.81,4.33,14.58,77.58
LB,73.75,46.9,67.48,61.67,64.35,75.84,9.31,12.96,15.52,9.8,21.42,78.26
LB,85.27,58.84,52.81,68.71,83.35,55.17,12.93,10.85,13.51,17.52,11.08,82.32
ST,73.54,76.25,63.98,88.8,39.07,57.41,10.12,11.97,14.84,23.14,14.29,82.61
RW,93.64,74.15,70.23,69.18,31.6,48.2,8.61,14.02,13.59,14.77,9.62,82.84
CAM,62.54,71.55,79.41,72.75,47.03,51.0,8.16,9.35,18.13,8.64,10.31,80.34
CB,63.51,36.76,50.87,50.26,92.37,88.37,19.36,19.62,24.56,12.83,21.96,85.19
CAM,67.06,83.43,62.24,66.26,31.78,64.56,10.94,6.99,12.7,15.19,13.45,80.27
CM,55.32,62.52,60.59,56.6,52.33,67.65,8.0,9.03,10.42,14.37,8.73,76.46
RB,84.1,57.26,70.61,75.66,63.07,62.73,14.45,10.43,3.76,15.15,12.47,81.93
ST,57.34,86.35,58.17,85.81,50.1,66.71,11.8,10.39,10.58,17.89,20.04,83.24
RB,77.97,68.16,62.91,59.81,79.24,65.13,4.68,6.99,9.03,13.06,15.86,86.87
CAM,70.67,63.26,82.02,73.66,51.64,61.67,18.36,7.91,11.09,17.03,13.68,81.83
ST,51.66,80.43,65.51,71.9,41.86,70.95,17.14,12.56,12.42,11.78,13.58,81.33
LW,81.52,66.76,63.34,79.84,25.67,56.73,18.5,6.29,14.08,8.35,16.73,83.53
GK,43.11,23.69,43.35,25.8,38.7,79.43,94.8,71.27,69.66,77.08,70.94,80.61
ST,72.73,84.62,71.08,56.64,39.91,84.59,13.26,20.95,6.85,6.52,4.22,86.88
LB,72.86,63.18,67.75,54.38,56.96,65.9,14.22,15.16,12.14,14.32,12.74,79.45
RW,80.62,79.39,59.43,87.43,50.87,52.91,16.54,14.53,18.27,10.89,15.0,83.08
CAM,79.03,71.88,72.53,66.34,64.0,75.06,11.15,13.76,6.34,14.29,18.37,81.36
CB,71.87,19.39,60.35,27.16,82.98,71.31,15.24,16.74,16.25,5.62,11.68,81.91
RB,79.21,42.18,52.38,58.06,67.47,71.82,13.27,19.62,16.26,10.15,6.17,83.56
ST,80.04,75.43,49.08,56.77,37.5,79.31,13.74,9.33,11.76,8.58,16.28,81.4
LW,81.97,78.68,72.23,87.78,50.37,54.7,20.29,13.5,9.66,11.54,8.74,84.14
LW,78.11,64.79,69.8,65.92,29.62,66.69,14.58,7.05,9.83,11.17,8.93,81.43
LW,75.69,66.63,62.24,76.16,29.0,60.46,13.81,10.02,12.04,13.41,15.94,78.32
CB,57.58,39.39,56.19,56.28,67.02,75.81,14.46,17.66,16.65,16.38,5.71,77.97
CB,55.87,24.16,52.57,56.36,72.41,89.08,15.02,13.98,11.76,7.61,15.63,84.59
LB,66.11,27.81,78.2,75.72,50.11,47.97,9.08,10.05,15.9,15.86,10.96,75.35
GK,45.92,23.84,51.15,36.25,40.17,61.04,83.72,66.07,70.74,54.17,71.18,78.79
RB,86.46,38.33,61.89,70.35,58.91,64.61,12.38,19.83,15.42,12.32,15.09,81.58
CAM,74.55,68.34,80.74,79.72,34.65,60.6,5.72,4.21,19.31,18.12,8.04,84.43
ST,77.38,77.4,65.38,51.09,42.6,72.85,9.48,8.97,7.73,13.3,12.33,82.02
CAM,63.22,78.29,75.22,77.41,29.27,49.67,7.0,5.7,9.39,14.33,15.58,81.62
LB,75.66,49.06,81.86,80.26,51.8,83.33,17.21,13.5,11.27,17.04,11.73,84.14
LW,78.33,76.52,69.73,89.47,37.01,62.94,16.91,8.1,15.8,7.36,12.52,87.55
LW,82.02,77.2,71.66,71.1,49.22,61.04,14.54,13.48,23.82,21.03,14.57,84.49
CM,81.74,59.82,86.34,91.69,70.3,83.52,7.58,7.59,9.88,13.66,10.47,84.7
LW,75.14,65.82,90.78,91.68,35.29,52.0,13.59,13.68,15.12,12.56,9.82,87.01
GK,45.68,27.3,54.38,39.16,26.77,68.0,88.66,76.25,66.67,63.99,82.21,80.83
RW,76.43,80.59,64.12,69.54,47.89,68.95,9.01,16.05,13.75,4.84,10.98,81.7
CAM,73.22,52.35,70.02,97.11,39.03,70.33,19.65,3.84,17.68,19.54,11.98,83.75
CB,70.47,58.4,42.57,43.66,98.92,69.69,15.94,10.16,19.14,8.3,7.91,85.03
LB,67.76,48.57,59.94,42.91,62.16,70.23,16.03,15.26,16.93,14.28,12.78,75.98
CB,52.07,35.54,47.25,32.04,81.78,74.56,11.48,14.26,14.81,15.87,10.36,80.35
LW,74.09,75.3,71.73,81.72,33.7,51.29,13.5,13.35,9.05,11.19,5.55,83.47
CM,60.54,59.31,83.43,78.2,62.2,61.25,17.29,9.84,10.28,6.29,7.47,82.42
ST,82.12,72.68,37.79,55.03,18.68,88.61,13.1,13.49,11.29,12.37,13.47,83.63
RB,65.74,58.01,62.87,61.01,66.81,65.76,16.25,21.99,9.23,14.04,12.61,79.63
RB,79.84,39.37,64.84,52.0,63.65,63.14,12.51,7.46,9.71,16.32,9.75,78.83
CDM,61.68,56.53,73.78,60.72,78.73,99.0,13.55,8.36,16.56,9.98,16.35,86.62
LW,97.83,76.94,63.72,81.74,40.56,54.88,12.6,6.28,13.56,17.52,20.11,85.32
RW,82.12,73.22,60.17,76.76,23.26,53.73,15.22,15.34,11.28,9.85,20.01,81.64
ST,70.52,87.93,59.62,63.47,31.74,76.94,9.23,14.73,14.82,7.36,11.38,83.12
CAM,62.79,83.41,74.87,88.98,41.06,62.83,9.62,11.11,7.39,14.42,8.4,83.29
RW,70.93,68.7,74.43,83.59,40.6,59.57,10.23,13.3,6.95,4.0,6.16,85.08
CAM,81.34,63.27,76.91,77.06,39.71,75.91,10.76,19.5,18.97,9.38,6.21,84.28
ST,96.36,74.21,48.88,79.93,50.51,88.14,7.08,13.24,9.62,14.92,9.95,87.52
RW,85.62,73.53,63.51,71.16,56.54,58.67,11.18,16.93,13.41,12.45,11.93,85.32
CM,55.81,58.76,73.59,67.21,42.15,60.59,6.34,16.88,13.87,14.12,5.23,76.04
LB,78.4,37.37,71.48,72.95,67.1,76.45,17.04,12.77,5.62,11.31,8.64,82.8
LW,87.38,99.0,69.51,86.4,40.21,62.27,7.63,12.82,10.8,14.64,11.58,91.9
LB,73.81,44.15,56.07,65.04,69.79,66.15,4.04,12.62,9.1,15.12,8.04,79.99
LB,71.04,47.3,53.72,44.88,76.23,58.04,12.07,9.17,13.62,20.91,19.39,77.71
LB,66.77,38.92,65.48,81.05,68.36,58.68,9.2,16.37,8.33,11.07,13.75,77.06
LW,81.22,73.08,72.38,65.6,38.24,54.7,13.68,11.96,11.15,8.99,18.1,82.74
RB,70.64,50.78,63.43,57.17,60.55,61.73,16.11,10.32,13.6,12.19,17.33,76.98
LB,71.41,57.89,57.51,42.47,77.05,62.45,7.09,13.33,19.01,8.81,3.54,78.42
ST,80.69,93.56,55.27,52.29,23.62,78.7,15.18,14.0,14.51,10.4,12.53,82.36
GK,56.29,27.1,49.99,28.32,45.37,73.46,78.36,55.31,67.78,77.03,54.82,76.75
LW,87.52,70.52,76.0,83.62,31.62,76.82,11.34,9.38,13.58,3.33,15.87,85.68
CDM,76.09,46.37,78.18,58.91,65.33,77.35,7.03,12.75,11.49,5.1,8.84,83.22
ST,78.15,78.68,70.3,55.48,39.74,85.93,10.4,13.34,12.36,13.21,15.22,82.91
CDM,79.43,62.44,78.66,64.52,66.86,63.69,11.59,15.58,2.42,14.93,16.42,80.15
CDM,71.4,44.23,73.61,64.7,72.87,71.08,12.61,11.65,12.98,11.68,6.61,81.42
LW,80.38,41.52,66.57,67.79,32.23,52.48,10.81,17.97,11.89,5.18,11.21,75.26
LB,66.46,60.74,66.86,54.49,88.49,88.12,16.76,15.98,15.44,3.73,13.53,80.76
GK,59.76,29.75,48.91,41.29,45.49,72.76,62.91,61.08,71.71,73.27,70.67,79.17
CDM,66.26,41.36,71.51,70.9,78.32,56.77,12.22,17.86,15.91,17.69,15.24,79.89
CM,65.8,49.6,70.51,70.93,71.84,49.7,14.07,7.88,8.58,6.48,11.13,77.79
ST,59.35,92.0,46.42,64.3,33.79,88.52,17.05,15.18,13.03,17.2,15.13,81.91
LW,80.23,65.3,74.65,92.47,29.41,73.38,18.38,13.22,14.46,20.0,10.03,86.32
RB,75.05,40.11,79.72,65.61,71.34,65.08,9.46,11.27,7.12,9.6,9.77,84.0
ST,69.36,91.88,67.76,48.75,38.42,85.72,11.98,13.62,13.82,13.32,9.85,84.83
LB,79.17,43.88,77.48,50.73,81.43,67.87,11.77,17.25,9.15,17.6,11.59,83.85
CAM,79.46,51.84,82.86,73.9,35.53,52.78,16.12,15.57,9.58,9.58,11.76,82.16
RB,70.11,43.92,65.3,86.62,73.46,74.21,15.09,13.77,9.72,11.48,11.43,82.38
LW,83.36,66.89,58.75,79.17,44.97,73.53,5.76,14.68,10.18,9.16,9.92,83.34
LB,81.28,43.53,55.98,60.34,73.19,55.8,7.43,8.84,14.67,13.22,10.0,80.13
CM,68.14,75.36,77.57,90.72,55.95,77.66,10.76,18.76,8.41,7.59,12.67,83.33
RB,69.93,63.83,59.02,54.94,73.6,60.84,10.06,5.93,18.32,14.93,16.14,79.53
LW,98.04,68.05,51.52,75.53,28.85,57.87,11.0,12.59,11.87,7.18,14.97,83.62
GK,53.57,27.79,54.05,31.07,36.85,52.26,56.75,64.61,53.5,58.13,70.28,74.78
LW,71.34,81.17,51.65,75.66,22.51,50.05,12.32,5.95,8.18,13.14,14.52,83.17
RB,81.08,58.47,70.8,67.59,65.61,59.97,13.96,9.81,8.21,5.74,16.75,83.48
LB,76.48,41.57,53.91,48.66,78.08,76.03,9.79,11.5,13.35,17.7,9.56,77.77
RB,79.03,47.7,76.98,58.73,61.14,65.51,11.17,12.66,9.14,15.2,17.54,80.85
CB,71.33,18.38,52.04,43.8,64.93,90.4,13.78,15.16,20.42,12.0,19.13,79.37
GK,35.38,22.28,32.32,42.37,38.16,62.68,83.3,58.62,57.01,76.74,81.17,82.19
GK,49.14,10.04,67.19,24.23,37.05,68.89,70.92,52.89,64.39,89.71,69.0,78.87
CB,59.74,21.45,49.94,42.65,68.84,60.37,17.82,19.01,12.45,12.36,21.15,76.62
GK,52.51,5.07,34.37,41.16,38.12,52.69,81.57,67.68,67.28,66.56,61.75,78.14
GK,47.89,25.08,37.58,23.46,45.67,46.21,83.95,61.83,75.78,83.94,75.61,83.15
CB,66.61,26.08,46.47,38.77,61.82,66.6,6.94,17.24,15.53,16.93,8.77,76.8
ST,77.95,89.04,62.65,57.87,23.83,58.3,12.11,12.47,11.4,14.2,13.69,82.91
CM,66.0,67.56,92.02,58.49,51.26,45.84,17.6,5.72,14.92,12.28,9.84,78.01
CDM,58.11,64.28,66.63,62.79,72.64,82.94,16.59,11.85,13.49,11.29,17.0,79.67
ST,75.24,72.1,55.56,57.34,32.04,80.9,14.84,10.71,11.0,12.09,7.9,80.58
RW,64.12,54.46,64.77,82.51,26.69,54.19,14.35,19.68,9.18,6.01,11.38,78.54
ST,77.93,73.65,70.88,78.13,51.8,68.47,16.73,14.64,7.94,8.12,9.83,84.86
CAM,56.86,72.3,67.94,88.69,44.31,56.41,12.99,18.54,7.42,5.18,12.65,81.24
CM,65.67,61.04,70.32,71.71,53.24,76.19,8.91,12.93,19.98,12.16,21.98,79.76
GK,43.82,20.2,52.56,36.26,40.91,74.43,80.81,52.46,60.13,81.64,53.56,77.9
LW,77.61,70.71,62.68,90.23,34.06,55.03,15.84,12.3,10.83,8.73,10.28,82.76
LB,74.64,45.4,74.85,60.62,67.93,56.18,13.65,15.48,13.13,18.25,11.19,76.67
LW,70.53,84.88,54.02,71.66,37.39,43.31,12.67,8.83,17.1,10.0,19.87,81.7
CB,58.3,25.49,43.64,45.96,72.04,72.22,12.46,14.07,18.55,12.09,14.71,77.66
CDM,57.29,38.74,72.26,67.4,53.02,56.29,11.65,8.82,13.58,11.35,8.59,75.16
CM,49.29,52.71,60.61,71.03,46.81,87.23,20.27,9.56,12.84,3.58,7.04,76.61
ST,79.68,74.72,87.6,71.67,38.03,76.57,9.83,8.64,5.11,18.32,11.23,86.27
CDM,51.27,49.93,66.53,64.29,79.22,61.93,13.99,12.4,12.11,7.03,13.19,77.29
LW,86.05,73.41,72.99,82.01,34.48,44.51,15.18,12.06,9.34,13.18,14.18,88.39
GK,38.34,23.98,56.99,37.9,57.16,59.79,63.21,68.31,65.66,52.62,75.14,78.23
CM,71.91,53.68,67.31,62.93,59.28,50.42,7.15,12.4,15.17,14.39,13.6,77.71
LW,89.53,77.6,69.84,71.56,54.64,71.14,12.99,11.33,6.16,20.31,7.79,84.56
GK,41.71,25.03,57.54,32.72,33.65,53.18,83.74,73.31,59.46,83.71,84.11,84.25
ST,84.54,74.99,56.75,55.27,27.27,72.34,28.74,9.34,13.63,6.39,1.0,82.66
LW,87.32,62.27,53.63,84.77,27.49,55.92,11.87,18.27,11.71,15.7,17.72,81.0
CB,75.14,28.81,56.21,40.58,99.0,80.05,22.3,11.26,18.14,11.07,6.34,85.78
LB,62.05,29.24,69.61,54.88,66.67,67.41,11.1,15.67,16.14,12.01,14.14,77.49
CM,64.42,67.93,75.29,75.37,42.61,69.66,12.63,7.14,10.02,12.89,2.69,79.44
RB,65.55,46.61,73.33,64.63,63.39,72.31,9.95,11.1,9.23,13.57,10.97,79.27
CM,65.57,79.56,72.61,59.81,59.82,59.36,18.36,3.23,15.33,16.25,12.43,77.12
LB,79.97,22.85,69.64,58.23,71.46,71.02,7.93,11.15,13.87,14.68,12.13,81.75
CAM,75.58,86.3,70.59,86.22,53.08,37.28,9.82,9.95,7.57,11.64,4.64,83.31
LW,84.25,64.02,81.68,80.68,44.57,73.95,11.57,6.07,10.03,11.49,9.43,85.82
CDM,91.61,50.83,76.65,73.09,68.75,70.5,5.12,9.96,5.39,17.04,10.89,82.77
LB,69.85,43.59,56.16,61.2,92.79,77.55,9.62,17.88,21.41,10.32,2.45,81.7
CB,68.7,53.23,54.46,30.58,77.61,77.64,15.31,12.62,11.47,13.07,19.79,80.12
CM,62.81,70.77,85.27,79.04,65.28,58.11,20.59,12.98,14.67,12.55,12.09,84.73
CAM,57.07,60.75,81.83,61.24,47.22,67.08,5.76,14.75,9.48,10.81,13.67,80.26
CDM,71.66,49.03,81.97,61.66,76.7,62.07,16.36,12.79,12.96,12.24,9.17,80.38
CDM,68.38,68.6,69.32,60.49,66.17,58.74,12.22,11.29,13.1,14.12,14.87,78.73
CAM,74.55,65.72,76.62,63.78,35.0,56.51,15.5,5.85,2.7,8.16,10.15,82.08
CDM,60.78,50.2,63.22,80.36,82.62,73.66,5.67,13.87,12.26,17.75,4.41,82.14
LW,70.49,87.05,73.63,68.64,26.52,72.26,12.68,16.7,13.78,2.62,17.24,82.86
GK,44.39,32.3,47.49,36.74,41.69,54.44,99.0,80.81,66.11,67.92,87.63,84.06
LB,60.32,46.58,80.96,65.88,59.0,49.95,6.42,13.71,13.67,12.2,10.78,76.94
LB,68.97,39.9,71.27,64.4,63.72,65.94,12.87,17.82,12.68,13.69,14.0,79.64
CM,73.41,67.62,68.23,91.2,58.13,54.8,12.76,10.47,17.73,18.99,11.29,81.17
CM,57.9,53.58,68.65,62.06,76.2,61.27,15.45,15.77,6.39,7.24,5.34,78.07
CB,72.6,33.63,53.72,39.28,86.3,79.7,13.02,5.77,5.41,13.37,4.17,84.1
RW,91.01,52.43,73.12,95.06,56.77,40.0,7.57,13.81,16.0,11.39,9.04,84.42
LW,85.84,86.43,70.27,62.22,35.94,50.3,10.59,14.98,6.61,17.46,14.72,83.21
CM,55.8,63.52,55.38,71.47,74.88,51.88,14.14,11.59,12.25,17.25,12.37,75.87
RB,79.39,26.03,61.59,69.0,87.31,58.46,12.98,17.39,15.3,17.39,14.97,78.82
LW,59.87,83.28,85.87,71.94,50.92,65.31,7.28,15.0,11.47,13.61,5.67,83.22
CB,56.47,25.94,44.72,55.96,74.42,78.2,4.63,7.39,12.26,23.98,7.78,79.57
LW,96.56,83.92,75.73,99.0,40.05,53.7,8.89,8.01,11.07,12.63,13.61,89.89
LB,68.84,50.04,51.61,65.98,57.31,65.9,8.96,15.13,9.35,13.77,8.13,76.62
RW,69.17,65.57,64.63,82.19,29.96,65.04,8.23,4.48,14.86,15.67,12.0,82.28
CB,62.83,48.3,69.71,52.29,78.62,86.34,21.95,15.74,10.04,19.21,12.56,86.59
LB,70.21,54.99,73.92,58.52,66.18,56.77,15.71,16.23,6.71,11.61,13.88,77.87
CAM,65.98,52.37,94.94,65.45,38.51,66.4,14.23,13.82,12.86,8.34,11.05,81.19
GK,53.78,29.18,46.63,33.48,43.82,68.55,77.17,70.14,62.47,69.82,57.9,79.88
RB,70.27,49.2,80.94,52.8,77.89,59.66,10.75,11.9,9.91,7.79,11.27,80.88
RB,71.27,49.96,80.34,57.48,61.26,72.65,19.15,13.13,10.81,9.09,13.83,79.23
GK,49.54,32.52,39.28,43.72,30.38,86.9,75.66,62.41,55.33,65.55,65.01,77.1
LB,77.25,53.65,65.75,59.0,71.16,63.33,13.08,1.0,14.33,8.31,4.18,80.12
LW,72.22,72.43,56.95,72.17,22.55,66.14,20.05,11.16,13.32,7.47,17.84,79.92
ST,69.48,65.99,60.57,69.14,40.56,83.36,11.82,11.15,8.21,10.81,21.33,81.95
LW,76.77,60.62,68.85,83.91,53.44,51.48,8.45,10.21,9.71,18.75,8.63,83.03
CAM,64.36,53.77,73.3,73.82,45.23,61.34,15.26,10.6,14.88,7.23,19.19,80.43
CB,59.66,25.14,63.1,51.03,64.23,68.38,10.88,3.78,8.0,11.69,11.18,77.91
LW,80.34,70.17,79.35,80.17,55.7,66.66,22.5,15.07,10.31,6.59,11.06,84.99
RB,72.11,38.12,66.31,67.47,65.97,50.9,5.64,14.45,6.65,14.0,13.48,78.32
RW,75.86,63.86,74.79,80.21,36.43,68.68,9.98,15.26,18.07,10.98,11.01,83.78
CAM,70.68,67.58,75.21,93.35,35.9,49.82,20.1,19.29,12.52,13.85,14.41,83.08
LB,83.35,47.46,57.06,69.27,63.8,61.58,8.84,10.96,9.69,10.84,13.48,81.02
CDM,84.09,51.66,68.93,54.46,64.32,75.23,12.09,8.14,14.72,13.69,3.56,78.3
LB,68.01,60.27,76.45,54.15,63.63,67.19,9.19,7.38,17.18,7.43,19.12,79.29
LB,90.35,43.29,59.42,71.76,60.99,60.68,16.21,12.27,16.13,7.27,11.44,80.31
RB,59.98,38.77,56.03,71.25,81.7,50.28,4.74,17.85,10.32,6.3,13.18,77.38
RB,64.93,54.15,74.2,73.75,48.03,66.91,17.58,11.1,8.42,11.68,11.63,78.9
LB,84.0,42.85,71.96,57.13,65.91,71.02,17.7,10.73,10.28,11.26,14.91,83.01
CAM,73.3,47.58,78.85,75.9,41.06,69.17,11.78,11.98,15.98,13.42,14.11,80.41
RB,62.42,40.1,79.47,67.8,68.21,63.59,16.31,11.73,9.01,6.72,15.6,78.16
LW,92.69,76.77,65.98,82.55,33.13,62.97,14.45,13.72,9.19,11.44,8.18,86.83
GK,61.16,23.05,39.68,25.52,46.12,56.35,56.85,70.95,59.84,72.52,70.12,79.63
RW,79.81,69.72,63.62,85.81,52.8,69.45,10.07,18.34,13.89,15.44,17.62,84.75
CB,58.32,24.88,60.65,45.27,74.71,67.45,9.23,17.97,14.57,23.37,8.46,79.46
ST,81.67,88.37,51.88,55.92,40.92,57.54,10.28,14.57,15.44,7.85,13.65,81.32
LW,83.15,82.94,82.0,72.86,29.15,51.96,7.75,15.61,15.86,10.25,12.88,84.43
ST,72.76,71.93,52.14,64.49,45.7,81.29,12.61,13.36,14.3,14.98,12.43,79.69
RW,79.03,58.5,77.69,87.75,37.6,56.74,9.4,11.34,14.93,8.6,11.25,82.3
CAM,67.45,81.44,95.06,79.07,35.31,66.77,13.81,16.22,5.22,15.42,8.46,87.7
LW,71.8,59.28,77.63,79.75,41.8,63.47,4.77,9.95,19.82,12.89,10.72,80.42
LB,64.06,53.48,73.11,60.26,42.97,53.72,15.39,6.71,11.41,12.45,6.7,72.05
CDM,65.5,53.9,88.11,58.67,75.56,72.5,14.93,12.82,16.49,10.83,16.63,81.8
LB,73.77,27.14,71.88,64.88,73.94,76.44,14.51,12.71,9.73,3.51,10.99,82.99
GK,49.87,37.98,45.92,23.03,45.77,72.94,81.13,92.36,65.78,78.14,85.35,85.65
RB,74.53,41.66,79.77,48.83,75.96,55.17,5.56,18.09,9.49,16.81,22.88,80.26
CB,69.26,24.53,70.78,53.91,82.47,54.14,11.98,17.17,14.95,14.35,14.15,78.97
LB,67.17,61.49,44.07,67.8,56.67,62.21,12.46,12.81,11.7,13.17,13.74,73.78
CM,78.3,45.62,88.34,78.42,55.68,80.95,10.5,12.18,7.88,11.07,16.55,83.04
CAM,73.03,86.69,69.99,67.83,35.38,74.0,8.43,10.39,17.58,18.11,11.22,82.07
LB,62.77,43.93,53.51,49.49,70.37,58.74,18.26,6.44,12.12,12.08,14.88,75.95
GK,38.6,13.68,47.56,39.0,42.22,54.83,65.01,83.5,63.65,65.32,73.9,80.32
LB,74.35,65.85,55.69,62.65,63.46,60.41,8.89,13.12,21.21,14.96,13.15,76.07
LW,85.58,66.83,72.55,86.08,32.88,75.57,6.32,12.51,11.56,10.87,18.59,86.69
ST,78.28,75.94,73.75,70.22,36.41,75.74,17.57,10.04,12.45,10.5,15.1,84.2
CB,45.01,32.26,54.92,41.2,67.85,81.2,27.39,15.42,13.01,13.48,7.07,77.51
CM,79.2,78.58,78.85,72.32,67.88,61.08,7.75,9.69,1.32,8.54,14.83,80.48
RW,86.14,64.9,62.38,77.89,32.23,73.3,10.3,5.08,12.88,11.36,10.86,83.15
LB,69.9,45.5,63.54,72.27,89.8,64.42,7.34,14.53,12.87,12.62,8.87,82.24
GK,58.0,12.05,62.33,36.0,38.13,43.84,80.74,71.75,89.01,66.35,67.58,81.41
RB,72.2,43.45,73.66,64.38,66.69,62.0,1.01,14.38,10.64,5.12,10.86,78.22
CDM,66.17,64.31,83.66,49.38,84.37,86.59,10.45,9.35,15.09,12.04,9.27,87.19
LW,77.77,64.07,77.81,96.79,23.97,49.38,4.35,25.69,11.45,16.53,16.8,84.81
LB,71.33,39.46,65.03,65.05,81.31,78.58,12.27,12.38,11.24,15.91,9.08,82.87
RW,76.47,66.87,63.98,90.72,41.97,53.76,13.73,10.9,10.2,5.24,8.08,85.65
CDM,79.3,50.36,75.88,66.69,86.69,59.07,6.57,12.46,20.11,16.93,10.79,81.89
CM,78.17,45.41,78.45,70.44,61.09,66.15,16.01,8.26,13.89,9.19,9.37,82.66
LB,69.17,44.79,68.27,74.41,57.66,88.8,14.25,19.83,10.6,12.25,11.37,81.79
LB,65.5,71.91,49.75,72.64,65.59,56.78,6.73,16.78,15.4,13.47,16.06,75.78
GK,50.38,9.49,31.89,31.33,38.11,64.15,58.51,78.46,79.3,82.55,62.39,80.42
RW,74.23,82.19,83.25,79.27,50.78,72.3,9.75,5.14,9.53,12.33,9.3,86.35
CAM,66.2,96.88,73.04,77.04,30.91,72.01,11.07,12.43,18.33,13.65,6.71,84.29
LB,77.83,42.35,51.97,79.4,61.58,44.41,16.62,9.88,16.18,16.95,16.3,79.22
CDM,64.8,41.8,82.09,62.61,83.69,69.86,9.57,5.75,10.8,13.05,12.43,83.09
CM,51.73,54.23,70.87,64.15,69.01,84.73,15.4,13.83,12.37,5.31,6.72,78.58
GK,48.86,23.62,50.23,38.38,7.36,89.35,60.55,59.7,61.74,80.87,50.7,76.57
GK,51.66,18.14,51.79,25.12,37.98,76.84,70.39,60.01,62.48,82.1,63.06,78.05
LB,87.3,50.29,89.96,72.03,50.45,59.31,7.26,13.36,12.08,6.82,8.09,79.9
LB,66.23,40.18,64.04,62.3,63.64,80.76,12.68,12.42,9.24,16.64,16.01,80.53
ST,78.97,80.98,36.43,57.32,24.13,87.26,11.94,7.33,8.86,16.76,12.59,85.6
LB,67.31,43.33,73.13,49.63,72.41,66.18,6.38,8.35,13.17,14.31,18.45,77.6
ST,52.02,75.01,58.54,83.08,33.15,85.58,11.83,17.8,16.23,4.99,10.33,81.7
RW,68.91,73.7,75.63,89.05,25.51,57.04,10.61,8.94,12.85,5.75,9.37,81.88
CAM,65.62,81.17,69.23,68.56,42.52,74.17,9.5,15.66,19.84,20.25,8.84,81.08
CM,70.56,49.97,72.34,76.62,52.54,66.08,18.15,13.23,11.23,17.65,18.17,78.72
RW,75.63,83.75,66.36,72.12,29.12,56.83,10.59,17.39,14.3,10.25,19.17,83.04
LB,68.86,50.26,63.8,42.3,66.93,62.92,7.83,12.04,10.5,8.17,8.84,79.69
CDM,55.33,60.62,67.86,61.32,70.86,70.86,18.89,7.58,5.79,9.34,16.69,80.57
ST,96.5,89.46,52.59,74.05,40.93,63.87,13.35,14.24,16.48,13.59,5.17,91.55
GK,27.55,21.36,28.29,36.76,38.13,56.39,81.45,49.62,38.07,86.5,75.21,74.56
LW,72.38,77.13,66.72,78.31,28.91,62.92,11.66,13.57,7.44,11.38,15.74,81.92
LB,72.65,48.54,67.69,50.64,66.74,70.09,13.09,6.93,10.5,10.92,12.11,81.0
ST,68.45,69.44,66.53,67.25,37.39,73.6,12.43,6.77,18.01,10.32,9.21,79.54
CB,84.94,59.97,57.49,37.8,76.17,77.59,10.24,12.3,13.5,10.71,8.5,84.21
CAM,72.46,57.26,83.14,79.57,52.49,77.94,9.04,8.38,17.15,16.44,11.33,83.97
LW,96.79,52.39,65.71,81.58,42.17,78.17,16.72,8.62,7.03,15.64,10.51,86.14
CAM,66.92,60.34,73.67,69.34,41.82,63.53,16.93,14.17,11.87,7.48,18.76,77.84
LW,79.57,79.13,75.42,90.03,39.44,59.93,15.75,7.37,13.11,9.58,10.25,87.09
CB,54.63,30.1,41.91,59.73,84.31,74.18,9.89,15.54,16.08,15.45,15.22,80.98
CAM,83.25,70.12,52.18,81.17,66.74,46.99,10.11,11.48,17.19,10.04,15.99,80.41
RB,70.28,45.51,50.87,58.43,79.84,78.5,11.35,6.57,9.67,6.83,13.76,79.61
LB,56.46,47.15,64.48,58.99,64.62,91.51,16.02,13.76,14.78,15.77,10.55,77.91
RW,76.98,86.46,76.63,97.58,42.22,51.09,18.41,13.33,10.01,4.42,10.61,87.37
RB,74.46,40.3,57.7,67.34,76.53,75.64,11.06,11.61,14.86,13.37,12.29,81.88
RB,79.33,41.02,55.92,59.15,54.72,78.44,7.12,15.58,7.6,20.51,18.34,79.0
RB,67.59,42.35,66.35,63.31,63.56,82.31,3.59,10.33,17.18,9.93,7.16,79.15
CDM,63.45,51.7,74.86,75.04,78.09,71.41,12.91,4.56,13.62,14.16,5.22,86.86
CDM,69.84,53.08,49.19,64.07,79.85,74.62,13.19,10.77,5.59,9.34,8.75,80.67
CDM,28.7,51.98,58.7,49.23,75.65,52.7,7.16,11.13,10.27,9.9,12.55,74.37
ST,82.56,69.69,56.49,65.94,53.8,84.38,14.87,11.07,8.04,10.4,14.05,84.44
RB,70.75,50.56,73.37,60.02,79.24,40.85,10.34,13.92,11.78,13.44,19.26,79.72
LB,74.66,59.26,63.75,56.57,76.91,73.5,7.32,4.94,17.13,11.11,13.83,78.63
CDM,67.55,47.93,67.59,62.9,71.8,78.51,14.99,13.33,11.94,10.31,22.57,81.09
RW,97.28,88.63,59.18,76.76,56.98,52.68,17.53,13.75,14.55,11.94,7.19,88.57
CB,33.07,35.24,33.21,44.07,66.45,78.19,11.85,17.36,1.45,11.72,1.0,74.92
RW,75.02,75.84,54.36,75.05,41.67,61.45,7.61,14.95,7.57,5.66,10.72,80.54
RW,77.19,61.09,74.27,67.05,46.51,77.35,7.7,4.14,7.91,17.54,5.7,82.27
RW,85.6,66.68,76.32,64.4,32.4,57.18,11.29,8.85,14.52,10.65,12.75,80.04
RB,91.05,40.24,75.47,79.0,71.79,65.78,15.56,11.11,10.55,8.86,11.31,86.37
LW,81.01,83.16,57.99,79.69,32.02,63.92,9.93,9.49,17.44,19.79,8.03,84.04
CAM,63.95,53.85,73.17,76.7,43.04,70.57,10.05,11.48,14.34,15.71,12.28,79.21
LB,71.01,54.95,60.56,64.53,85.43,49.51,9.41,17.57,11.45,10.86,21.16,78.52
CB,77.46,23.05,51.94,35.59,72.72,78.61,11.16,4.56,9.99,14.7,16.63,82.55
RW,90.21,88.53,55.07,76.51,23.51,48.09,10.52,6.07,10.89,15.51,9.24,81.11
RB,72.03,39.32,70.5,64.01,64.0,72.49,8.31,7.67,7.3,18.35,6.74,82.36
RB,88.92,60.3,75.94,60.0,78.22,60.14,9.38,12.96,8.57,11.08,10.75,84.07
RB,80.02,59.26,53.42,54.63,43.88,89.32,7.82,11.58,13.43,15.44,6.23,77.36
CM,72.86,61.57,79.86,76.1,62.92,73.59,12.29,16.99,12.48,9.93,11.58,83.34
GK,45.0,35.45,55.94,58.48,33.45,70.7,64.0,78.25,63.97,90.61,62.72,81.15
CB,56.89,29.46,50.62,42.97,68.43,88.0,18.76,23.35,20.9,19.27,10.19,77.81
CAM,90.84,47.5,65.63,72.05,34.05,75.13,7.83,9.88,9.38,12.2,10.38,81.79
CDM,70.74,51.86,78.33,90.69,84.16,56.14,20.25,9.96,12.44,11.02,8.52,82.43
CM,66.95,59.0,68.95,60.48,48.13,46.08,9.72,8.53,11.42,9.74,12.1,73.68
GK,62.27,15.24,50.53,35.68,33.1,60.4,79.05,66.49,61.12,73.28,62.57,78.0
GK,44.74,25.26,53.57,31.31,18.83,82.51,81.49,60.88,68.33,63.06,80.89,82.11
LB,74.42,49.3,70.33,47.64,86.96,54.84,17.92,11.22,14.65,13.81,16.11,79.32
LB,73.19,45.63,63.57,65.69,65.91,59.74,12.88,13.11,11.03,19.65,13.57,80.52
CDM,68.32,67.96,78.05,71.61,60.62,94.38,10.37,15.51,13.46,10.4,2.77,84.82
RW,83.3,75.53,45.59,84.93,52.71,41.11,14.02,20.34,10.64,4.75,24.12,80.11
LW,73.3,76.31,72.52,72.44,34.14,48.0,16.91,9.95,8.5,8.96,12.27,81.31
CDM,83.62,56.04,65.52,72.84,80.13,65.64,9.71,11.42,11.54,14.49,11.75,81.5
GK,48.65,23.05,50.36,34.64,11.98,59.29,58.06,55.44,72.98,75.08,69.13,77.16
LW,79.23,71.05,76.78,89.38,51.76,51.42,14.97,14.14,13.77,15.17,14.35,84.52
ST,84.93,76.99,69.38,82.07,40.52,57.56,3.68,11.01,8.54,21.06,12.01,85.22
CB,45.38,30.8,45.77,58.56,74.94,69.86,9.6,12.09,16.05,17.95,19.99,77.66
LW,73.56,89.05,61.74,88.42,49.88,81.97,10.72,9.71,14.01,9.27,10.83,85.93
CDM,51.7,62.08,87.86,51.25,91.77,72.0,14.12,4.14,18.01,18.22,13.97,86.43
ST,79.39,79.47,46.14,59.56,35.97,52.62,12.78,10.48,11.45,6.81,16.9,81.3
CB,65.07,43.58,53.92,45.45,71.04,59.52,8.27,23.13,12.57,12.61,17.36,76.1
CAM,62.33,83.62,78.11,71.81,41.31,46.69,7.7,12.35,17.56,15.53,8.23,82.2
RW,71.04,65.53,73.41,79.99,20.27,55.98,19.66,18.65,4.42,22.03,16.4,78.0
GK,46.08,23.8,62.26,41.8,35.26,66.06,75.48,64.62,87.39,67.05,84.48,84.39
RB,66.16,45.23,56.36,61.55,62.46,72.56,18.71,6.61,18.63,11.24,13.93,79.78
RB,72.31,70.33,69.5,58.05,60.06,45.4,17.4,11.58,11.84,14.11,6.93,75.37
CDM,74.81,32.6,74.07,58.64,78.79,95.4,6.45,12.73,12.67,12.66,9.56,87.18
RW,84.54,77.57,59.05,80.88,40.2,55.48,13.11,5.85,10.36,11.41,11.19,84.1
CAM,69.08,44.51,51.87,65.57,42.22,64.18,13.04,5.87,10.0,11.78,7.67,74.02
CM,74.74,75.65,72.65,61.2,59.31,46.03,8.79,11.62,7.24,10.64,9.52,78.02
CDM,62.01,36.06,62.87,63.01,66.49,79.52,8.45,12.03,3.31,14.36,8.02,79.59
GK,50.54,6.86,49.76,27.48,34.45,64.17,72.91,55.93,75.63,61.55,71.83,76.23
CAM,81.19,72.51,72.4,85.7,48.12,63.49,17.84,11.44,10.52,10.7,11.76,86.85
CDM,55.2,56.71,58.26,66.78,73.79,71.25,16.21,3.12,14.07,14.44,11.87,81.54
RW,73.9,82.8,80.38,72.48,36.73,38.07,17.8,6.69,8.4,17.17,14.29,84.29
CB,73.19,35.09,67.74,53.68,75.02,62.26,15.07,6.72,11.69,23.91,17.97,82.94
RW,90.33,84.7,59.69,79.25,34.53,60.99,10.27,11.34,18.65,10.22,6.34,85.71
RW,77.91,72.79,79.5,77.63,33.9,54.15,14.19,12.92,9.43,8.09,7.22,84.97
CM,73.94,49.65,76.76,87.18,74.2,72.27,11.57,18.65,11.79,13.76,8.21,83.27
CDM,69.15,43.49,66.08,58.27,77.41,75.48,6.74,11.73,12.66,17.74,5.44,82.9
LW,61.02,75.65,78.01,76.97,27.97,47.91,11.54,1.0,10.82,14.8,17.17,82.05
ST,59.2,78.14,44.7,60.76,35.39,72.71,11.63,8.35,6.1,4.82,12.81,79.73
RW,77.86,69.2,77.7,91.98,33.78,63.78,15.91,15.56,11.24,15.58,13.93,86.97
CDM,70.39,51.31,73.08,58.8,82.27,73.79,10.21,14.43,2.87,16.34,9.32,82.17
CB,36.98,12.54,61.07,63.19,77.45,79.56,17.44,7.2,16.58,9.0,21.39,79.8
ST,82.96,89.96,34.46,70.42,40.77,71.28,9.91,13.41,8.91,19.78,13.55,87.5
CB,48.41,32.78,48.29,63.96,64.45,76.17,12.07,10.09,8.97,8.96,7.11,76.85
LB,73.89,26.88,67.06,60.87,71.89,70.87,10.32,13.55,10.21,4.21,11.18,80.72
GK,60.36,18.17,36.24,41.12,38.17,64.41,57.95,72.95,70.23,65.2,73.52,75.95
RW,97.72,73.87,49.12,72.61,30.48,60.23,19.07,16.47,18.64,7.43,18.95,86.0
CAM,76.63,55.97,81.04,75.26,49.8,56.87,12.51,8.71,12.1,16.54,17.64,82.74
CAM,76.2,88.64,74.49,76.32,55.29,62.74,16.19,7.88,6.39,3.06,13.68,84.58
RB,58.47,49.36,75.65,51.92,67.19,73.59,12.37,11.59,14.68,11.03,13.48,79.07
CM,53.06,54.33,76.81,95.19,79.27,80.11,11.55,6.57,8.5,16.57,5.5,82.87
LB,77.37,43.32,70.14,69.75,78.96,55.72,7.95,16.09,12.69,15.84,9.34,83.12
CAM,68.01,79.27,65.11,83.28,43.34,57.23,17.52,9.89,15.18,8.86,14.19,81.28
ST,74.72,62.46,48.93,82.37,32.52,80.37,16.27,17.52,14.01,7.21,17.69,81.88
RB,75.77,44.9,74.12,74.46,67.33,56.76,10.61,2.26,14.48,19.33,8.1,81.06
CAM,76.69,50.08,72.99,61.1,39.41,74.02,3.8,11.23,7.86,11.17,10.68,80.92
LB,84.46,60.71,91.39,72.98,44.47,55.3,7.36,8.98,12.47,12.83,8.94,80.77
CDM,83.69,55.55,61.24,50.08,60.99,63.25,18.53,9.69,16.7,6.48,14.18,78.97
CB,83.46,35.42,59.45,34.34,87.28,60.61,7.16,18.92,7.24,20.99,13.39,81.35
LW,66.05,62.14,73.66,88.04,47.01,49.6,15.44,6.88,17.07,1.0,8.68,81.92
RB,65.03,59.81,59.93,42.76,52.65,57.36,10.9,13.07,4.75,13.52,13.45,73.69
CDM,44.2,53.79,84.3,56.39,66.24,80.74,3.5,11.23,8.84,10.81,9.61,79.97
CB,52.36,35.59,59.38,29.33,79.63,57.29,17.36,22.67,11.44,21.98,12.79,74.93
CM,66.22,57.9,72.23,75.5,40.74,71.02,7.66,14.64,13.31,11.88,7.67,78.39
LW,88.52,71.46,66.71,88.09,45.5,44.83,13.6,11.67,12.08,6.12,15.62,87.36
RW,89.81,72.8,45.66,82.49,59.13,56.22,11.74,7.46,18.55,19.01,8.64,82.78
CAM,76.55,69.18,76.58,71.76,29.03,62.04,10.52,8.74,15.56,19.32,5.01,85.91
LW,88.4,70.72,56.6,77.08,53.66,59.22,11.5,10.1,11.8,14.52,14.6,85.27
GK,41.06,34.71,45.08,34.96,31.02,57.63,84.57,67.46,83.02,75.01,71.05,82.46
CDM,55.26,41.08,64.84,63.06,76.67,98.37,7.77,13.97,7.43,11.56,13.32,83.98
ST,84.85,87.05,50.04,70.97,26.72,51.89,3.74,10.42,15.55,6.41,17.07,82.91
RB,57.92,45.56,51.97,76.33,78.99,72.36,12.22,4.13,7.42,6.37,15.28,81.18
GK,40.01,31.7,25.49,42.01,44.77,61.2,56.97,60.02,77.58,66.17,64.13,76.81
RB,75.92,62.44,57.29,69.11,69.57,73.15,13.55,12.52,19.77,10.84,14.18,80.0
CM,70.67,64.69,77.21,72.09,45.6,72.3,10.9,13.78,9.97,24.29,11.33,80.08
LW,74.11,80.6,81.32,77.28,19.98,58.94,11.87,9.78,12.19,11.06,19.32,86.7
CB,59.24,28.67,41.19,56.82,71.68,59.73,11.33,19.38,12.65,10.0,13.43,79.55
GK,39.29,29.27,37.08,33.61,37.63,76.68,82.08,55.11,66.98,95.41,81.91,83.95
LB,69.31,43.15,68.06,62.85,64.4,69.73,6.19,14.22,22.99,15.97,12.96,76.82
ST,74.39,70.77,57.47,64.9,42.92,80.76,18.4,7.85,7.51,18.39,16.07,81.81
CDM,81.06,68.35,81.24,68.37,73.8,63.45,12.93,17.33,13.2,9.02,15.97,83.27
GK,41.57,24.31,48.56,32.96,46.19,61.68,85.17,83.61,67.11,71.23,83.78,85.57
ST,80.18,74.54,57.23,78.72,44.58,69.57,21.01,13.02,17.56,9.12,4.43,83.15
CB,61.19,35.36,57.02,49.11,73.78,82.64,9.37,7.85,16.87,22.3,15.65,83.2
RB,69.37,50.57,64.58,65.54,83.67,64.74,12.93,5.88,18.51,8.03,9.92,80.14
CM,74.26,42.96,78.77,70.87,73.36,63.71,7.84,14.39,15.25,8.93,16.58,82.04
ST,71.45,71.05,62.25,74.21,47.38,63.96,18.17,22.99,12.55,7.23,16.64,81.38
CM,62.09,64.8,74.49,72.74,74.35,67.58,14.54,13.94,10.33,9.35,15.91,82.56
GK,49.39,17.38,58.05,20.21,40.79,59.36,80.12,66.65,66.42,68.75,59.63,79.31
CB,67.31,7.66,58.74,53.58,88.11,74.96,16.1,9.91,10.22,8.79,19.55,82.88
RW,81.08,62.82,71.65,84.44,35.32,82.23,8.46,16.84,8.96,14.51,15.04,83.13
ST,71.98,81.52,48.49,52.94,28.56,57.77,13.3,10.32,8.9,13.0,13.12,76.73
RB,75.47,45.03,69.14,69.95,83.23,59.59,8.28,14.07,12.85,14.14,11.8,78.42
GK,41.66,20.94,40.04,39.82,57.35,80.26,78.33,60.85,68.86,94.75,72.48,81.56
CDM,60.07,37.79,66.4,43.79,83.2,69.11,14.74,14.17,9.02,9.5,20.72,78.74
CB,54.44,31.02,49.01,54.18,88.17,82.11,4.68,11.06,10.17,13.86,11.8,82.36
CDM,86.86,45.46,89.37,39.47,71.59,50.29,14.22,17.57,14.24,10.63,12.42,77.79
RB,55.72,24.49,55.05,67.68,51.38,66.17,9.11,11.97,11.88,12.68,9.87,71.33
CB,69.1,33.32,58.04,38.54,74.62,96.8,10.13,10.22,8.08,11.3,12.63,82.47
CB,61.41,32.31,50.99,34.3,78.05,52.1,30.17,16.23,17.36,17.25,9.96,74.75
RW,80.85,72.6,66.53,94.75,29.64,52.41,9.05,13.37,6.78,18.78,13.4,84.02
LB,70.4,50.57,52.06,66.94,55.38,75.34,11.96,11.39,13.04,8.28,15.37,75.2
CAM,65.65,74.49,99.0,66.6,52.75,69.11,15.06,8.59,15.37,18.8,11.61,83.53
LW,76.25,63.65,54.69,76.93,43.54,69.41,10.04,10.25,12.51,16.15,9.92,80.72
RW,73.47,51.61,61.22,72.65,54.47,65.83,5.63,11.46,16.63,8.64,9.52,78.51
LW,87.6,83.43,72.86,70.73,44.94,62.03,12.2,11.5,3.55,10.34,9.26,86.45
CAM,69.66,64.41,73.36,85.54,35.01,54.87,11.51,14.58,2.49,8.95,11.32,78.56
CAM,70.15,62.01,82.98,72.12,53.57,43.23,12.32,14.45,5.53,12.32,8.41,82.46
CAM,88.83,45.41,72.66,79.15,35.9,68.51,10.85,6.46,13.38,15.78,11.32,80.86
CB,66.11,38.09,57.94,46.76,80.46,77.23,17.27,20.3,15.47,10.54,11.69,83.19
GK,56.27,21.31,33.45,20.02,37.9,71.05,74.31,81.83,84.95,64.76,89.42,83.28
CB,60.26,34.64,47.24,40.37,91.22,79.5,14.9,11.56,10.95,18.19,19.41,86.9
CB,71.65,43.78,48.7,47.14,70.42,77.51,11.94,15.14,6.94,10.21,8.48,81.91
CAM,69.37,77.32,58.39,65.84,23.96,48.46,19.09,9.95,14.44,12.43,9.3,76.48
CB,50.32,16.72,57.52,55.6,66.65,83.27,21.41,11.72,9.93,6.15,21.77,79.1
RW,70.06,81.04,77.49,75.95,69.63,52.79,17.59,5.09,9.61,10.81,7.65,84.36
GK,32.04,13.39,55.13,39.48,32.64,68.44,72.56,53.54,47.33,71.96,76.56,78.65
CAM,65.33,68.28,75.26,70.89,45.57,67.46,19.1,17.21,10.41,13.8,13.76,82.62
RW,78.18,76.14,74.59,70.25,39.55,55.79,9.73,9.76,14.6,11.04,9.82,83.96
GK,32.81,26.47,41.2,38.08,42.38,34.38,76.52,76.57,75.76,69.17,59.99,79.83
LW,72.4,78.37,56.74,91.5,37.6,59.09,13.87,10.56,10.43,10.14,7.96,83.56
GK,48.33,21.98,67.85,33.71,19.58,64.84,70.49,63.08,59.67,79.7,77.87,77.28
CAM,60.79,73.91,60.84,74.77,41.15,53.96,12.65,10.76,15.19,6.19,5.54,78.13
CDM,58.81,44.74,60.1,53.82,90.03,78.18,12.56,14.22,8.2,9.32,10.16,82.42
LW,92.59,84.67,76.89,88.16,45.63,62.34,13.27,8.81,9.23,10.5,15.86,90.6
GK,49.34,13.73,64.87,38.31,41.9,46.32,75.59,77.1,72.15,74.07,68.93,82.38
ST,90.48,80.28,70.03,73.34,42.78,73.36,15.53,15.67,18.19,8.75,18.27,83.79
RW,70.95,51.31,63.07,84.1,28.18,85.22,16.55,6.93,12.08,13.47,16.45,79.09
RB,78.4,53.65,64.85,69.87,65.06,64.61,7.35,2.22,14.67,14.52,11.14,81.18
RB,81.9,47.88,80.01,59.08,60.8,63.6,9.08,3.25,16.07,10.63,8.11,82.62
LW,84.45,57.74,76.91,75.53,35.46,56.47,12.1,9.79,7.19,13.41,7.49,78.63
CAM,85.55,74.31,69.72,63.67,37.8,57.27,16.18,5.78,14.99,15.26,13.69,80.81
CB,47.03,33.42,61.22,47.34,78.37,70.95,9.3,27.51,8.1,15.38,14.83,78.82
LB,86.71,30.46,71.76,60.74,51.45,39.83,15.44,10.27,10.93,22.42,10.24,79.58
CDM,72.43,41.69,68.66,47.06,72.31,80.66,11.02,19.8,9.55,7.6,11.41,80.57
CAM,70.72,63.42,77.75,63.19,29.86,50.99,9.4,12.91,14.49,5.47,15.04,80.08
CM,67.86,73.79,70.73,59.5,57.97,50.75,12.51,10.21,19.19,8.36,12.98,77.09
ST,64.58,69.2,66.81,71.55,31.7,69.57,8.02,13.08,1.0,18.19,11.01,79.35
RB,80.21,49.39,64.92,64.91,59.1,49.1,10.85,17.39,16.58,15.82,13.76,76.66
CB,66.36,36.78,52.49,55.6,83.09,67.48,8.89,16.65,4.78,14.08,12.26,83.19
ST,68.47,82.2,43.98,75.33,51.19,80.25,13.67,17.12,9.8,10.28,12.8,81.01
GK,45.67,18.78,47.97,41.31,35.12,48.38,71.22,69.31,72.74,93.69,79.35,83.0
RW,86.92,69.59,71.53,78.79,28.58,52.96,12.87,13.46,7.65,12.96,12.51,84.25
ST,75.85,65.23,70.05,72.21,34.28,64.61,7.98,11.31,12.97,15.17,14.92,79.52
LB,75.26,62.46,62.64,52.39,68.45,65.89,7.19,14.25,12.09,2.45,7.23,81.51
GK,62.21,25.31,59.21,27.86,32.23,65.77,78.78,54.36,50.7,76.55,72.09,79.32
RW,97.04,83.18,65.5,70.81,43.61,65.65,5.32,10.26,5.85,9.79,14.5,85.96
GK,42.95,26.33,57.01,46.86,32.88,54.03,73.49,78.87,74.53,75.09,62.02,78.74
CAM,73.91,61.97,83.96,81.05,49.34,50.77,13.03,13.7,10.72,11.64,13.64,82.86
GK,23.68,38.42,29.98,16.69,65.04,53.31,70.5,69.01,69.14,82.69,65.67,81.04
CDM,50.03,54.68,75.02,63.08,76.42,56.58,15.37,13.35,9.06,7.8,11.79,78.51
CAM,96.69,73.4,78.72,85.62,38.29,56.52,11.38,13.41,9.33,14.57,5.81,87.04
GK,49.47,34.89,47.23,32.36,42.68,69.24,83.66,63.98,74.3,67.96,93.33,81.79
CM,60.6,69.63,80.45,70.49,73.82,80.77,7.95,11.72,20.14,9.46,15.09,84.92
CAM,83.97,62.66,76.74,80.04,41.0,56.52,12.02,5.34,8.75,11.49,10.94,82.42
CDM,52.46,56.64,70.44,48.81,77.07,77.7,14.09,12.63,17.17,7.46,13.27,79.35
CAM,56.48,64.17,73.12,76.82,29.93,65.58,6.69,10.86,9.05,11.57,11.65,81.06
CAM,73.43,55.04,83.76,70.24,24.16,65.5,9.5,8.02,7.47,11.87,8.88,82.85
CDM,69.37,35.67,51.99,74.82,79.29,77.29,14.9,13.88,15.15,13.67,12.0,77.98
CM,65.83,60.23,54.27,71.29,72.45,56.74,6.19,10.78,14.34,16.22,17.04,76.75
RB,71.49,35.52,83.07,65.12,53.57,85.13,9.32,12.65,10.92,14.5,17.77,82.57
RB,66.42,47.48,87.07,75.68,89.71,60.22,6.32,15.44,7.21,9.01,13.67,86.78
RW,98.22,82.97,61.94,71.76,38.11,55.65,15.32,9.75,5.65,7.76,10.03,87.54
CDM,53.16,45.39,70.35,69.3,81.73,72.46,8.38,10.22,13.38,11.6,8.13,81.65
GK,34.6,29.16,42.71,31.0,31.34,65.49,80.56,84.54,75.85,84.94,67.71,80.31
CAM,87.24,80.51,81.37,73.6,32.64,55.45,6.91,17.04,6.92,6.34,16.03,83.66
ST,77.23,83.49,53.5,76.86,27.81,73.42,13.72,18.56,17.46,12.62,14.44,86.41
RB,82.54,27.54,75.31,58.4,49.56,48.54,10.29,12.47,11.22,12.32,5.19,78.27
CB,61.06,31.62,34.14,38.67,85.36,84.54,10.09,14.9,10.64,5.26,20.25,80.09
RW,88.05,68.27,66.38,68.37,37.33,60.52,17.52,14.24,13.57,3.7,14.38,83.26
CM,62.96,52.93,95.58,69.9,72.76,68.17,12.1,7.25,17.08,6.14,8.51,81.73
RW,79.26,67.32,69.54,76.17,33.62,61.69,16.0,15.95,10.63,19.83,16.75,83.35
LB,91.7,47.72,72.87,63.99,62.79,60.71,16.85,17.21,16.64,13.35,12.55,83.37
LW,67.23,54.58,94.12,67.43,42.7,67.02,6.52,13.88,8.23,6.0,13.39,80.53
CB,46.11,53.18,39.15,57.46,99.0,65.76,14.92,10.47,13.34,16.47,12.13,82.96
RB,77.51,42.19,62.03,73.44,54.53,70.08,15.49,11.48,11.97,16.36,13.74,76.46
CAM,71.66,50.96,77.37,67.31,44.4,57.24,14.45,4.91,15.02,20.73,8.99,77.9
CM,66.18,75.67,84.26,82.71,52.07,75.59,7.37,13.08,4.95,20.12,14.17,85.34
RW,69.63,56.79,60.36,74.44,41.33,49.44,9.78,13.49,13.02,10.21,13.46,80.03
CAM,80.04,70.65,71.61,76.14,56.68,62.92,14.12,15.24,8.27,10.93,7.42,84.42
RB,79.41,46.26,58.65,50.55,69.93,69.99,10.74,15.99,12.52,17.31,13.15,78.99
LW,78.93,68.35,69.53,78.9,45.47,80.14,9.62,13.68,12.25,12.83,12.93,84.13
GK,40.16,21.9,42.86,35.09,55.78,51.6,61.72,70.89,64.54,63.29,66.19,80.86
CB,68.75,23.65,48.6,45.35,83.83,77.0,5.56,5.79,1.0,16.47,15.66,83.04
LB,57.49,22.32,58.24,55.94,79.27,59.88,14.16,3.33,14.8,17.69,17.55,79.03
LW,74.08,71.77,57.75,90.54,47.41,54.5,11.76,10.29,7.7,15.43,12.31,83.01
CDM,61.96,36.9,63.09,68.68,86.75,73.78,10.39,20.28,17.99,17.13,4.59,80.78
CM,79.24,63.14,67.22,78.14,48.84,68.14,13.46,10.29,17.67,17.68,15.08,80.6
ST,91.62,77.84,44.79,79.8,36.57,69.78,4.9,16.3,10.92,9.29,13.03,85.43
LW,75.41,73.35,78.91,86.14,63.87,72.2,13.15,10.56,10.82,14.89,17.99,85.01
LW,79.92,71.64,84.51,91.14,55.04,67.11,12.32,11.68,14.12,15.23,11.35,87.89
RB,79.85,32.27,74.76,77.32,79.28,51.94,7.69,15.84,11.22,10.31,8.23,85.35
GK,35.97,8.35,41.39,30.43,50.47,64.19,76.74,52.6,69.35,82.74,63.32,78.84
ST,72.14,62.59,51.57,82.88,39.69,79.11,10.96,14.92,4.36,10.18,16.14,79.82
RW,98.38,80.91,74.0,71.65,45.62,51.98,10.95,10.11,5.65,6.19,6.9,86.07
ST,88.84,75.79,62.55,56.91,47.43,69.64,7.96,18.86,9.14,12.27,5.65,83.26
LB,60.22,29.83,51.15,48.9,72.08,88.94,12.1,19.19,16.29,20.17,14.99,77.91
CDM,56.67,48.73,69.81,77.26,78.53,83.75,14.21,8.94,12.13,14.04,13.28,84.42
GK,65.93,32.81,53.73,49.65,47.08,61.36,68.85,76.01,86.29,80.19,77.49,85.7
GK,33.67,21.46,38.85,34.24,23.93,69.4,75.29,78.63,64.27,91.06,70.46,81.61
LW,69.49,83.74,78.31,81.89,29.68,63.37,5.38,14.46,12.74,16.26,10.86,82.74
LB,69.51,67.24,74.13,73.35,63.83,60.37,10.18,16.44,15.22,9.78,16.74,83.82
GK,52.02,19.51,31.29,33.87,29.13,56.38,79.42,76.9,53.22,63.6,74.16,78.65
CB,47.99,40.16,64.76,28.13,62.85,62.07,23.37,6.48,14.66,21.67,7.85,77.12
LB,70.16,50.03,66.96,45.66,73.45,83.84,14.3,16.96,14.21,11.89,8.53,81.84
ST,82.77,80.17,40.76,86.42,33.69,85.61,10.36,9.6,15.5,7.28,16.15,87.09
RW,92.6,71.48,62.93,78.97,23.52,84.1,9.84,15.7,17.61,4.04,10.26,85.34
CM,70.75,71.43,84.05,76.45,60.72,67.15,9.64,3.43,9.35,17.18,8.71,82.89
LB,49.1,31.61,70.75,62.63,71.52,59.89,3.32,16.77,13.58,12.79,15.1,74.6
ST,99.0,89.17,69.04,59.87,23.9,71.51,13.61,8.64,18.4,8.3,9.59,84.8
CAM,70.36,73.65,87.98,78.05,43.4,84.26,13.76,15.07,12.61,7.15,9.41,85.49
ST,91.62,75.2,44.58,73.05,44.92,62.75,11.99,19.18,14.87,13.49,6.89,84.56
RW,76.25,62.21,58.25,83.08,31.27,81.47,7.41,4.52,12.26,13.57,15.25,82.4
LW,83.94,70.08,80.61,81.0,31.92,82.35,18.01,14.45,13.66,19.33,11.05,89.27
RB,80.92,35.29,56.5,52.38,72.57,55.66,12.36,16.34,14.37,16.19,6.4,78.82
RB,63.99,48.38,86.0,63.77,52.98,74.94,10.08,12.26,6.34,11.95,13.76,79.95
LB,69.66,46.47,71.29,68.1,59.76,68.95,11.31,14.12,14.51,14.83,16.09,77.83
ST,66.75,84.97,54.83,87.85,22.66,64.82,12.19,17.18,2.71,10.76,17.58,82.51
CDM,62.76,49.36,63.7,66.26,76.66,58.21,17.91,9.92,14.09,10.58,8.23,77.25
CM,61.9,63.28,64.92,80.86,55.91,60.19,9.16,19.11,21.6,18.65,15.22,78.82
LW,80.57,79.26,66.04,87.57,29.8,51.7,9.18,15.49,10.67,12.46,10.67,85.08
CB,59.89,45.19,68.91,41.4,86.39,73.47,16.63,13.61,12.54,11.26,21.12,85.25
RW,83.76,72.73,57.02,88.63,50.39,62.49,7.1,16.3,16.53,13.13,11.2,82.26
CM,69.77,60.16,87.4,79.97,59.15,64.15,13.03,13.65,10.69,10.53,11.77,80.58
GK,24.96,20.23,51.77,50.47,31.01,57.63,69.93,73.52,64.54,79.36,67.52,78.52
RB,72.23,62.93,59.39,58.15,66.32,53.51,12.4,17.29,15.6,11.66,11.6,76.55
LW,85.41,74.42,59.76,78.47,29.47,86.43,11.96,11.89,19.45,14.83,8.16,84.84
RB,75.73,66.82,66.54,50.82,85.96,72.93,13.67,9.88,5.1,8.46,21.83,82.52
ST,55.83,81.62,57.25,76.91,14.49,78.62,15.56,11.49,14.45,15.64,13.65,81.89
GK,29.18,16.34,59.16,32.92,53.02,70.86,78.93,79.53,70.48,64.89,76.55,82.93
CDM,69.34,46.5,57.22,57.27,76.44,78.19,14.01,7.98,11.48,12.08,8.07,81.27
CDM,67.72,45.36,66.23,74.92,87.05,69.17,17.84,13.72,9.54,11.43,15.73,82.75
RW,99.0,73.68,79.92,70.9,44.51,59.78,1.0,12.87,15.99,4.94,11.34,88.69
RB,63.72,39.95,66.99,60.14,72.4,62.81,7.74,10.75,13.01,20.41,10.75,76.89
LB,61.51,38.63,49.36,57.36,68.79,62.18,11.71,9.49,10.93,12.07,10.14,76.82
CB,61.19,39.83,45.54,36.43,89.37,66.47,7.97,10.69,7.61,5.16,11.95,82.88
CB,57.35,38.19,56.95,30.97,67.5,78.04,11.13,11.99,13.01,19.23,19.86,80.84
ST,70.58,87.66,75.84,84.26,31.66,74.98,18.17,4.82,6.62,10.2,6.36,88.06
RW,85.53,68.05,80.6,72.83,43.38,62.36,18.79,13.35,11.33,10.43,9.66,84.69
CDM,72.9,63.72,57.08,51.43,99.0,81.3,15.33,16.84,11.15,17.58,8.32,83.8
LB,61.73,59.8,85.05,64.44,77.57,76.04,9.77,9.18,9.25,16.03,12.55,84.89
LW,75.96,63.77,81.34,68.26,45.12,71.34,9.53,5.29,12.77,19.31,9.36,83.13
ST,65.11,65.43,48.5,61.6,40.91,75.92,12.6,11.36,5.2,10.62,9.01,78.4
ST,70.71,69.32,59.12,78.12,26.36,85.76,16.29,10.37,12.09,12.18,9.79,83.14
LB,74.08,50.35,84.81,67.51,69.39,64.64,9.9,12.88,1.55,6.59,10.95,79.28
RB,79.53,54.67,67.01,61.71,90.65,64.49,13.59,17.87,9.8,8.03,9.42,85.92
CB,73.86,32.25,47.49,30.5,93.22,89.2,15.0,17.68,18.1,5.42,6.14,84.8
CB,60.03,39.56,54.07,44.39,71.4,84.13,5.59,4.88,18.98,14.36,8.01,80.78
RW,82.88,70.83,68.32,85.14,50.92,55.03,4.82,8.62,17.45,13.95,10.85,86.88
RB,76.86,36.59,80.68,61.02,68.6,55.88,14.36,6.5,16.42,13.86,7.98,80.74
ST,77.98,77.01,57.96,73.94,33.98,85.12,5.06,14.33,8.24,17.42,14.0,85.22
RB,50.22,45.67,57.4,87.06,56.11,61.36,11.5,16.03,11.07,14.06,16.21,75.93
CAM,69.7,59.18,84.39,64.86,46.67,49.62,15.27,9.89,14.44,9.7,10.04,83.04
LW,65.38,64.64,77.54,78.98,49.5,73.23,8.42,8.3,19.37,8.74,7.81,80.86
ST,93.58,89.12,42.46,87.62,42.02,81.36,7.83,9.38,10.26,13.17,11.4,88.03
CAM,73.56,86.74,85.0,72.74,53.51,55.88,7.53,7.88,10.54,14.27,10.14,84.24
RB,90.03,40.81,56.07,64.32,82.72,68.46,4.72,1.21,8.33,10.9,17.54,83.67
LB,83.66,35.68,75.65,67.42,88.64,68.16,12.69,17.15,20.88,11.89,11.29,83.87
RW,79.93,65.83,78.89,99.0,35.04,69.68,13.08,12.04,18.0,13.18,19.33,85.79
ST,65.38,81.38,66.91,66.34,44.78,73.4,12.51,11.14,11.61,11.94,11.56,83.8
GK,41.18,13.42,50.62,30.38,39.58,66.4,67.25,69.32,61.92,87.17,68.57,78.39
CB,49.58,21.58,69.49,54.74,79.23,68.79,10.59,16.06,21.96,17.34,11.49,80.33
CDM,52.3,47.92,64.48,65.3,74.82,90.06,8.44,12.27,8.39,16.54,16.76,82.22
GK,43.15,14.24,53.4,25.86,38.15,60.85,59.52,62.0,68.15,61.38,62.46,76.66
CAM,54.43,64.14,77.67,62.8,44.16,73.86,11.93,13.78,14.9,19.97,3.05,82.4
CM,77.25,49.67,66.01,65.75,62.56,71.05,18.52,6.46,12.89,13.83,17.63,83.24
ST,81.77,87.81,58.44,78.94,46.28,68.38,11.67,11.76,20.04,13.9,13.18,85.21
RB,57.56,38.47,64.24,76.04,70.22,64.93,16.32,7.51,11.32,13.08,5.32,78.14
CAM,72.07,72.05,93.62,83.55,51.43,41.64,10.0,6.9,10.46,5.23,7.47,85.27
CAM,69.98,74.24,93.58,81.27,36.35,62.61,15.19,17.63,8.67,10.84,5.59,85.73
CB,48.96,33.11,49.69,52.59,92.53,62.31,19.67,3.3,15.54,21.5,13.16,81.8
RB,73.08,44.22,54.95,42.25,55.05,68.79,14.24,15.8,16.82,19.5,11.45,75.35
CAM,93.55,66.72,83.59,73.56,44.44,68.65,15.58,15.82,11.03,13.65,12.81,86.12
RW,68.67,59.37,76.57,75.77,44.43,56.85,11.34,4.92,15.41,18.1,9.18,81.03
ST,69.46,82.17,50.87,68.21,40.3,82.66,12.71,13.09,8.18,12.85,11.53,84.19
LB,81.62,43.82,60.31,74.35,62.41,69.84,10.22,11.48,10.29,11.37,15.54,81.34
RW,77.06,62.22,86.96,78.03,26.26,61.53,15.99,6.12,15.62,13.75,22.38,80.72
CM,61.93,62.17,60.81,76.67,52.98,66.28,10.34,6.9,11.98,4.08,13.34,77.05
CB,73.86,34.74,62.96,39.84,78.03,72.4,15.32,11.14,5.8,11.31,19.85,82.83
ST,82.17,82.17,65.8,59.44,24.76,66.24,15.61,19.47,12.85,12.47,9.4,83.24
LW,75.64,51.41,60.59,69.2,34.56,70.31,13.04,11.8,5.84,12.53,14.36,76.02
ST,66.05,83.9,76.59,72.41,26.98,62.89,15.91,9.39,10.71,14.71,4.6,82.67
LW,80.28,69.37,73.87,81.93,56.11,60.44,9.37,13.66,11.47,6.66,7.9,85.64
RW,75.85,75.59,79.1,79.91,45.37,58.81,25.98,16.59,11.57,10.63,8.08,83.24
CB,49.21,21.44,49.38,44.67,88.7,54.97,13.0,1.0,10.47,3.89,13.18,77.83
ST,74.26,67.24,26.57,65.67,56.93,77.19,9.18,19.95,7.24,14.65,12.67,79.47
CB,45.83,46.08,56.41,41.64,78.55,88.9,17.58,11.52,20.04,6.68,9.02,83.77
LB,90.86,51.37,64.74,55.03,61.26,60.55,11.85,9.14,11.14,6.84,5.77,83.36
LW,81.5,66.38,57.31,78.57,47.26,71.03,13.23,4.41,14.28,8.49,11.29,80.98
ST,71.39,60.71,62.24,62.37,45.24,84.86,17.58,16.84,5.31,7.96,14.56,81.61
CM,72.54,48.16,72.03,80.53,54.77,66.76,12.65,18.1,10.49,8.93,18.03,78.35
CM,57.29,69.5,65.67,69.27,70.44,65.78,14.41,13.24,13.31,8.99,14.28,80.74
CDM,65.96,50.92,70.28,61.29,72.69,69.94,13.91,11.06,8.76,8.63,6.76,80.86
CM,69.0,63.7,72.89,86.93,48.99,48.81,16.01,7.17,9.54,8.15,16.86,79.07
ST,89.56,80.75,49.6,59.79,31.55,86.68,8.68,17.02,13.35,14.86,8.35,86.95
CB,54.65,25.74,37.09,51.75,77.21,83.99,12.86,13.71,20.55,19.48,5.71,80.15
LW,85.33,66.77,69.81,80.29,36.2,65.83,4.76,9.04,9.6,11.82,14.05,83.39
LB,81.11,60.08,74.54,65.29,75.73,74.94,4.16,13.92,16.28,15.2,14.7,83.66
CM,59.36,53.11,83.87,83.67,82.55,69.21,12.41,11.48,10.87,13.64,11.21,85.18
CDM,66.09,46.08,75.02,77.52,76.43,77.51,11.99,6.54,8.93,9.24,18.12,85.37
CB,58.92,43.59,68.47,46.42,84.01,70.32,11.18,12.08,10.38,13.69,10.37,82.27
LW,74.93,70.6,63.61,85.09,42.4,62.59,9.45,16.7,15.22,15.45,13.73,81.98
ST,75.25,69.26,60.49,78.32,27.61,85.71,4.45,21.48,12.01,11.19,16.24,82.51
CB,56.11,24.54,41.21,34.43,80.49,86.36,24.47,18.2,11.59,14.8,6.33,80.98
RW,85.68,75.83,59.69,89.49,36.32,49.47,1.11,15.63,10.77,15.85,12.17,85.24
CB,61.29,44.19,49.81,48.44,95.34,60.9,16.84,15.61,18.43,6.72,16.76,81.07
CB,57.07,52.15,56.74,42.98,66.99,86.02,23.02,13.84,1.93,18.97,8.23,81.68
CAM,95.59,69.89,90.74,59.91,53.76,63.99,16.15,2.17,5.09,12.22,17.59,86.03
CDM,59.66,67.03,72.06,59.13,83.21,54.82,15.52,9.62,8.29,12.54,16.33,78.3
CDM,58.54,54.29,53.81,54.62,83.88,81.97,12.99,7.23,12.62,8.85,11.25,81.95
LW,77.62,77.11,75.26,84.63,53.22,52.35,14.28,13.78,13.04,11.63,4.96,81.81
GK,46.85,26.93,27.4,49.57,43.84,57.16,79.05,88.71,75.76,42.87,66.75,79.54
GK,38.19,14.9,53.16,14.0,30.1,80.82,89.51,70.44,69.98,76.5,83.03,84.69
CM,80.16,59.63,60.11,71.44,61.34,60.63,19.83,12.5,7.03,13.64,12.76,80.49
CB,79.74,37.62,54.38,31.24,79.65,91.95,17.59,6.19,10.63,12.82,9.29,87.92
CDM,52.66,45.76,76.95,56.12,83.92,88.81,12.21,11.5,18.23,8.73,15.25,84.75
CB,57.58,31.83,48.48,47.18,74.04,79.38,12.95,15.31,12.37,20.1,9.81,80.11
LW,72.41,75.93,57.6,71.18,44.84,61.9,9.48,9.29,8.96,19.12,16.32,80.31
LW,83.14,65.89,78.08,79.44,37.37,68.73,9.62,15.25,11.94,8.52,10.36,80.07
CDM,38.93,47.12,64.0,58.37,68.2,85.79,11.01,14.94,12.15,11.84,10.97,80.05
LW,89.91,57.12,70.93,84.97,43.24,63.82,19.09,7.7,8.59,6.2,10.01,87.51
CAM,56.95,65.48,77.43,80.32,34.39,51.42,11.34,14.42,18.1,8.58,6.58,79.69
LB,76.02,49.31,54.55,67.43,62.44,57.39,11.38,12.28,11.17,5.52,16.78,77.27
GK,50.81,27.88,53.3,33.98,37.64,65.59,87.41,54.95,68.52,93.91,86.59,84.97
RW,86.46,58.21,48.54,81.85,41.63,72.98,5.98,18.39,8.18,12.45,15.23,78.37
CM,71.76,53.01,89.82,71.78,41.67,70.7,26.88,11.71,15.99,15.11,14.48,81.2
LB,63.44,41.15,62.95,53.54,83.99,71.58,19.11,15.7,11.75,14.9,10.75,82.6
GK,33.88,25.18,66.2,37.69,56.86,58.36,49.79,75.06,63.37,58.63,65.82,76.35
CB,51.32,29.37,53.9,45.1,68.64,64.03,15.85,17.62,20.92,15.41,18.99,74.27
CDM,73.2,37.57,69.62,82.9,60.63,74.41,8.8,13.15,19.65,7.5,12.65,79.85
LB,84.09,36.94,77.44,57.47,72.54,71.52,3.78,16.85,9.95,21.93,7.8,81.62
CDM,68.18,58.45,56.09,45.9,91.31,68.51,11.96,18.47,16.3,15.06,6.05,80.58
CB,45.68,48.52,65.61,52.41,83.79,78.55,1.0,4.17,14.68,10.39,12.04,82.88
LB,66.9,44.41,48.59,77.52,67.49,64.05,14.87,11.3,16.57,13.61,12.86,76.84
CB,58.57,36.34,37.52,31.91,83.55,88.26,14.55,17.48,13.07,16.32,11.48,82.24
LW,90.37,78.35,72.92,65.04,34.04,62.95,14.1,14.45,4.83,14.53,5.92,85.86
CAM,77.02,72.55,68.36,75.72,23.88,51.69,11.12,2.6,12.35,10.44,15.49,83.82
CB,45.27,32.34,55.13,41.42,75.28,86.28,15.72,14.51,5.21,17.39,21.16,81.64
LW,68.65,74.34,80.89,84.55,43.49,75.69,7.83,19.12,6.47,15.38,6.35,85.65
CM,73.46,76.22,63.81,84.29,83.17,69.66,12.21,14.25,11.48,7.57,8.54,82.0
LB,60.54,57.65,44.52,69.16,64.87,65.97,22.4,14.63,9.23,17.98,11.17,77.08
LB,81.69,31.29,67.34,58.77,75.65,62.14,13.9,11.65,10.32,19.45,13.15,81.24
CB,76.11,55.93,71.44,46.27,81.34,72.81,25.79,20.33,19.41,12.75,6.58,84.26
CDM,53.97,30.03,67.53,69.36,81.27,71.8,6.2,16.78,3.08,7.14,5.44,78.77
CM,67.51,43.96,78.89,51.44,62.05,63.64,9.8,17.29,12.42,13.62,9.24,80.05
GK,41.69,1.0,65.16,28.73,33.42,67.22,83.76,48.33,66.21,76.9,70.63,77.76
LW,75.74,45.38,76.13,70.42,28.06,67.38,10.93,7.71,17.37,7.63,17.46,80.08
LW,76.65,70.42,71.84,71.2,38.1,57.83,10.67,15.69,10.04,11.06,10.77,79.5
LW,81.36,58.36,46.57,76.59,55.3,58.04,12.54,16.23,11.72,10.76,12.45,78.42
GK,43.52,27.33,47.46,24.82,53.71,54.1,74.82,74.34,87.5,70.54,69.53,84.16
CDM,56.11,50.94,66.32,53.17,69.44,72.51,12.42,13.59,15.26,14.56,13.41,80.21
RW,78.68,73.97,90.18,82.47,60.31,40.94,6.82,16.62,22.29,18.89,13.52,87.55
LW,74.2,89.63,68.09,65.9,34.9,74.9,19.22,13.79,18.7,8.93,9.2,83.23
RB,75.29,45.15,85.93,57.28,78.12,57.84,1.0,13.43,4.41,12.3,16.09,82.02
RW,72.65,79.2,61.38,83.27,60.2,67.21,12.97,13.45,19.43,14.22,13.46,82.62
RB,55.51,47.65,66.09,51.04,78.12,59.4,18.85,11.86,7.9,10.64,7.45,77.38
LB,81.55,47.08,61.37,65.81,72.27,55.77,15.57,14.24,7.15,16.91,12.59,79.81
RB,74.45,39.6,75.13,52.21,85.09,77.64,10.59,11.78,9.23,11.99,20.06,84.14
GK,42.63,7.71,52.58,21.18,49.65,74.0,66.59,53.75,66.82,85.55,72.13,77.99
RB,55.91,34.1,52.69,83.82,74.78,78.68,14.04,5.27,12.12,10.21,15.7,78.97
CDM,58.47,60.23,69.69,73.49,73.47,79.04,12.71,11.47,14.46,18.54,12.14,81.52
CB,77.12,29.53,64.38,34.15,81.03,81.05,5.48,14.28,5.22,12.37,20.11,87.04
CAM,69.07,70.92,81.18,72.44,30.14,59.66,9.56,13.68,9.93,14.83,9.88,83.76
CDM,56.08,46.09,69.48,53.44,67.44,75.65,12.76,14.19,13.68,13.77,10.36,76.89
CDM,52.6,52.41,67.52,53.14,64.43,55.02,13.16,9.94,8.91,9.84,10.17,73.93
RW,83.05,68.3,74.9,72.0,46.21,53.09,16.0,11.29,9.59,12.48,15.38,79.8
CDM,63.92,46.76,70.5,69.44,71.1,70.18,9.69,7.28,9.58,17.29,12.91,80.34
CM,82.05,48.23,61.91,74.03,56.51,59.67,11.37,13.87,18.41,16.33,13.82,77.93
GK,41.42,37.06,40.89,26.46,49.34,71.99,77.13,79.77,74.0,85.35,64.11,81.62
CM,78.62,71.39,79.55,63.15,64.32,70.51,7.72,7.82,16.38,14.54,13.46,80.79
LB,46.23,54.21,60.14,82.36,72.8,88.22,10.24,16.36,11.03,14.08,10.85,81.68
LW,81.36,70.96,53.86,79.27,54.4,57.19,20.26,13.73,9.47,11.69,4.81,83.64
ST,63.25,94.07,56.39,76.4,44.76,76.01,11.66,8.49,10.33,5.07,12.4,84.45
CB,53.63,42.28,82.11,43.8,69.04,70.48,23.92,10.59,9.85,18.59,14.65,81.21
RW,89.02,65.73,54.59,71.69,42.66,65.3,13.43,2.81,6.88,5.73,11.37,81.68
LW,77.69,66.37,50.81,73.83,37.19,60.33,7.59,10.92,18.43,17.71,5.79,78.98
ST,68.11,78.46,61.02,74.95,35.07,67.9,11.45,10.22,19.33,7.81,14.65,83.15
CDM,64.39,59.77,50.58,75.6,77.62,57.55,12.25,10.07,13.56,9.57,9.19,77.59
ST,71.66,63.73,44.43,81.27,42.51,72.89,15.31,14.4,8.93,7.45,12.55,80.71
GK,47.33,22.11,54.66,30.46,16.14,78.75,43.26,49.41,57.74,86.33,80.55,75.87
LB,80.24,33.2,65.52,60.91,68.35,84.82,18.26,19.97,5.64,14.14,16.41,82.51
RB,70.05,63.19,66.53,52.96,62.66,73.23,17.71,10.73,9.55,9.4,10.41,75.83
CAM,69.54,62.94,84.38,87.14,41.98,57.43,6.36,5.89,11.21,5.56,14.72,83.12
CM,67.7,60.48,75.19,51.59,64.39,76.72,12.81,8.31,17.2,8.64,16.06,80.26
RW,71.74,74.92,64.93,83.99,49.05,60.96,12.09,12.31,12.36,5.66,8.5,84.52
CM,56.55,63.34,86.16,67.55,59.26,62.5,7.69,10.36,11.53,15.95,17.76,81.17
RB,69.94,51.94,78.83,75.85,77.06,65.41,13.95,8.86,11.43,13.21,14.56,83.58
CM,75.16,47.29,85.67,63.31,51.75,60.09,11.04,14.0,9.79,6.02,5.66,80.63
CM,59.52,62.05,67.61,92.37,52.97,73.87,15.74,13.53,10.79,9.32,16.59,80.93
CDM,75.01,62.59,78.48,61.49,68.46,69.75,9.11,12.79,7.32,11.95,11.95,81.74
CDM,66.84,43.99,56.8,70.84,82.88,77.04,9.83,10.61,10.36,14.91,9.85,79.56
CAM,74.07,73.08,63.97,73.32,25.28,58.51,10.56,3.73,15.89,9.2,6.03,81.14
CDM,53.73,53.18,70.81,79.01,86.47,64.91,14.22,6.33,16.22,4.63,7.99,84.51
CAM,59.31,57.72,84.76,74.94,28.15,59.32,13.06,7.0,18.21,6.97,15.56,79.65
LW,87.66,80.12,53.31,78.19,49.48,55.16,9.4,11.19,15.16,8.88,10.02,82.73
LB,76.39,31.85,72.92,58.71,64.85,75.71,10.62,13.76,9.24,8.48,11.27,81.49
LW,81.21,66.69,84.9,71.63,49.7,59.24,12.99,12.56,8.7,13.97,11.29,84.4
ST,77.01,91.1,74.27,70.69,20.2,73.14,12.35,13.23,13.88,8.36,12.84,88.19
RW,92.92,70.09,66.59,75.84,13.91,57.15,11.54,15.06,14.13,14.04,7.84,84.84
CDM,49.21,55.27,62.79,71.55,75.35,62.61,6.74,8.68,14.0,8.19,16.05,74.04
RB,81.0,27.0,89.63,55.02,78.7,71.84,4.0,10.87,11.66,10.96,12.72,85.52
ST,77.98,69.54,56.79,55.28,21.86,74.49,10.59,19.29,11.31,10.07,12.57,77.09
RB,73.06,42.41,58.29,70.37,84.17,52.58,8.56,18.11,11.45,16.46,5.33,77.21
LB,74.43,47.62,77.99,70.05,56.91,59.74,8.44,6.86,6.44,15.54,8.61,78.9
RW,78.23,96.05,62.57,80.09,38.75,70.77,13.22,10.47,15.34,9.1,7.46,85.24
CDM,63.82,30.16,70.77,61.84,80.3,76.14,17.88,14.07,10.74,7.6,11.96,82.31
CDM,73.13,54.37,65.0,60.49,70.29,88.7,14.74,9.08,19.92,17.2,11.82,83.3
ST,76.33,88.03,50.25,91.34,40.64,64.79,8.85,12.25,6.46,13.11,2.86,84.27
CDM,49.95,56.23,60.84,63.17,78.54,93.99,10.37,6.38,7.44,7.57,4.84,80.71
RW,84.14,58.68,54.77,84.24,40.1,58.66,7.65,14.26,16.98,13.27,7.8,82.23
CAM,68.58,63.39,76.22,71.39,31.57,45.21,8.14,10.41,11.61,7.17,13.65,78.04
LB,78.26,43.77,70.77,72.48,75.39,74.18,11.37,10.15,16.18,9.18,17.98,84.54
LW,74.91,84.83,75.3,70.71,29.07,71.92,20.84,5.5,11.78,14.08,8.99,84.01
CB,60.64,24.31,49.68,43.32,79.28,73.29,14.84,13.16,19.77,19.15,12.67,81.1
CB,40.28,55.21,58.7,34.03,66.39,87.81,15.75,13.01,16.92,7.82,15.13,80.07
CAM,72.78,64.59,99.0,67.93,55.59,55.26,9.43,9.04,13.8,8.83,14.55,82.17
RB,75.43,60.14,56.94,68.58,71.28,63.65,14.91,12.55,7.19,20.54,10.67,81.88
CAM,69.74,71.43,78.29,85.39,62.07,66.04,11.97,9.19,11.69,5.12,11.57,83.27
GK,43.86,17.69,59.86,41.99,33.37,54.35,74.53,80.31,90.19,62.94,78.84,81.59
GK,65.77,12.7,46.05,30.77,29.72,37.84,80.93,65.51,70.47,52.96,59.67,77.09
CB,55.85,57.38,65.24,29.09,65.94,79.14,6.41,16.22,19.97,16.84,9.63,78.85
RW,94.6,75.76,69.41,59.76,44.51,59.28,9.61,10.66,15.43,11.18,15.63,84.84
LB,59.43,42.29,56.39,52.37,72.88,73.88,9.1,13.76,16.08,11.84,8.17,76.61
LB,65.08,40.95,77.75,55.74,96.68,62.04,14.6,8.55,16.09,10.15,7.82,82.99
CDM,64.47,56.98,63.35,53.08,74.85,75.4,8.16,6.9,15.46,14.57,18.27,77.21
GK,36.6,31.18,44.42,22.5,47.97,46.78,71.95,66.32,65.81,76.31,62.52,74.93
CB,41.61,50.44,68.24,61.79,78.26,62.82,10.64,13.26,11.69,22.3,16.55,78.26
CAM,84.1,57.83,74.98,87.46,55.47,38.63,11.57,10.0,4.87,12.02,8.93,82.33
CB,76.24,23.78,25.84,37.47,88.54,76.07,14.65,14.0,10.06,9.18,10.04,83.02
LW,75.09,65.08,65.01,91.41,36.45,47.5,12.23,14.85,12.81,11.4,6.69,80.64
RW,82.03,77.84,69.49,78.18,31.94,73.88,18.63,15.33,9.74,12.62,13.8,82.99
LB,72.65,44.29,90.3,70.02,65.57,52.88,10.73,15.3,9.3,11.27,5.27,82.74
CAM,60.3,77.03,78.62,77.83,37.41,38.45,17.41,11.18,12.39,3.0,9.59,81.9
RB,74.24,59.56,49.12,53.57,69.02,50.61,11.31,8.13,10.89,13.05,9.15,77.98
GK,51.51,15.71,56.77,48.13,40.95,69.31,72.21,61.04,64.09,80.6,58.63,76.81
LB,81.38,42.39,56.99,59.57,76.18,79.73,17.41,7.72,11.54,6.89,11.17,80.4
LW,76.05,72.31,63.24,79.55,78.68,58.06,15.29,8.69,10.31,8.31,12.74,83.47
GK,44.59,1.48,46.36,30.41,31.84,56.44,59.93,71.51,71.54,64.34,95.55,81.01
LB,74.67,58.41,56.39,63.02,79.51,68.31,8.85,13.09,7.24,13.86,16.66,83.29
CM,65.21,65.21,97.66,60.11,37.67,80.53,7.32,9.82,17.07,12.97,13.82,82.81
LW,77.92,82.24,56.07,79.72,35.29,62.99,10.13,9.44,13.46,13.29,8.69,81.4
ST,76.1,71.67,72.07,69.93,56.52,81.02,6.68,5.68,15.83,8.63,11.33,85.04
RW,74.33,71.44,66.86,89.54,68.64,49.0,10.11,5.63,18.01,16.78,10.88,82.65
CM,65.47,37.34,86.37,48.13,85.71,60.38,11.01,12.87,19.21,14.73,4.68,78.72
ST,73.03,89.63,64.29,77.85,30.89,65.32,15.26,11.82,9.65,17.1,7.08,82.06
RW,87.94,59.58,62.49,84.47,47.84,55.77,13.69,11.54,13.96,13.25,10.64,82.99
RB,80.04,25.38,68.65,72.66,73.19,75.56,13.42,13.96,10.71,12.08,8.49,84.41
LB,67.1,41.47,45.1,45.42,70.64,63.68,11.23,6.07,10.5,6.02,2.07,76.02
LB,71.16,42.97,67.96,76.0,65.94,65.46,11.35,23.2,14.93,13.81,6.54,82.59
RB,74.65,57.71,83.21,59.56,60.65,77.79,15.94,21.86,13.17,15.22,5.98,81.92
CB,44.51,40.9,59.37,45.8,99.0,90.73,10.59,20.68,14.68,14.57,19.43,86.73
RW,86.92,91.33,63.27,87.09,56.87,73.36,15.56,2.47,12.06,16.22,7.01,89.29
CAM,67.87,73.33,76.78,74.26,51.73,70.52,9.82,21.44,14.21,21.07,2.21,83.83
CDM,47.54,51.09,74.79,45.02,51.06,72.47,1.0,8.24,10.91,16.3,7.06,78.56
CB,62.85,22.18,48.55,42.13,73.52,61.62,6.3,10.87,16.78,14.7,10.96,78.95
LW,74.85,64.15,73.53,78.95,40.04,51.53,14.79,10.9,13.57,3.19,5.12,83.36
CB,64.63,47.55,46.52,48.68,80.44,73.35,7.65,13.39,12.29,7.96,12.72,83.33
GK,33.15,19.41,35.82,37.03,30.56,67.5,65.32,70.05,71.02,62.61,47.71,76.04
GK,52.5,16.24,45.86,46.6,42.34,73.09,94.63,76.99,69.01,58.62,63.34,79.67
CDM,62.36,56.07,78.51,50.22,62.6,62.66,7.91,18.86,14.08,14.29,17.11,79.56
CAM,76.38,82.61,56.69,71.29,52.87,54.72,13.55,9.64,16.15,14.37,12.94,79.52
CDM,59.73,55.97,85.32,64.04,59.44,84.27,10.66,15.81,12.01,7.73,7.18,81.89
CB,59.09,48.72,62.21,51.91,60.31,88.71,10.94,13.92,14.72,20.41,12.94,79.43
CM,57.56,68.59,90.8,69.03,66.44,56.79,6.81,11.81,7.4,11.27,15.02,82.68
CDM,85.08,38.73,88.91,56.56,67.08,71.2,10.41,12.43,10.44,7.84,17.91,85.38
LW,85.31,76.49,37.55,72.85,36.56,63.71,8.96,6.8,9.65,20.97,19.57,81.42
RB,81.09,57.53,51.11,44.34,75.3,59.02,14.38,15.93,7.18,14.88,12.66,80.27
RB,76.08,35.6,71.0,70.35,77.59,66.3,7.74,9.58,9.33,11.59,14.63,82.31
RB,76.85,48.43,67.82,52.3,66.26,78.38,11.05,8.71,17.97,13.89,6.39,81.9
LB,76.29,16.56,59.22,68.56,59.93,63.85,12.11,13.84,14.92,12.13,8.27,76.13
ST,55.68,72.06,42.29,72.94,39.57,52.74,7.64,8.46,16.68,11.75,11.68,74.55
RB,68.3,40.72,56.14,81.26,67.61,67.0,11.96,12.65,18.86,17.25,10.95,79.0
CM,48.88,65.82,81.7,79.41,55.1,71.27,16.33,5.66,18.58,12.23,8.84,79.33
LW,79.95,74.24,60.45,71.43,51.18,74.71,12.32,9.23,13.1,13.85,7.59,80.44
ST,84.79,72.83,54.07,53.49,50.64,76.03,13.38,13.02,12.88,10.16,12.33,80.11
GK,41.8,38.28,74.45,33.08,66.57,42.15,72.17,51.25,60.04,76.94,62.96,76.12
RB,70.06,36.71,59.12,54.83,65.32,57.7,13.21,14.55,13.66,12.51,11.66,76.93
RB,80.87,43.48,70.75,67.76,49.24,80.71,15.7,11.56,15.42,7.25,9.44,79.44
CDM,52.7,60.88,58.56,72.79,66.28,81.9,17.37,17.15,13.72,17.01,14.22,80.44
CM,59.97,79.47,61.57,78.0,64.0,49.24,14.37,14.5,11.7,12.54,13.37,78.15
CM,74.7,67.42,78.02,61.78,73.44,60.69,9.18,12.62,8.79,12.0,11.1,81.13
RW,83.49,84.71,56.03,78.66,42.23,49.08,18.69,11.02,7.82,16.13,12.81,83.59
RW,82.91,83.79,78.16,74.47,42.65,57.3,16.77,15.72,9.01,13.68,14.62,85.88
CB,61.8,38.73,69.19,35.38,69.78,81.61,24.85,13.41,19.42,16.6,15.01,81.06
ST,81.66,95.66,83.02,62.6,39.48,79.47,8.18,12.98,13.25,16.19,17.7,88.65
CAM,80.86,64.28,61.33,69.32,35.45,46.82,14.18,6.23,9.36,11.58,17.83,76.75
CAM,82.93,75.61,83.94,64.56,52.53,74.67,14.73,12.47,11.53,17.0,9.02,84.88
LB,66.65,65.14,57.72,71.31,66.61,69.71,14.76,5.79,12.78,6.39,11.98,80.37
LW,73.31,84.25,75.86,84.01,47.4,50.96,6.72,17.95,13.43,12.21,18.81,86.26
ST,45.75,81.09,68.53,55.23,37.17,65.7,12.21,9.91,19.21,4.26,13.26,77.22
CB,64.12,33.75,66.91,34.46,73.66,78.93,18.49,16.37,11.74,12.66,7.13,83.74
LW,74.56,71.71,82.86,79.76,37.49,37.35,13.37,14.8,11.53,10.17,12.08,83.74
RB,87.76,46.98,72.88,64.65,62.34,74.75,8.26,16.23,7.79,11.85,14.72,84.32
RB,79.49,59.87,60.6,65.63,73.39,73.71,3.97,7.82,13.53,10.76,8.9,82.43
CB,38.72,56.71,62.72,40.6,81.05,83.6,13.02,19.91,11.84,17.44,18.48,82.99
CM,69.9,71.99,73.13,88.6,71.49,57.95,8.31,16.73,12.37,13.2,19.37,81.28
ST,82.23,92.62,60.5,71.22,40.92,74.66,11.19,17.05,16.85,13.63,10.75,85.78
CDM,61.7,55.81,72.7,74.93,94.53,66.93,12.16,6.45,13.42,9.8,11.91,84.1
RB,79.44,43.75,53.31,76.67,66.18,78.84,12.83,6.54,13.89,10.62,12.67,81.44
LB,70.9,69.6,49.62,47.25,65.01,57.36,13.56,9.72,10.09,8.15,6.14,76.03
GK,53.79,9.51,37.65,36.54,25.35,56.99,98.96,75.62,69.98,70.11,79.59,83.96
LW,81.19,65.02,66.1,94.08,51.23,61.99,9.4,1.0,17.62,20.01,10.5,85.23
LB,65.58,53.85,47.26,72.76,76.71,60.04,17.43,12.71,10.35,14.04,14.22,80.56
CAM,76.05,87.76,87.92,94.32,34.31,57.37,6.75,9.69,10.49,20.8,7.11,86.78
LB,97.16,30.59,68.37,68.74,74.9,57.47,13.75,12.4,7.33,9.43,12.27,83.02
CB,41.38,46.92,59.24,33.39,60.45,66.51,13.35,12.08,11.36,12.71,12.15,74.19
RW,99.0,74.13,66.51,78.61,49.02,69.78,13.74,8.25,13.84,10.04,11.37,87.48
LW,84.02,72.87,61.83,76.67,41.7,55.06,13.81,1.0,11.3,10.18,15.15,84.93
LW,68.96,71.27,58.55,70.28,56.44,66.19,11.95,13.93,10.03,14.33,15.29,80.28
CDM,65.72,32.26,64.48,68.03,85.6,66.74,10.45,15.72,14.52,14.6,15.43,81.06
RW,76.58,57.09,56.02,73.0,40.88,69.18,12.63,11.81,18.96,17.79,15.62,81.95
ST,62.86,87.36,58.05,63.98,27.13,63.22,10.81,20.58,6.49,10.26,9.91,83.91
CDM,76.39,35.27,71.9,55.65,82.73,87.07,10.7,13.12,6.82,5.87,16.51,84.71
CAM,85.86,62.0,77.99,76.82,49.69,70.87,18.75,16.57,16.66,15.88,11.54,85.19
CB,66.56,40.56,48.01,35.07,73.23,58.48,22.7,19.37,16.33,22.13,6.25,76.56
CAM,69.49,68.17,84.21,83.56,42.0,70.06,12.19,8.88,15.15,14.02,6.34,83.2
LW,79.8,67.15,70.37,79.41,47.01,59.63,15.13,15.49,14.72,13.83,16.93,82.12
GK,50.3,25.83,55.76,32.4,31.56,54.37,52.56,63.0,54.85,76.39,51.61,74.59
CM,65.88,58.29,82.06,61.11,61.72,58.73,12.78,12.96,8.76,12.61,10.53,81.18
ST,69.74,69.36,56.06,76.3,41.74,66.13,17.34,8.6,8.75,9.79,15.83,80.6
CM,72.43,64.88,89.02,57.95,62.81,60.72,15.0,11.24,16.23,15.54,13.26,82.01
CB,58.37,25.83,50.76,46.91,90.08,67.98,11.67,16.71,22.83,19.65,14.3,82.41
GK,49.75,25.59,40.71,32.77,48.28,71.7,88.44,78.31,47.79,62.98,74.47,79.17
GK,59.71,26.09,46.05,38.19,50.03,55.14,67.56,65.88,56.48,81.06,74.73,78.57
ST,71.22,89.0,53.7,67.12,42.22,76.96,15.52,10.22,9.17,12.2,13.09,84.79
GK,40.85,20.86,56.9,36.43,31.06,61.44,77.1,53.75,45.75,63.81,72.24,72.54
RW,99.0,70.71,66.96,80.06,56.12,64.39,5.34,16.19,12.57,15.11,22.36,87.44
CDM,69.0,31.99,81.74,65.9,88.71,88.85,8.61,7.57,15.12,8.98,14.14,88.02
RW,80.32,77.81,63.66,83.96,31.53,51.25,15.85,21.04,9.55,9.37,9.44,84.06
LB,67.42,68.35,58.12,65.99,64.54,66.52,9.85,15.14,11.26,13.79,10.63,79.44
LW,69.64,65.03,68.48,77.74,40.0,60.81,14.13,13.61,14.52,11.82,14.17,78.64
CDM,62.57,55.08,73.57,48.69,68.6,66.96,18.71,21.88,10.9,8.67,7.9,79.64
CM,53.76,68.92,78.66,58.06,59.45,58.73,10.62,7.06,5.0,14.45,10.82,79.75
RW,90.28,59.05,67.1,70.5,43.21,46.8,9.59,14.56,14.15,11.0,9.65,79.18
GK,51.09,19.31,47.86,28.79,46.44,63.75,55.09,68.13,63.25,77.44,83.45,77.31
LW,74.09,83.74,86.76,80.46,41.1,61.52,20.79,12.22,12.36,10.6,11.02,84.82
ST,87.69,67.16,52.96,87.68,32.01,70.28,10.04,9.31,10.43,9.73,13.86,84.0
CM,69.7,61.24,59.35,80.69,69.31,73.12,9.12,6.25,15.82,7.99,20.66,82.45
GK,55.13,7.73,48.85,34.85,45.89,56.06,77.35,82.87,60.75,77.05,69.85,81.47
CDM,65.22,39.92,54.53,58.66,77.66,62.08,11.71,5.28,16.26,7.54,9.0,79.58
LB,73.22,42.48,60.54,59.32,64.77,61.67,5.54,20.94,8.8,19.32,17.41,78.35
RB,75.78,36.22,65.18,61.09,58.75,76.38,10.12,12.88,9.33,9.86,19.38,80.44
LW,83.71,78.48,51.3,80.76,54.41,65.19,14.41,6.46,4.06,18.04,16.54,86.17
GK,48.16,32.87,64.49,36.58,27.1,68.77,69.41,55.22,54.09,43.85,83.19,76.12
CB,67.48,33.11,50.29,39.92,77.8,85.67,7.04,11.81,18.35,16.66,13.76,84.25
CB,54.05,42.61,60.27,52.22,63.49,77.68,13.2,9.98,13.6,7.28,7.83,75.98
GK,66.29,22.79,60.45,41.37,42.92,73.2,78.34,99.0,68.44,70.93,82.6,86.18
GK,38.03,23.95,53.76,43.46,42.05,70.8,65.63,72.02,60.04,71.38,85.63,79.97
GK,55.64,30.84,70.96,20.85,17.68,55.16,49.49,73.44,68.83,74.63,61.3,76.22
CDM,60.69,38.32,63.53,68.05,78.98,68.89,15.47,14.15,11.01,11.3,12.81,80.83
CB,61.65,42.21,50.25,49.35,69.77,84.38,16.99,26.31,15.25,14.25,21.07,80.33
LW,79.32,84.58,58.34,77.31,38.23,52.42,12.66,17.35,13.68,14.97,14.61,80.02
CB,64.5,25.25,57.77,53.15,67.12,79.31,12.8,14.59,19.63,24.79,14.88,84.54
ST,59.76,73.41,67.01,65.15,43.85,70.55,7.98,9.45,12.11,8.03,7.1,82.19
RB,72.54,51.89,71.72,60.17,60.86,82.24,13.23,9.96,12.41,6.2,15.73,82.17
ST,80.08,65.83,62.02,60.59,37.78,57.17,10.22,5.33,4.2,16.28,15.89,78.98
CAM,60.38,73.49,80.36,66.59,39.82,57.95,9.31,11.42,4.97,20.12,6.69,78.41
LB,81.16,31.41,46.45,88.8,51.41,66.7,10.79,8.1,8.37,13.67,13.76,77.86
RW,99.0,54.04,60.2,86.12,53.6,51.99,11.08,13.66,11.49,11.65,13.9,86.21
RB,74.32,41.5,58.79,68.77,60.36,62.92,7.63,7.88,16.13,15.42,7.19,79.06
CB,47.86,53.35,69.91,40.58,78.13,70.54,5.94,24.11,18.01,9.23,12.88,79.66
GK,41.32,22.09,59.67,29.8,27.63,66.91,85.64,66.9,63.06,82.53,69.93,81.84
CDM,69.93,48.38,55.22,66.97,72.85,74.99,11.71,14.96,14.49,8.82,12.42,80.11
CB,58.4,35.6,57.41,61.93,80.01,66.29,13.07,18.93,5.84,9.0,13.26,80.66
CAM,58.44,53.73,74.32,73.66,38.34,74.85,12.04,6.68,6.59,9.45,8.55,79.22
CB,48.63,30.06,74.38,45.74,80.52,68.43,13.18,11.53,16.65,7.44,4.89,82.85
GK,56.77,20.38,38.2,20.38,46.26,56.66,67.43,72.94,69.59,73.74,60.19,81.59
LW,91.76,69.07,63.95,98.59,44.45,53.96,6.36,10.54,13.72,9.06,10.17,86.37
CM,77.54,43.7,74.93,73.22,55.93,53.68,8.94,11.77,9.83,16.55,11.97,77.31
LB,69.08,64.67,72.15,73.41,66.17,70.74,16.26,7.24,10.21,4.07,12.08,82.57
LB,61.55,50.73,66.19,61.04,66.81,60.03,6.85,15.59,11.99,8.84,12.24,76.21
ST,56.89,89.52,62.65,60.42,37.35,82.69,14.96,4.5,8.82,9.73,18.04,81.25
GK,36.41,24.76,39.79,37.68,39.59,57.13,66.77,66.65,64.76,83.5,66.39,78.33
CAM,88.09,52.35,68.37,70.69,25.34,55.49,17.51,12.01,9.49,13.44,10.67,78.93
CM,80.43,72.43,63.34,52.69,47.27,82.93,9.72,13.39,20.64,10.75,16.47,80.88
CAM,67.9,64.6,90.74,79.4,39.28,58.54,5.16,11.49,9.62,11.17,10.83,84.05
CB,58.64,50.04,58.14,45.8,79.17,79.65,9.87,23.42,16.98,17.67,16.77,82.38
CAM,75.43,67.59,81.66,75.64,58.2,79.05,12.95,10.71,10.9,16.8,17.56,83.45
LB,77.81,61.58,75.12,54.91,71.25,51.43,11.34,10.01,12.66,4.07,12.07,78.98
LW,71.63,62.0,82.34,76.96,41.35,69.37,15.18,14.66,10.38,15.64,15.06,84.74
CM,76.24,49.73,66.0,70.52,67.58,72.19,9.4,8.7,7.66,13.96,7.49,82.23
LW,77.41,91.07,73.37,91.42,43.24,58.83,12.52,5.85,20.76,10.53,14.34,88.58
GK,36.76,2.85,58.06,28.56,28.06,69.14,63.82,79.49,58.37,60.83,52.83,76.66
GK,34.41,22.67,58.62,44.19,42.8,93.6,62.79,88.07,59.44,78.59,67.44,82.11
RW,78.34,78.58,54.21,85.84,33.49,80.35,8.89,8.96,15.87,14.22,15.07,85.93
GK,40.89,32.01,42.0,31.7,19.38,72.96,65.17,71.5,50.41,66.14,70.34,76.06
CAM,64.41,74.46,84.96,66.99,46.46,55.93,17.8,15.26,11.79,10.04,16.48,81.01
CM,52.1,70.95,96.67,72.69,63.89,69.65,1.92,13.61,2.64,8.71,16.99,84.59
LB,93.17,40.2,59.07,80.45,74.78,83.82,12.91,12.5,9.9,6.87,14.04,84.51
CM,62.08,82.03,86.2,84.65,38.94,73.39,9.94,10.05,10.58,10.93,9.28,83.43
ST,57.62,75.37,50.39,84.29,38.19,72.75,6.22,15.75,10.48,18.9,12.37,81.78
LB,74.95,38.18,70.13,66.52,73.72,63.02,5.53,6.74,16.99,17.55,8.64,79.58
CDM,86.72,44.1,71.82,75.24,68.76,58.8,4.33,24.44,11.99,6.92,5.67,79.79
CM,70.23,51.07,88.21,80.27,53.67,71.93,17.85,11.59,11.0,19.6,12.15,84.94
LW,88.74,82.56,66.52,72.65,42.49,60.46,13.78,7.18,14.05,5.38,9.46,86.77
CAM,82.62,68.56,78.76,74.87,57.12,36.84,9.06,8.58,18.17,14.47,13.51,82.9
LB,78.34,50.16,58.91,45.08,70.71,68.48,17.62,7.08,10.9,15.49,8.71,79.83
RW,73.47,77.69,59.12,67.8,31.76,55.7,18.11,14.55,10.59,16.4,13.96,81.52
RW,84.56,58.99,82.35,65.85,43.94,74.25,9.04,10.68,11.85,13.17,13.33,82.77
CB,63.39,52.84,41.06,30.55,84.0,74.96,18.67,20.41,9.65,16.53,10.59,82.13
ST,79.69,82.86,53.39,73.12,44.47,59.98,9.08,7.52,16.81,16.79,4.76,83.83
LB,67.02,54.55,60.23,51.63,64.62,51.41,9.28,10.97,8.05,13.3,15.17,74.39
GK,46.97,22.82,46.76,44.57,47.8,48.93,82.07,77.29,60.88,73.78,79.05,81.12
CAM,72.28,83.16,79.08,79.55,28.82,57.46,16.11,13.76,6.95,20.44,10.8,82.79
CB,62.41,50.41,46.19,56.9,79.4,90.14,17.48,15.18,4.9,14.42,13.78,82.64
CDM,72.15,48.17,60.25,43.89,64.13,87.47,15.32,11.32,10.28,16.92,15.11,79.33
ST,85.92,83.18,54.38,68.5,52.81,69.43,8.32,12.19,13.29,9.17,12.68,85.15
ST,60.81,76.26,65.41,67.03,44.53,60.96,12.11,20.71,11.04,6.29,10.74,77.68
CM,73.45,65.06,83.7,56.17,48.38,68.18,12.74,16.66,3.76,9.18,14.09,76.91
RW,79.86,72.88,61.71,72.55,40.51,64.42,8.92,12.09,13.25,15.34,10.54,80.94
CB,58.7,47.1,43.37,43.82,82.34,87.11,7.92,13.21,14.13,14.95,16.27,82.75
CB,57.78,16.21,62.73,52.73,73.59,76.04,17.53,7.27,20.52,19.3,12.31,82.37
RB,75.97,32.94,64.64,49.38,69.43,76.23,13.08,9.65,12.92,16.52,9.28,81.24
ST,75.78,47.33,63.82,56.66,40.84,66.6,22.21,15.44,8.39,14.27,13.08,76.48
CM,64.42,67.54,68.69,67.72,55.83,72.25,8.83,6.74,19.91,8.95,7.86,75.91
GK,48.14,20.48,50.62,21.88,40.49,59.71,86.92,67.1,81.21,38.42,75.55,79.98
LW,68.31,78.64,62.03,88.86,49.62,53.06,5.62,11.37,13.14,1.0,10.12,81.94
CB,71.86,30.66,48.29,44.11,85.46,72.14,16.98,20.01,20.17,8.04,16.34,81.05
GK,45.33,15.98,54.12,40.63,33.08,67.93,73.62,85.74,72.35,55.24,83.13,81.38
GK,21.9,15.34,43.28,44.2,18.39,54.82,61.19,56.63,68.01,79.15,88.65,80.01
RW,63.22,63.18,66.85,84.96,37.1,65.75,6.68,17.93,19.93,15.9,9.6,80.51
ST,78.14,86.86,63.63,64.46,30.66,60.77,8.82,11.26,12.51,15.42,16.83,81.09
LW,67.61,84.92,54.31,75.07,41.02,68.69,21.72,8.0,12.52,11.75,14.65,81.99
RB,67.82,46.29,72.17,36.39,64.45,73.2,7.52,13.52,10.35,14.52,14.71,77.26
GK,43.2,25.12,61.83,31.56,33.54,57.4,77.39,77.07,65.47,50.1,67.57,78.13
CB,52.74,47.91,53.0,40.36,76.01,60.55,13.77,5.58,7.86,14.9,15.5,76.88
LB,75.31,45.68,88.61,72.18,61.04,56.33,12.53,15.23,16.09,6.13,4.26,80.64
LW,77.73,69.2,70.93,81.98,40.02,64.29,9.99,13.33,11.3,10.12,9.64,81.99
CAM,75.54,74.47,71.14,82.58,58.76,57.93,10.55,13.71,11.55,17.13,8.16,84.96
GK,53.71,23.63,44.62,21.75,44.6,59.88,78.34,87.66,64.18,43.37,80.94,82.54
RB,78.42,32.49,45.81,59.68,57.4,71.52,13.43,8.25,10.81,14.08,16.26,78.31
ST,74.43,81.16,60.07,73.67,31.83,84.46,9.2,4.77,17.6,8.91,18.77,84.51
LW,81.65,60.43,78.55,72.36,36.26,43.24,10.48,13.55,8.39,14.14,14.51,83.06
LW,66.64,73.48,80.93,85.28,28.7,59.38,15.08,16.87,8.58,17.93,14.5,81.89
ST,69.21,77.21,56.65,53.29,30.9,73.88,15.03,13.48,1.0,13.02,7.3,79.26
LB,77.06,38.06,79.97,45.89,79.47,55.08,13.34,10.27,14.92,13.47,9.96,82.03
CM,83.63,66.2,87.22,72.23,53.87,78.83,14.61,8.29,9.41,10.05,7.54,84.97
LW,89.73,81.11,52.82,86.13,44.51,60.49,15.2,6.97,14.61,5.06,11.31,85.48
LB,67.51,52.89,62.55,59.62,81.94,67.94,6.31,10.68,6.8,10.45,4.05,80.07
RW,83.51,88.87,67.33,87.5,45.95,60.02,15.6,3.54,17.57,11.81,16.49,88.72
CAM,73.89,61.35,76.77,71.1,40.77,45.86,11.94,12.83,10.43,10.88,9.53,82.54
CDM,69.39,54.26,71.01,60.37,68.23,89.98,7.97,7.99,11.13,5.94,11.53,82.95
RB,62.87,51.21,83.25,63.44,56.61,65.19,17.93,21.56,3.04,7.64,12.84,81.35
RB,67.89,40.41,46.73,71.82,53.41,59.64,9.96,17.68,4.31,17.58,12.2,75.11
ST,85.92,72.34,56.15,82.0,45.48,73.32,10.79,21.81,9.83,9.13,9.44,83.96
RW,69.47,69.38,58.06,71.51,31.03,55.55,6.89,17.17,16.13,13.78,6.07,79.89
RB,80.8,58.33,65.66,53.05,85.25,56.42,16.26,2.02,12.29,8.04,19.37,81.5
GK,56.55,36.7,77.11,47.83,48.49,74.96,61.13,66.49,66.32,86.2,74.46,81.21
GK,55.03,12.27,36.22,37.01,38.14,63.68,78.13,60.53,81.18,91.0,63.15,81.5
LW,86.7,72.49,59.46,88.77,61.33,57.2,12.26,9.53,15.87,9.0,8.33,85.83
LB,60.45,50.91,63.83,63.85,63.12,66.21,10.48,17.75,10.91,15.95,3.56,73.37
GK,52.78,19.62,64.42,40.39,55.77,80.07,69.11,54.67,68.82,71.14,57.02,77.87
RB,84.96,48.56,59.87,59.24,79.74,44.17,4.44,14.26,18.91,17.85,12.48,79.29
LW,80.56,77.96,64.76,79.0,36.64,61.72,14.41,9.47,17.21,10.09,13.5,83.44
LW,76.57,45.9,85.94,85.32,37.0,67.0,15.38,1.66,10.91,18.45,12.63,78.88
RW,75.8,75.83,57.78,75.72,51.09,50.25,15.01,12.1,11.4,16.8,12.09,83.4
CAM,72.25,75.36,88.44,74.95,17.89,50.76,3.41,10.77,3.1,12.21,9.57,84.73
CM,88.0,54.89,78.93,79.83,43.07,59.5,5.75,12.12,14.71,8.59,11.08,81.49
CAM,68.28,65.86,84.11,78.26,49.28,45.26,11.75,8.2,3.3,13.05,20.15,83.05
ST,74.57,82.79,60.55,66.01,39.32,73.99,13.5,10.63,17.41,16.63,11.83,82.58
CDM,77.44,47.5,55.28,53.54,82.29,61.23,15.77,22.92,3.56,18.28,9.1,81.17
CM,72.85,35.53,73.76,77.87,58.34,81.01,13.7,10.61,3.37,3.64,4.77,79.9
CM,69.88,70.98,66.8,36.22,55.74,68.32,6.48,7.55,18.33,14.15,13.01,75.26
GK,57.99,17.38,56.14,45.06,20.86,77.11,67.26,96.6,67.88,73.49,88.67,86.31
LW,72.71,75.95,70.99,75.86,41.79,58.64,12.95,9.17,16.84,15.85,15.13,84.08
LB,72.63,44.53,66.91,57.36,54.34,65.51,13.82,14.44,7.47,14.47,10.54,77.77
GK,49.46,24.18,30.92,23.22,27.22,77.36,80.57,75.79,72.68,68.09,69.99,81.84
GK,41.61,25.58,42.05,37.56,27.53,61.04,74.45,86.15,80.04,87.27,66.82,83.76
RW,78.35,65.1,70.93,71.52,39.45,59.34,9.45,8.89,17.9,16.92,11.55,81.1
LW,77.87,91.23,62.66,77.07,22.64,60.61,14.48,16.04,8.94,12.75,8.45,85.22
ST,71.73,70.84,58.55,62.77,33.75,94.99,9.0,3.95,11.91,16.27,13.27,84.32
RW,84.1,69.81,62.3,75.09,53.15,53.94,15.27,15.47,20.21,19.15,13.44,81.57
RW,75.09,61.05,67.0,82.22,42.23,62.95,8.44,13.02,14.9,11.05,13.64,80.57
LW,72.69,66.09,71.41,78.59,40.87,52.75,16.65,9.99,14.98,20.0,11.29,83.73
RW,70.02,60.75,76.44,84.74,44.95,46.21,12.12,1.0,15.75,13.43,10.79,80.27
ST,85.44,67.28,32.87,69.1,39.34,83.27,5.9,13.36,10.73,9.17,14.1,82.5
GK,28.17,21.43,48.46,32.86,23.53,66.59,85.96,77.89,68.69,80.09,59.47,83.72
LB,67.63,30.34,62.54,55.79,63.08,69.26,17.05,9.75,12.83,19.0,12.87,78.57
ST,67.51,70.35,51.36,67.36,35.35,79.84,8.86,13.85,10.21,12.45,12.49,81.17
LB,67.93,50.13,83.98,63.45,63.05,71.58,15.43,8.97,5.4,8.11,13.19,80.1
RW,80.6,80.0,70.96,79.71,31.06,63.69,12.27,9.2,18.45,12.34,11.2,86.59
CM,77.73,75.99,68.78,69.83,63.24,63.25,17.09,9.92,7.07,5.86,12.62,79.94
CDM,69.72,58.03,52.13,40.23,82.76,76.1,18.12,9.65,10.76,17.86,17.2,79.21
RB,47.11,53.39,57.21,43.74,71.89,69.03,11.93,10.09,14.75,11.09,15.16,74.53
LW,69.96,68.81,79.63,71.95,49.82,63.32,4.65,12.74,9.85,11.74,13.33,84.57
GK,40.14,13.17,44.39,32.91,27.24,54.73,71.53,77.91,56.77,68.07,85.9,80.69
CDM,82.67,62.82,73.04,51.29,75.58,62.56,11.51,15.54,4.95,9.38,13.86,78.25
GK,59.33,9.75,55.63,31.52,29.19,78.45,82.78,67.19,65.54,75.15,65.14,82.82
RW,85.05,59.19,65.34,74.82,36.64,65.49,11.89,9.29,12.45,11.58,15.1,80.36
RW,86.36,62.49,70.07,83.91,39.02,70.71,11.84,8.84,15.37,11.98,13.04,84.71
LW,84.63,79.04,41.92,74.98,39.49,74.35,21.41,7.34,4.32,10.22,9.37,82.22
RW,89.63,71.61,78.46,81.52,35.03,62.1,12.52,7.47,11.83,13.04,15.1,85.31
LW,76.63,79.71,66.23,66.74,64.62,60.81,16.38,2.04,14.71,12.32,13.58,83.86
CAM,64.04,82.11,78.79,73.99,15.51,63.53,1.76,8.19,21.46,11.19,11.06,82.04
RB,79.09,26.17,64.5,53.44,50.46,71.02,9.03,12.47,6.21,14.72,15.04,76.68
LW,70.22,71.27,79.49,82.66,35.24,55.42,12.99,6.59,8.21,10.61,10.27,85.97
ST,73.47,72.35,65.6,76.47,47.34,86.73,2.44,15.19,9.68,7.31,11.88,83.57
CB,56.32,42.96,46.31,39.11,68.64,55.76,20.1,12.7,10.38,12.31,12.06,74.49
LW,88.29,75.64,79.23,71.26,36.48,67.17,8.62,7.17,28.34,13.81,3.73,83.13
RB,82.2,40.32,72.02,50.67,70.92,67.38,11.35,13.57,10.85,10.42,12.75,82.62
RW,86.92,81.9,74.12,99.0,45.38,56.55,11.06,16.92,10.8,6.84,7.14,89.04
CAM,83.04,74.41,84.11,84.38,42.5,63.04,3.66,12.51,16.62,10.31,11.97,86.69
RW,87.82,79.01,68.85,76.33,49.87,56.4,16.06,12.69,14.74,13.66,11.13,83.69
GK,42.34,38.48,56.95,26.71,21.53,63.41,59.28,96.91,79.97,86.65,83.71,84.59
CB,59.12,23.91,48.81,48.24,67.85,86.15,18.04,22.69,24.0,19.44,12.41,78.54
CM,67.95,60.02,75.91,48.43,71.71,61.53,7.69,9.31,8.9,19.37,6.44,76.23
CM,66.7,71.66,63.59,79.82,54.49,63.3,13.7,8.44,13.02,3.04,15.54,81.15
LW,72.21,64.33,72.46,84.22,54.8,61.12,12.55,14.06,16.91,15.9,3.32,81.87
GK,35.03,28.5,54.95,37.91,29.95,65.87,65.78,63.72,74.99,76.63,96.43,81.12
LB,77.93,52.91,81.86,60.92,74.06,54.26,6.45,9.06,24.8,14.39,13.62,79.95
RW,85.95,82.32,68.0,82.48,48.9,52.43,17.47,16.14,6.25,10.72,16.88,84.63
CM,64.86,56.0,72.89,58.33,56.75,65.62,10.81,4.94,14.2,12.23,16.04,80.32
CM,57.33,41.0,67.24,59.7,52.92,64.18,1.26,10.83,9.03,15.97,6.62,74.44
GK,46.83,28.33,46.84,31.69,36.78,45.44,62.21,56.66,70.39,58.89,77.78,78.7
RW,78.57,62.31,84.34,90.73,29.09,60.26,20.78,18.79,9.86,14.67,16.26,84.88
CM,65.83,54.59,96.4,74.51,40.68,61.07,15.61,7.72,19.91,13.49,9.79,80.94
LW,79.28,71.53,60.11,89.39,21.94,70.85,10.68,10.14,16.65,13.18,6.4,81.02
CDM,64.5,58.29,62.0,61.93,75.4,76.88,19.24,13.82,16.68,6.51,14.32,80.58
LB,83.79,34.66,62.67,53.35,94.88,60.35,3.4,4.74,20.11,5.89,17.15,83.97
GK,55.66,23.32,60.19,34.57,34.36,65.91,92.54,85.04,64.72,74.87,71.02,81.25
GK,49.13,24.07,49.95,18.92,40.05,73.82,63.75,53.06,64.14,65.25,80.07,77.15
RW,70.36,56.6,50.0,73.36,41.81,61.89,10.51,8.52,12.62,7.93,13.88,77.2
RW,80.49,83.1,54.24,77.3,41.23,78.05,11.46,17.26,13.39,12.74,14.32,85.51
CAM,59.53,55.14,42.02,62.85,37.16,33.6,14.66,9.31,5.4,17.0,13.85,70.33
CB,45.74,23.68,66.16,34.62,82.18,72.39,7.49,17.1,11.94,17.59,8.24,81.8
CM,68.25,78.38,73.95,58.56,54.22,69.27,11.27,13.72,10.62,12.88,9.39,78.95
LW,77.52,77.6,66.59,74.16,46.39,40.65,11.7,8.18,14.17,12.21,13.27,83.87
LB,83.66,39.64,60.02,65.54,79.47,59.89,14.13,7.8,13.5,16.45,13.49,83.58
RB,76.0,61.71,51.8,59.26,63.42,62.77,13.67,14.63,7.8,11.49,9.95,77.67
ST,88.89,84.97,57.25,84.86,47.29,67.27,18.77,5.75,7.87,16.66,15.13,86.79
GK,35.73,2.7,29.03,44.62,48.68,62.58,77.07,76.94,55.25,61.63,71.9,81.46
RB,80.49,53.61,58.6,67.38,97.69,76.58,5.64,5.53,17.08,1.0,8.52,85.56
LW,76.54,70.81,65.36,62.35,41.37,54.78,11.39,14.92,12.73,12.93,15.4,78.97
ST,84.66,70.21,59.58,77.77,35.38,55.69,18.28,19.26,11.72,12.52,10.38,78.71
CB,50.69,53.35,63.39,43.76,57.27,61.86,9.2,21.04,19.18,9.2,11.85,76.46
LW,75.18,70.26,75.78,78.66,35.11,72.16,17.3,8.15,13.7,8.6,12.91,83.65
CAM,65.61,65.38,66.3,76.2,47.69,34.44,19.71,8.34,2.86,7.0,9.95,81.0
CM,57.12,70.0,71.54,67.28,66.32,53.0,13.77,13.44,13.84,14.34,12.99,74.72
RW,78.65,68.68,72.88,67.57,45.61,58.62,15.44,6.0,15.48,12.1,15.27,78.36
RB,68.68,46.79,71.96,65.17,47.91,46.03,11.27,15.52,13.21,6.76,17.55,75.86
CM,60.79,70.22,69.86,70.13,55.3,55.47,13.49,11.92,11.88,3.09,10.12,78.2
GK,45.69,16.3,64.67,37.72,33.89,41.72,89.08,70.29,72.49,85.35,63.02,81.56
CM,63.03,39.99,62.87,66.9,59.12,71.77,13.49,14.5,22.07,12.05,14.81,78.07
CDM,64.63,52.81,89.63,69.07,60.19,68.19,15.89,8.46,7.44,9.34,12.27,80.05
RB,60.97,37.67,63.42,79.36,87.21,59.34,13.63,1.01,12.53,12.22,13.59,80.26
CDM,55.61,72.14,66.69,61.92,62.65,60.23,15.4,5.76,13.91,12.84,5.87,78.42
CB,51.79,29.72,61.61,45.83,66.93,64.5,13.41,13.15,17.02,13.45,20.3,77.26
GK,48.85,25.86,68.02,36.02,20.91,60.29,66.18,57.89,54.73,81.75,58.91,75.91
CB,59.1,45.18,52.62,43.07,80.97,80.66,16.16,9.81,20.92,3.51,9.8,81.51
RW,78.1,68.22,53.93,56.75,56.84,60.93,2.99,14.11,12.26,8.57,8.87,79.29
CAM,77.59,61.05,68.6,78.04,32.5,62.11,14.11,17.49,11.13,9.57,12.5,79.99
CDM,61.21,51.88,71.82,65.74,66.93,79.03,13.32,12.23,9.47,14.43,4.05,81.67
RW,73.43,70.7,60.46,68.39,52.5,68.65,5.34,12.48,3.8,8.5,5.46,83.4
LW,81.47,55.34,77.39,78.04,43.05,69.84,16.03,11.52,16.41,8.88,5.93,81.21
RB,88.77,61.56,87.64,70.13,54.47,59.59,8.75,17.84,7.93,12.01,9.47,85.69
CB,66.11,38.85,49.65,36.27,82.76,66.85,11.05,13.7,13.65,8.9,10.36,79.44
LB,79.09,41.59,49.52,74.48,67.4,54.49,7.9,11.5,5.99,11.73,16.45,79.48
CAM,62.32,55.47,79.03,90.68,39.02,54.24,11.52,14.06,8.81,4.98,8.89,82.36
CAM,85.32,80.79,64.43,84.49,37.63,58.17,14.36,6.29,8.45,19.86,17.56,82.42
RB,59.11,50.09,68.55,59.97,80.58,48.63,13.95,9.45,17.93,2.88,9.54,77.12
CAM,73.33,85.93,72.85,70.35,15.91,65.32,5.25,9.63,16.74,11.59,17.36,83.75
RW,88.7,81.13,69.99,87.07,30.22,49.58,7.17,10.92,1.0,3.83,10.61,84.14
CM,70.18,62.64,71.41,60.74,49.55,73.24,22.28,10.94,14.33,6.72,19.98,77.84
GK,52.43,8.51,40.45,33.91,47.23,67.8,86.86,71.95,67.01,84.64,71.06,83.17
LB,70.92,47.96,92.29,76.17,49.51,56.67,12.46,3.44,17.38,14.24,13.9,80.02
CDM,63.55,40.76,75.23,71.28,90.55,84.9,18.17,14.17,13.01,12.79,17.18,86.53
CDM,56.32,55.21,77.08,58.97,90.01,64.99,11.38,12.74,11.37,6.77,9.28,83.42
CAM,68.45,74.84,90.72,85.14,28.2,66.56,12.77,1.51,14.06,10.52,7.38,87.82
CM,85.57,68.45,71.76,60.61,76.94,59.73,16.13,14.73,12.83,13.82,10.63,80.98
GK,46.42,23.52,40.87,24.37,38.56,62.27,86.94,63.31,52.63,84.49,84.63,83.25
LW,73.15,69.81,78.86,72.71,59.32,62.41,11.17,11.69,20.15,5.92,10.33,84.83
ST,72.64,81.45,59.92,59.49,45.95,79.14,21.92,12.02,10.65,14.24,16.96,85.97
CM,73.67,62.44,75.31,72.92,50.82,63.43,9.32,12.04,12.52,11.16,17.93,80.51
CAM,76.05,68.46,89.62,80.21,57.07,59.21,10.59,12.94,14.94,16.93,15.76,85.38
CDM,62.36,51.52,75.5,48.12,70.23,73.44,4.83,7.29,10.53,14.85,6.98,82.44
GK,48.29,29.09,53.61,36.76,43.71,75.65,73.51,66.65,42.26,67.26,56.37,73.54
RW,95.02,75.77,80.08,76.25,26.55,49.47,7.32,12.44,7.73,15.8,11.01,86.36
CDM,59.94,55.88,72.28,62.77,65.48,63.47,9.09,11.17,16.79,2.5,9.25,80.29
CM,63.25,53.98,66.83,84.81,70.19,66.5,7.42,15.54,15.17,5.65,8.99,81.76
CAM,64.09,68.34,84.22,66.23,32.32,70.58,13.13,20.56,13.13,13.3,13.92,80.41
LB,92.73,59.4,58.61,61.93,87.4,51.49,14.68,4.57,15.96,7.31,16.53,83.44
RB,65.31,46.87,67.99,66.45,65.3,66.46,13.41,10.83,18.83,12.03,9.28,79.23
ST,73.63,87.28,59.94,81.87,23.88,56.55,16.22,24.17,12.65,3.32,9.03,83.21
CAM,77.86,60.56,79.2,84.97,47.69,57.04,11.01,12.1,12.92,16.21,5.35,82.92
LB,74.2,37.85,55.72,69.04,50.28,62.0,11.97,7.88,4.24,6.9,15.95,74.73
GK,23.53,28.22,50.27,25.05,37.61,53.56,85.07,64.63,68.25,64.41,61.29,78.91
CM,68.63,61.59,78.52,69.63,40.25,66.86,9.67,16.14,16.37,6.86,11.62,77.65
CB,58.04,46.65,57.24,19.62,92.49,68.61,16.06,11.12,12.78,14.76,19.57,82.23
CM,77.4,41.95,67.13,73.92,61.43,74.36,10.37,14.19,11.96,12.86,12.54,79.08
CAM,70.65,70.2,67.85,63.78,49.32,77.89,15.99,13.32,17.97,10.91,6.37,82.3
CAM,74.16,61.4,65.21,67.12,41.34,49.94,9.63,11.21,13.51,7.44,18.76,78.13
CM,67.36,67.75,69.7,80.6,60.79,69.0,11.88,9.67,18.26,16.38,24.62,82.45
CB,56.62,42.76,67.7,36.23,72.74,65.32,14.03,6.55,9.93,9.11,12.49,82.21
ST,81.11,73.57,59.63,75.62,28.68,74.26,15.39,6.76,14.15,16.05,8.59,86.16
ST,83.69,63.63,47.79,75.1,42.38,70.42,11.46,24.89,14.6,13.01,9.84,81.11
CDM,57.61,52.3,68.93,63.98,69.27,75.33,2.24,13.6,11.6,12.39,14.86,79.36
CM,56.52,58.26,85.33,81.06,63.24,58.26,10.01,15.14,9.49,12.31,7.43,80.92
CAM,65.73,52.86,81.92,86.38,36.11,51.93,2.91,18.42,12.79,2.77,11.05,85.56
CM,59.68,58.24,76.74,64.02,63.94,66.09,15.26,13.09,5.41,11.91,8.67,82.24
CB,55.65,43.86,64.32,47.18,83.6,74.78,19.38,16.37,15.04,20.44,13.68,83.15
LB,87.45,46.1,73.48,61.24,50.07,70.84,14.2,18.17,10.78,17.36,9.13,79.67
LB,76.58,38.86,81.02,27.55,59.57,68.36,17.5,8.78,14.61,12.37,2.04,79.82
ST,92.87,75.94,56.62,62.11,39.98,60.71,9.7,12.99,14.7,16.19,7.5,84.77
ST,79.13,99.0,64.82,82.52,49.79,94.64,16.61,4.36,13.58,10.29,7.48,94.21
LW,71.64,65.55,65.84,95.26,37.03,55.03,18.4,11.07,6.03,6.95,15.97,82.16
RB,76.18,44.45,44.4,66.19,87.57,78.23,11.19,15.57,13.82,7.42,17.0,81.67
CM,67.27,46.74,50.52,73.7,40.02,60.35,9.13,11.12,18.31,7.25,9.03,71.57
ST,82.74,87.22,59.18,67.33,34.59,80.93,15.48,8.3,8.25,11.24,12.18,84.72
CAM,86.33,65.79,88.29,68.73,50.79,64.77,11.83,11.15,22.32,12.43,9.72,85.81
CB,57.19,27.64,84.04,38.57,77.98,90.25,7.35,13.51,11.97,17.54,16.31,85.01
ST,72.88,83.52,57.66,62.35,44.79,66.93,10.95,3.56,15.78,12.29,9.68,81.13
LB,89.71,57.13,73.87,80.82,60.05,59.88,10.93,13.55,12.33,12.56,8.13,82.69
CB,74.38,37.9,63.53,38.71,74.1,70.71,9.11,16.32,10.65,6.67,19.75,80.68
ST,83.67,93.59,53.08,57.13,30.37,59.56,16.1,16.21,2.94,9.92,13.39,81.92
CDM,79.48,44.63,65.46,35.07,84.9,69.2,11.88,13.31,10.61,6.39,9.95,80.87
RB,79.95,31.3,68.14,61.92,57.95,54.73,17.84,17.46,8.84,10.1,8.36,80.13
ST,68.3,76.02,34.64,73.42,21.42,70.95,8.0,11.13,2.27,11.72,13.63,79.28
CAM,79.96,75.24,78.27,65.85,48.74,64.92,8.5,17.79,7.17,10.13,12.29,82.54
RW,66.31,71.01,68.79,83.94,51.27,58.18,8.36,11.8,10.26,11.96,11.69,82.54
CB,73.11,31.1,68.9,63.56,63.64,71.84,9.29,15.78,12.77,3.32,6.86,79.02
ST,65.06,70.15,58.58,55.87,32.13,97.25,8.11,12.5,14.21,11.81,13.79,82.44
CAM,81.56,78.61,85.67,83.48,31.2,39.02,12.32,8.53,9.09,15.28,15.54,85.97
CB,71.55,39.3,60.67,43.73,71.47,52.61,11.56,18.51,2.26,14.18,3.22,77.71
LW,86.93,73.1,63.74,96.69,24.57,37.77,10.06,14.86,11.17,7.42,9.19,87.09
RB,79.81,39.79,57.72,85.09,81.66,65.47,3.95,11.68,8.33,11.39,11.19,83.51
RW,74.28,62.47,58.74,87.12,56.69,77.32,7.53,10.48,6.07,10.93,14.16,84.29
CM,93.46,73.89,60.58,67.49,46.75,74.49,10.95,8.75,11.94,12.58,11.37,81.63
LW,77.87,91.29,64.0,73.86,31.32,52.36,11.19,13.31,7.55,4.22,14.18,84.49
CB,59.47,34.62,52.07,47.58,62.51,67.83,17.28,12.54,17.73,9.92,11.11,76.57
GK,38.38,12.75,48.49,34.78,41.87,72.68,60.8,92.6,75.47,81.81,63.98,83.02
ST,77.19,84.55,61.85,79.55,25.21,74.94,16.12,10.72,10.63,7.24,11.75,84.64
LB,69.46,54.41,74.38,60.0,84.24,67.87,11.6,8.42,13.64,10.63,11.55,81.69
ST,77.71,74.31,71.02,65.47,40.06,65.68,11.44,12.1,12.78,8.67,19.71,82.74
CB,43.03,19.7,38.5,35.02,83.21,84.62,24.2,16.16,13.34,19.63,8.28,80.69
CAM,71.47,89.25,67.51,57.21,56.16,74.95,14.17,12.75,10.86,20.3,14.94,83.11
LW,80.33,70.53,70.93,79.95,58.0,52.9,8.27,8.64,9.92,13.28,14.55,84.88
ST,62.49,99.0,63.06,69.66,20.48,80.16,16.61,10.4,26.36,5.78,11.18,87.83
CAM,75.37,51.34,76.58,69.2,46.9,71.99,14.1,12.24,9.45,12.72,7.6,80.0
CDM,63.67,52.91,71.56,74.56,43.99,83.73,14.56,9.54,15.76,9.66,6.04,79.11
RW,82.82,73.64,74.52,71.93,34.43,68.25,15.02,14.56,16.99,3.88,7.74,83.48
CB,57.77,24.32,45.83,45.08,88.44,57.21,12.41,12.91,12.6,14.82,13.39,77.6
GK,39.82,1.0,57.42,34.19,48.0,87.94,70.13,57.62,46.52,52.21,77.15,75.02
CDM,68.64,61.4,58.55,67.84,85.86,54.4,14.9,7.32,7.6,16.43,18.8,80.68
CDM,73.7,59.57,62.36,75.78,70.92,80.67,16.3,25.39,9.75,7.99,10.69,82.18
CB,58.09,39.6,44.86,48.01,78.9,89.91,7.61,8.89,7.56,15.74,20.92,82.92
CB,60.03,59.46,70.64,47.54,55.59,71.23,6.92,9.77,18.16,13.95,15.08,74.96
ST,77.09,89.18,53.54,79.73,38.58,73.03,9.6,19.02,13.11,8.0,10.25,87.38
CB,52.52,59.28,58.41,20.64,75.04,55.26,6.35,12.78,15.51,3.96,14.42,75.49
CM,68.1,61.06,77.99,64.63,70.54,59.7,7.71,13.48,9.52,6.92,9.91,80.44
GK,47.19,27.0,58.55,27.8,40.34,60.78,56.52,76.18,66.87,74.11,70.12,81.8
GK,53.38,21.35,40.15,45.53,44.05,58.77,65.91,68.14,63.52,99.0,61.04,81.81
RB,79.44,46.0,74.0,64.21,63.28,69.1,15.28,7.69,10.37,5.72,3.81,79.74
GK,48.49,25.61,55.1,37.96,33.97,70.55,80.75,96.22,63.28,63.87,61.43,82.43
CM,75.58,65.0,76.15,62.62,57.36,69.37,6.78,11.73,11.49,16.11,10.84,80.95
RW,83.98,65.34,84.54,59.7,22.78,38.09,9.86,7.51,12.6,11.1,13.72,79.04
ST,78.88,94.63,56.39,54.25,29.69,65.97,15.69,8.86,16.46,18.75,11.22,81.22
LB,76.41,53.49,65.84,59.11,55.52,59.58,13.5,13.68,7.92,2.59,13.37,78.45
CAM,82.34,68.55,69.7,70.47,54.71,53.0,16.67,10.12,14.1,16.9,8.71,78.9
LB,62.41,38.91,74.67,37.4,73.92,76.16,17.01,17.3,13.27,2.57,18.2,79.69
ST,60.18,91.36,50.75,84.02,27.57,73.85,10.6,7.78,14.94,12.52,1.8,86.25
RW,81.3,73.33,70.27,85.74,38.38,39.51,11.56,7.72,11.02,7.48,17.01,85.67
CAM,66.88,56.97,66.34,82.16,39.21,65.02,13.17,11.63,13.91,10.82,15.42,80.6
LB,51.8,45.23,75.67,64.7,66.12,58.36,7.14,10.26,12.93,12.83,13.63,77.01
RW,71.64,75.99,61.5,94.58,42.93,63.33,13.62,13.85,6.44,15.26,11.93,84.37
ST,70.68,95.0,46.52,61.85,28.7,83.35,18.86,13.46,12.7,4.47,8.02,85.33
LW,75.03,71.46,65.34,87.62,25.33,65.58,12.3,5.29,11.2,10.34,15.14,83.18
ST,81.43,69.82,54.17,73.96,46.26,75.49,11.87,12.68,16.34,9.82,17.15,83.78
RW,75.24,68.83,53.34,71.96,43.73,57.56,10.31,10.39,13.57,12.15,4.3,79.1
CAM,88.53,69.27,68.12,58.88,40.55,37.04,14.47,18.97,16.01,11.59,16.37,79.06
CAM,56.0,59.83,66.49,74.66,25.29,47.2,11.38,14.2,11.79,15.54,16.91,77.55
ST,75.75,79.7,58.82,61.36,34.41,66.68,10.16,13.75,13.22,9.47,15.28,79.99
CAM,74.35,80.84,69.21,76.58,42.79,56.65,10.53,13.36,12.29,11.76,11.97,80.41
GK,44.33,21.06,34.11,48.47,52.7,82.24,73.71,72.54,71.19,70.3,62.04,84.18
RB,85.06,46.27,70.47,52.04,69.8,61.94,19.18,15.71,7.45,11.56,15.92,82.75
CDM,90.89,51.63,65.97,56.22,55.38,67.56,7.26,18.44,15.58,17.37,13.21,80.63
CDM,64.93,37.04,56.17,57.59,81.63,73.67,14.7,12.52,16.4,13.85,8.26,79.77
CDM,59.54,25.03,74.99,79.11,78.16,79.27,8.8,13.1,11.36,13.76,12.93,83.54
RB,65.7,58.47,55.98,81.4,72.61,68.61,14.41,10.44,6.89,17.36,7.39,82.46
ST,79.33,62.21,56.63,61.93,37.27,74.47,13.99,4.33,12.5,10.65,16.73,82.81
GK,62.44,24.02,43.25,38.19,51.69,58.79,71.08,64.2,66.48,72.81,76.41,80.79
CB,56.52,45.2,52.35,48.82,99.0,62.37,14.77,11.75,12.72,9.38,18.45,83.63
CAM,75.34,59.72,92.43,95.82,34.14,36.17,8.67,7.9,8.05,7.34,5.68,83.71
ST,85.76,68.81,63.7,70.31,42.48,68.48,12.81,17.71,18.34,9.22,15.39,84.0
CAM,65.19,49.59,67.12,60.94,44.67,60.42,12.57,10.15,15.57,13.01,10.62,78.86
LB,73.39,53.05,56.91,48.21,61.22,71.5,17.48,6.49,16.87,16.55,10.37,80.74
RW,87.9,81.55,70.43,76.66,26.21,82.21,9.66,5.27,11.72,5.24,9.0,83.89
LW,86.07,64.47,52.85,81.97,41.69,47.01,15.87,14.29,17.24,15.53,13.36,78.76
ST,67.49,76.04,66.87,76.57,40.63,67.79,15.59,8.58,5.52,18.57,15.75,82.6
CDM,77.48,54.93,50.61,55.51,75.95,81.64,11.87,15.84,3.81,14.04,7.48,78.13
CAM,75.29,68.51,74.02,91.97,42.1,47.85,13.29,15.88,9.67,7.23,11.99,81.68
CDM,57.78,57.79,63.95,74.86,77.34,88.51,6.8,9.72,12.1,16.56,10.15,85.26
RB,56.96,56.1,67.73,70.81,83.67,61.69,7.76,16.81,11.88,5.45,16.42,78.88
LB,63.26,42.56,71.86,74.79,62.07,69.66,17.88,12.91,12.71,17.1,7.81,77.15
CB,75.45,35.05,53.47,35.21,72.54,62.48,9.18,17.11,10.31,7.32,17.97,78.8
CB,53.4,51.2,56.71,37.31,71.16,70.51,16.87,7.77,12.79,19.64,19.66,78.78
LW,81.64,79.06,71.29,77.06,46.84,58.48,14.36,8.58,15.72,11.93,12.0,81.43
LW,73.35,72.93,46.35,73.2,28.59,61.93,11.98,11.89,11.79,12.08,6.47,79.28
GK,40.3,21.3,36.23,24.99,41.66,66.89,68.04,80.2,72.29,92.59,71.34,82.67
CM,70.83,54.75,65.76,69.43,62.49,63.41,14.28,11.62,17.72,10.33,16.18,76.54
CAM,78.41,66.34,68.57,78.6,39.99,49.02,16.34,18.1,9.81,11.96,14.35,80.92
RB,62.74,44.28,71.78,54.81,67.42,48.2,12.74,19.62,14.01,8.59,8.8,78.35
LW,80.02,77.27,55.37,79.56,50.41,55.3,9.97,10.46,8.29,17.14,15.04,82.64
ST,76.21,97.57,50.25,83.28,37.72,80.67,12.63,18.46,10.6,21.53,21.88,90.38
CB,75.22,55.55,58.11,51.99,91.35,51.72,9.69,3.34,12.98,14.21,17.53,84.11
RB,68.71,57.46,59.63,68.99,70.6,61.95,15.8,14.34,7.21,8.22,10.67,78.61
CAM,61.98,54.64,77.38,97.93,38.36,40.87,8.24,12.55,15.15,14.21,12.89,83.16
CDM,55.92,48.69,79.65,55.66,68.25,59.6,6.31,14.65,8.63,12.62,13.53,78.28
LB,73.97,37.07,51.56,68.64,58.67,56.34,18.21,6.47,13.13,10.92,4.11,75.4
CB,58.72,43.4,65.62,45.31,72.15,51.58,9.21,15.51,19.63,13.99,15.72,74.25
CM,74.53,69.57,86.03,77.84,46.88,66.68,9.0,1.72,16.2,14.79,15.55,82.08
GK,59.61,3.99,57.5,31.74,38.37,59.34,60.01,55.45,54.96,64.83,77.27,77.87
CAM,75.79,62.27,69.93,76.74,51.74,73.62,2.71,12.06,13.31,8.09,15.61,83.27
CAM,72.0,80.08,74.52,87.87,46.13,49.98,16.7,16.86,15.18,15.47,5.95,83.65
LB,57.07,40.5,66.37,74.71,73.95,51.31,19.83,8.18,7.84,14.79,11.66,77.97
CM,62.06,88.5,77.49,76.39,69.79,62.92,11.07,14.78,17.05,16.3,8.1,85.45
CB,58.21,53.68,74.62,48.46,72.24,68.95,8.33,16.06,10.96,17.34,2.58,78.93
ST,62.91,81.12,57.75,80.41,53.75,62.83,2.18,8.07,10.54,7.55,12.88,81.85
CAM,69.94,79.73,76.28,68.1,31.1,67.82,12.54,15.97,9.49,15.72,10.31,82.77
CAM,56.62,70.79,85.41,75.55,29.04,59.5,6.38,7.93,10.22,13.12,12.69,82.91
CAM,69.25,72.8,75.57,68.99,45.4,62.61,16.55,16.86,14.58,4.76,15.76,80.7
GK,40.28,23.99,52.5,45.7,41.63,63.94,84.1,56.63,84.62,55.88,75.17,82.97
ST,77.89,82.92,70.02,53.87,36.33,91.63,7.54,13.91,12.62,12.86,12.63,89.58
GK,31.18,20.14,56.55,42.93,37.83,49.5,93.65,54.22,63.92,89.45,82.07,83.22
RW,85.37,78.04,73.88,76.27,33.92,53.56,14.98,15.56,10.93,9.87,11.93,84.31
CDM,65.71,58.16,71.65,42.71,76.32,96.63,12.2,11.16,9.41,17.1,15.81,82.65
CM,59.83,65.2,56.65,65.5,62.43,67.36,13.77,8.89,7.3,5.65,5.05,76.12
CDM,57.74,33.48,59.97,54.86,58.67,75.13,12.5,16.1,10.05,5.27,6.09,77.47
CAM,66.3,68.3,89.86,76.2,42.1,57.67,14.61,12.96,9.87,16.16,10.63,82.81
CB,59.21,30.15,61.77,51.49,66.06,77.87,15.04,3.75,9.29,16.08,7.56,78.55
CB,62.16,54.51,44.94,62.44,70.4,83.54,12.56,19.21,9.92,12.82,9.68,81.94
RW,92.42,68.14,51.75,78.57,45.31,63.96,20.27,12.18,10.55,7.41,15.57,84.54
RW,91.84,75.42,63.78,60.94,29.67,58.56,14.8,9.73,13.22,11.15,9.82,81.69
CDM,56.42,61.49,63.25,68.42,57.32,81.79,14.13,17.94,15.67,12.32,14.06,81.02
CB,51.31,23.87,54.34,42.32,56.01,63.03,8.16,20.87,11.95,9.1,16.51,72.62
CAM,69.61,61.78,92.83,91.39,51.6,44.97,13.5,19.98,16.11,13.97,16.97,84.35
RB,84.94,55.96,70.43,58.05,74.16,75.24,11.97,11.16,8.42,15.87,5.44,82.43
ST,65.24,78.53,66.94,87.88,53.67,75.03,7.95,7.39,11.75,7.86,12.64,85.82
GK,29.28,22.25,52.93,42.88,15.81,81.42,79.44,79.4,77.5,68.02,93.25,85.79
CM,59.36,71.7,69.99,65.92,53.96,51.6,8.02,11.96,14.31,13.28,14.08,78.21
LB,68.25,46.52,58.8,47.7,70.84,74.48,11.77,10.25,13.46,10.79,11.25,80.92
RB,75.14,43.68,55.72,49.68,65.61,54.4,9.19,9.35,15.61,17.12,13.23,77.75
LB,79.58,39.85,58.04,56.11,69.33,60.99,14.43,8.21,14.73,9.15,15.47,80.57
CM,69.03,54.6,87.45,59.8,68.26,56.48,18.35,11.01,12.54,14.82,14.59,79.13
GK,48.04,22.28,54.28,36.09,36.1,73.96,81.41,69.03,78.34,61.97,73.21,80.93
LW,97.75,67.83,72.09,76.35,38.42,61.19,13.76,15.56,11.65,12.15,7.98,87.17
GK,43.59,8.15,46.16,45.36,47.37,57.86,71.75,65.68,87.94,64.58,62.63,78.44
CB,76.14,50.93,46.94,48.57,83.27,70.27,12.66,12.49,13.61,7.96,10.14,85.55
CAM,72.41,80.2,76.8,71.07,17.87,57.07,6.77,10.02,11.89,13.56,8.8,80.08
LB,73.09,32.53,56.9,71.55,71.98,76.02,15.43,6.13,11.53,16.42,8.29,78.37
CB,65.41,5.37,61.32,31.03,66.72,77.91,12.61,8.88,22.85,15.01,16.69,79.98
CB,65.73,50.44,52.0,44.18,67.33,70.65,13.07,16.61,17.49,12.81,7.8,79.57
ST,73.4,82.63,61.95,67.22,41.69,61.63,13.64,14.38,4.57,12.77,8.58,79.97
LB,77.46,47.45,71.45,58.14,71.19,71.95,13.28,8.72,12.96,15.82,7.58,82.93
LW,71.97,72.24,60.23,84.33,36.27,56.1,9.66,15.35,10.84,13.1,13.93,81.62
CDM,62.64,40.31,75.31,76.73,56.78,81.6,11.69,8.38,15.69,10.37,5.07,81.45
CM,62.12,34.04,80.07,69.51,80.62,70.1,17.21,14.14,15.0,13.85,7.3,80.23
CB,52.63,60.44,58.21,55.01,93.43,76.94,19.54,14.66,10.41,7.57,29.99,83.27
LB,61.83,56.91,74.77,64.05,90.28,68.68,15.0,13.71,10.61,16.35,12.44,84.89
GK,46.63,22.41,45.44,29.47,40.73,76.28,99.0,56.18,58.83,76.5,60.26,80.72
GK,33.9,22.09,50.6,41.5,42.59,66.85,64.85,90.07,61.49,73.75,74.28,81.04
CDM,49.85,64.17,66.39,59.19,77.39,69.53,8.17,15.7,14.32,8.39,19.31,80.4
ST,76.38,64.0,62.54,65.72,36.7,74.11,11.98,14.07,10.04,10.2,14.86,80.66
RB,62.9,45.17,79.06,67.41,72.45,68.8,10.39,4.98,16.72,8.88,8.56,79.36
LW,95.4,69.05,74.51,78.46,44.54,66.96,19.63,13.77,12.9,8.28,6.77,85.92
ST,78.42,87.39,66.23,70.27,31.52,72.27,7.87,16.32,14.02,12.47,7.27,86.65
LB,56.84,48.44,62.54,52.17,60.93,65.8,18.55,14.43,17.12,16.55,8.33,73.35
RB,67.55,43.9,61.56,77.38,67.2,64.22,18.98,5.87,5.3,12.84,6.79,76.45
GK,40.72,33.23,28.92,32.6,24.67,81.93,71.13,59.87,56.24,84.43,66.31,78.15
ST,78.47,76.8,61.89,75.36,27.35,67.79,10.74,13.78,12.02,10.88,7.85,82.21
RW,94.23,63.7,65.11,75.32,48.78,47.56,17.55,8.41,15.78,16.4,8.42,82.39
RW,70.91,65.68,69.58,64.45,15.75,69.3,11.97,12.23,13.21,20.98,10.58,78.39
CB,55.78,33.0,67.31,40.22,75.5,84.91,21.08,13.02,13.72,15.81,15.13,81.66
CB,60.43,43.6,48.74,53.12,86.12,63.67,15.99,5.04,17.17,12.2,2.99,82.78
ST,73.18,88.53,52.02,82.07,33.26,78.15,16.38,1.83,9.99,13.52,14.93,88.14
CB,66.84,34.07,48.55,51.93,86.75,87.49,18.96,13.01,9.2,16.46,17.94,85.8
CM,74.29,60.32,51.29,64.66,49.95,72.36,8.47,12.57,15.27,16.09,9.84,75.97
LW,81.09,85.4,74.55,87.07,54.17,73.16,15.36,8.9,14.98,8.63,8.31,87.76
CDM,71.23,58.46,70.85,56.66,73.21,88.35,10.03,16.69,13.34,12.8,14.49,83.35
ST,74.49,81.68,62.51,62.24,48.11,78.05,14.16,15.72,5.8,17.43,10.56,81.97
ST,81.62,84.77,59.37,68.14,57.76,69.57,14.15,10.8,15.03,16.9,12.35,84.46
RW,80.83,81.61,64.34,59.59,20.1,62.09,12.22,10.11,10.77,21.42,17.09,81.58
ST,63.75,78.11,51.52,78.07,31.44,70.4,11.06,14.74,17.67,20.23,14.8,81.48
GK,37.06,24.31,50.94,38.13,31.86,66.03,77.69,70.62,61.82,69.16,83.61,83.04
LW,83.44,62.74,62.57,81.21,32.38,57.05,14.61,4.42,8.18,8.23,12.57,81.62
RW,81.63,84.65,41.14,71.8,35.01,54.64,11.84,13.8,10.94,13.98,10.91,81.82
ST,89.37,64.73,57.35,87.71,24.26,58.47,14.2,11.77,11.0,4.28,5.79,82.08
CB,55.97,24.29,61.57,77.17,74.56,77.26,6.82,13.41,8.75,9.55,14.09,81.41
CDM,88.19,50.93,63.42,77.9,68.56,83.79,13.89,13.11,15.21,10.22,10.59,80.79
ST,70.2,85.03,70.65,73.18,28.16,89.37,16.06,14.7,15.6,9.76,14.16,84.41
LW,91.32,67.58,75.49,71.27,34.05,54.76,8.47,9.61,9.91,12.58,16.13,85.43
CB,68.01,28.74,66.79,40.59,84.24,57.59,9.53,13.77,9.97,12.38,16.54,79.92
LW,89.69,81.6,64.79,75.7,36.56,63.73,13.43,12.04,6.26,13.55,14.43,86.48
ST,85.2,83.27,66.49,54.93,42.92,76.15,17.71,10.33,8.52,11.08,1.17,84.59
CDM,65.76,67.23,92.19,49.75,69.62,82.31,8.89,9.44,7.19,9.86,5.97,83.1
LW,85.98,65.49,84.81,80.47,44.06,63.52,9.86,12.48,14.43,15.82,11.72,85.08
GK,59.07,20.04,45.14,32.05,36.23,51.88,85.8,60.19,44.12,67.61,65.74,78.16
CAM,75.11,72.56,90.42,81.89,38.05,48.75,9.56,9.58,9.99,10.16,11.64,83.24
LB,74.68,38.52,75.33,80.3,67.3,90.79,14.22,6.73,13.43,15.71,14.76,83.82
CAM,77.57,66.9,78.44,76.48,57.27,63.3,11.51,10.78,8.7,16.94,8.52,82.18
LW,85.32,64.06,68.23,87.69,34.94,49.41,15.12,11.22,14.33,8.3,7.75,86.61
CM,68.45,53.08,85.44,63.56,66.18,58.97,11.73,14.34,9.32,12.97,9.95,79.84
RW,83.6,68.11,80.02,99.0,38.1,69.2,10.32,13.22,7.42,7.4,6.91,89.31
RB,71.86,35.28,67.52,55.55,72.88,64.93,3.79,15.31,12.33,13.16,17.77,78.59
RW,98.03,72.9,69.59,82.04,41.75,63.45,14.21,7.79,11.43,19.12,12.78,85.27
CM,63.89,70.36,91.18,70.94,68.91,74.62,12.56,7.55,11.8,12.11,9.34,81.29
CAM,62.79,79.1,89.11,76.44,21.95,57.26,10.35,18.95,14.81,3.25,11.41,80.36
LB,84.59,62.24,76.33,83.05,74.76,50.28,9.66,14.69,18.37,10.87,18.79,83.93
RB,79.5,50.53,80.43,74.83,65.59,45.14,9.53,14.01,9.62,22.77,14.05,80.83
CAM,89.64,81.07,99.0,79.7,36.81,44.99,13.01,7.67,13.84,13.66,7.76,86.87
CAM,79.56,75.96,55.19,70.18,45.74,48.69,13.66,15.26,17.89,10.77,14.51,79.77
CM,63.6,70.17,70.09,57.86,37.82,63.24,8.43,15.82,4.29,4.45,12.61,73.54
RB,62.25,44.16,42.86,62.06,50.28,68.76,7.63,16.14,13.51,16.74,11.98,73.18
LW,81.58,58.19,73.49,79.62,40.09,60.86,8.18,13.17,10.54,12.56,11.85,81.67
CAM,66.31,88.54,75.9,62.34,58.11,55.75,10.79,13.45,19.56,17.97,19.9,78.39
CAM,75.16,74.94,82.8,84.3,56.2,62.53,13.24,7.93,13.47,12.69,14.54,87.13
LW,77.28,66.78,61.15,83.17,49.69,76.55,13.11,14.7,20.21,9.41,20.2,83.29
CAM,60.36,73.75,76.66,72.46,38.41,51.33,12.46,10.8,5.81,7.5,10.83,79.88
CB,76.42,38.23,66.32,45.93,90.71,73.41,14.79,14.54,5.4,12.18,14.09,84.96
CAM,90.71,64.31,71.39,74.68,35.31,71.67,11.72,7.07,12.81,9.97,9.48,82.2
ST,59.16,69.24,64.48,71.72,47.2,58.51,13.65,9.21,16.77,10.11,13.27,76.41
GK,59.63,18.71,67.71,17.25,60.07,76.53,72.53,70.51,77.11,67.06,76.28,82.74
LW,85.72,80.89,79.4,69.95,23.38,77.32,7.59,13.34,10.92,8.87,14.21,86.26
CM,77.07,49.34,80.66,60.05,55.92,58.93,8.52,7.73,19.89,5.25,14.27,74.44
LW,97.1,56.3,63.91,69.38,38.5,60.56,20.61,9.36,6.35,10.69,6.1,80.49
CM,73.47,59.67,69.15,58.22,35.77,64.95,12.47,19.79,10.69,10.14,16.65,75.38
CB,54.65,10.42,51.47,44.1,78.62,81.0,15.78,13.37,12.21,9.75,11.45,80.27
RB,62.56,36.75,84.05,74.91,63.93,87.14,13.51,20.34,14.51,13.81,16.48,84.05
CB,65.62,25.12,52.08,49.58,76.93,77.67,11.9,18.77,9.16,8.99,16.23,81.06
CAM,54.53,62.61,85.07,92.97,54.33,58.31,8.86,9.68,8.69,16.63,12.44,86.25
ST,67.44,74.35,75.79,57.39,55.2,62.22,14.24,9.45,18.23,17.78,6.7,78.27
CDM,63.21,56.75,77.9,59.66,64.04,78.86,5.76,8.54,10.6,16.99,8.29,80.93
ST,90.64,76.7,63.13,57.35,31.87,67.91,13.05,11.63,5.02,19.13,12.64,85.56
CDM,71.07,60.2,67.34,41.47,60.73,75.47,14.37,9.99,16.42,19.15,4.92,79.89
GK,55.0,21.53,32.67,47.3,34.48,55.17,75.37,56.98,61.93,80.33,92.16,79.26
CDM,74.47,53.1,61.46,67.52,87.04,69.19,19.08,5.49,13.15,11.4,5.41,81.29
GK,24.37,24.92,73.1,19.7,28.3,52.55,70.44,44.32,69.94,82.55,63.65,78.01
CB,76.61,38.48,51.17,39.71,69.32,91.59,17.67,16.8,8.98,24.6,7.31,84.04
CAM,59.8,71.2,76.39,81.14,35.1,74.16,10.42,14.28,14.98,9.05,12.32,80.64
RW,84.29,58.35,58.55,89.76,34.58,69.53,15.84,15.86,15.47,14.18,6.67,83.05
ST,63.04,65.54,66.61,68.87,23.06,67.33,4.94,9.57,13.28,17.49,13.42,80.97
CAM,65.47,86.18,76.46,80.58,45.2,46.44,8.09,5.12,9.61,10.54,14.73,84.66
RW,68.46,64.38,81.42,76.97,47.55,62.93,12.34,10.33,11.13,14.67,3.93,81.48
CDM,74.27,53.11,84.52,53.2,70.96,71.45,14.89,14.86,21.54,19.13,15.02,78.85
RB,65.02,45.76,90.24,66.3,70.24,72.37,12.66,6.21,14.63,9.68,13.78,84.05
CB,53.41,28.77,59.89,41.93,77.96,77.51,5.82,5.07,12.69,14.32,10.9,80.13
ST,59.81,81.16,53.72,80.72,42.4,69.01,8.13,22.2,12.67,16.98,12.07,79.79
CM,70.68,44.7,81.27,27.43,70.19,69.59,21.12,16.09,13.16,7.85,11.58,74.57
GK,28.13,11.75,43.44,39.02,38.95,46.92,93.09,65.86,72.07,81.33,76.6,83.27
LW,72.68,83.36,63.02,76.25,35.55,58.57,10.14,11.65,12.32,11.05,9.66,82.95
CM,68.59,72.79,76.38,80.55,46.77,59.45,7.51,12.74,13.1,8.84,18.9,80.78
CDM,78.42,49.5,77.24,59.55,79.82,60.63,11.18,7.28,11.1,16.73,11.37,82.17
RW,68.29,84.53,65.88,62.39,49.73,54.1,10.89,16.68,12.45,12.55,11.69,79.35
RW,79.56,81.6,43.57,76.72,65.85,68.9,11.6,10.07,10.27,12.78,15.7,81.33
CAM,80.7,88.41,86.67,77.71,34.18,60.24,20.82,12.68,8.36,15.84,9.14,88.95
CM,61.65,64.11,76.52,71.67,63.42,59.49,11.95,14.29,20.3,12.5,14.63,81.76
CM,54.2,52.31,73.85,70.3,61.62,80.11,17.66,19.05,14.93,13.15,7.41,81.29
RB,89.72,59.75,58.18,82.04,56.83,63.88,15.73,14.01,7.81,12.33,5.08,82.7
RB,76.1,36.56,59.79,59.71,68.09,55.73,11.14,15.0,16.67,8.76,13.03,77.57
CM,66.23,45.72,72.92,90.05,44.85,38.88,13.47,16.08,14.18,12.0,14.04,75.47
CDM,45.19,53.83,71.3,51.73,76.75,65.17,7.34,17.43,12.55,6.7,7.74,78.52
CDM,59.1,60.63,78.04,64.41,86.56,97.67,11.3,6.07,12.77,13.84,7.66,86.93
CB,67.0,53.1,32.63,31.72,87.72,86.98,16.3,13.17,13.91,18.23,24.39,83.08
CAM,70.66,71.42,73.77,83.21,26.4,59.14,9.05,9.83,9.12,8.71,10.74,83.47
LB,76.63,51.88,71.23,55.92,54.79,59.8,11.43,16.12,4.78,11.0,9.65,77.59
CM,70.55,57.83,85.28,74.08,63.72,74.1,11.38,13.93,13.57,15.65,13.11,82.53
CDM,58.64,46.72,76.35,45.57,83.5,78.2,11.84,13.08,18.31,10.6,15.71,81.23
GK,58.54,6.95,50.28,24.27,14.73,72.12,86.51,74.35,80.94,83.7,57.68,82.2
CB,32.27,34.0,61.49,37.7,78.56,82.94,12.87,9.3,8.45,12.36,21.65,80.04
LB,65.14,36.69,69.53,74.02,70.28,56.85,12.15,7.0,16.0,16.29,13.13,79.89
GK,33.58,18.7,35.43,37.74,40.12,61.75,70.55,67.21,60.32,79.18,77.99,78.87
CDM,54.74,58.36,73.23,81.59,62.12,69.53,8.55,16.57,13.5,11.78,14.24,79.67
LB,89.19,45.13,62.15,75.31,65.11,76.06,5.44,10.64,8.06,10.3,9.63,82.07
CM,61.43,49.03,68.06,61.69,69.53,58.73,18.11,15.97,7.87,19.17,15.34,76.62
ST,60.34,79.69,51.2,62.7,49.07,77.12,8.86,11.94,16.57,10.0,17.01,80.58
RB,64.39,10.15,57.64,64.83,64.41,66.38,11.24,9.01,13.89,14.0,14.93,77.81
CAM,81.43,62.58,85.07,80.87,37.5,56.08,12.62,14.22,11.81,14.42,11.51,84.81
RW,79.07,71.08,69.16,81.56,28.92,66.78,5.57,12.45,8.78,19.11,11.59,83.82
CDM,61.19,61.5,73.91,73.24,78.42,82.55,17.87,9.2,11.44,10.41,13.1,86.12
LW,82.38,81.3,68.84,80.84,42.03,65.11,15.48,7.22,14.34,9.12,15.0,86.68
RB,64.56,61.7,66.83,68.41,71.45,57.72,12.73,16.93,11.43,18.19,16.01,76.42
RW,71.85,80.74,52.1,71.38,43.33,49.7,11.19,11.83,6.41,12.21,7.63,80.62
CAM,77.53,63.66,74.25,71.21,40.28,67.02,4.85,13.87,18.8,20.11,18.8,80.31
LB,67.37,42.49,64.66,61.83,70.56,81.49,17.76,14.17,7.27,9.8,15.38,80.39
CDM,67.46,30.61,61.43,62.12,99.0,68.06,16.56,14.4,15.8,10.79,16.09,84.49
CM,64.11,76.34,62.12,59.57,55.52,61.83,12.54,11.74,7.33,22.7,6.57,79.11
CB,48.05,33.23,43.38,72.57,81.04,69.52,4.86,11.36,8.21,6.35,14.86,80.23
CDM,65.88,56.06,66.8,56.92,78.05,65.1,16.49,12.46,8.11,11.08,16.23,79.8
LW,81.89,65.69,74.0,91.29,39.84,69.23,17.0,15.2,13.42,7.12,18.2,84.35
LW,69.88,84.25,69.47,71.51,41.61,72.24,14.39,15.03,13.58,14.47,5.65,80.82
LB,64.37,40.49,53.03,66.04,52.12,77.39,6.44,12.01,11.87,11.76,10.42,75.54
RB,75.18,34.08,78.13,86.9,73.27,57.59,6.42,12.96,14.79,11.21,12.05,81.87
CDM,72.36,55.14,74.42,54.32,56.02,73.25,7.49,13.45,8.54,17.96,14.16,77.64
CDM,67.14,43.56,78.87,49.04,61.92,81.47,7.8,15.87,10.5,10.56,4.07,81.94
CDM,74.2,63.09,57.87,55.18,83.69,81.49,7.61,15.76,10.16,13.11,12.42,83.87
LB,83.12,43.04,63.59,72.65,79.9,77.81,16.61,12.29,12.32,11.18,13.59,85.22
ST,84.03,71.62,78.26,58.68,50.27,78.25,11.53,10.34,17.93,9.71,8.34,81.02
CM,70.22,72.04,93.07,72.09,51.06,75.34,16.48,7.76,11.82,10.33,2.89,83.53
GK,46.59,31.98,78.09,44.23,38.54,53.36,54.02,72.05,60.71,46.18,71.77,74.33
CM,55.34,59.67,79.33,79.17,60.54,61.66,15.32,3.7,7.26,11.99,13.87,80.28
LB,65.59,50.02,67.76,73.17,65.65,72.89,12.53,10.06,19.24,14.96,5.61,78.67
RW,77.45,87.15,76.76,91.35,51.45,68.79,8.52,6.0,9.38,13.53,16.36,90.06
CB,54.5,33.99,42.2,45.76,77.4,55.23,12.7,17.4,7.15,12.92,7.43,78.23
LW,79.35,76.91,68.99,74.21,44.2,48.2,17.03,6.49,8.67,12.77,10.34,82.08
ST,76.22,69.84,58.43,78.41,29.92,71.4,14.12,8.89,17.16,9.18,12.46,84.65
CM,56.0,47.11,83.87,54.99,73.33,59.23,9.84,15.7,8.86,16.9,12.87,78.32
CAM,90.67,74.05,78.39,82.69,57.82,37.75,13.31,9.81,17.36,11.01,6.36,84.51
CM,73.68,47.17,81.76,58.29,56.67,59.29,6.56,16.96,10.58,12.29,2.38,79.91
ST,93.57,82.17,57.09,85.83,30.43,68.26,12.23,11.6,10.9,10.02,13.91,86.65
CM,76.23,43.59,71.1,61.77,55.34,73.8,18.49,16.74,6.35,13.07,6.89,79.66
LW,95.44,68.58,76.19,79.49,55.4,47.54,7.27,10.46,15.29,20.03,13.14,85.92
GK,68.28,6.33,53.65,21.37,13.61,40.57,66.31,74.42,41.77,68.11,80.87,78.05
RB,72.77,38.84,75.47,88.78,72.86,74.14,9.64,7.95,19.32,9.59,8.33,84.63
RW,86.79,62.43,58.94,67.53,30.19,71.85,11.66,11.58,13.22,15.86,17.22,81.77
RW,76.05,69.18,56.17,74.48,43.2,49.04,12.04,9.01,12.8,17.7,8.29,82.75
RW,81.14,80.8,81.01,90.04,25.17,62.93,17.55,13.74,14.2,15.11,16.94,88.84
RB,72.73,53.45,75.38,58.15,60.05,59.89,7.76,6.72,18.96,15.62,15.71,77.94
LB,79.5,47.93,57.46,57.38,62.16,55.0,13.72,17.35,11.22,18.14,9.72,79.06
LW,83.4,58.78,68.99,78.67,44.03,57.36,13.54,9.06,10.29,13.67,11.27,83.7
CAM,71.33,83.15,80.91,89.96,45.03,56.58,18.24,11.59,8.96,8.05,14.51,85.63
ST,88.82,90.38,72.25,75.78,40.13,81.11,9.22,8.43,11.0,13.49,9.33,90.19
CM,69.27,39.83,73.06,65.93,70.69,69.14,13.25,6.35,14.85,8.75,14.09,79.03
RB,69.76,26.9,58.31,52.35,70.8,66.63,11.43,10.78,14.98,11.36,16.64,77.74
ST,79.37,81.03,60.51,69.94,35.06,71.39,7.77,15.94,11.86,12.06,9.0,84.73
RW,73.65,66.73,70.29,85.76,33.74,72.76,11.53,13.71,6.5,12.36,5.5,84.73
CDM,52.94,60.34,74.61,67.02,58.2,73.85,11.48,17.17,8.82,14.21,11.8,78.59
LB,80.16,47.75,69.83,41.12,66.6,49.98,6.29,15.08,11.56,8.73,9.57,74.86
GK,52.82,18.15,42.39,19.14,42.19,47.59,55.33,80.55,58.13,67.82,78.64,77.39
RB,77.71,31.68,75.19,67.94,44.34,64.74,7.77,12.25,7.75,11.11,13.94,79.43
LW,84.32,52.96,71.34,68.41,33.13,72.09,9.55,13.35,9.25,14.03,5.39,82.0
CDM,66.43,43.09,69.74,57.2,83.58,81.27,6.53,9.6,7.68,12.52,11.33,84.05
CDM,67.89,34.99,73.04,56.89,78.19,92.23,7.88,14.63,10.34,1.94,14.18,86.97
RB,66.88,50.2,29.0,67.73,93.92,68.09,12.89,12.61,10.27,15.58,7.87,78.45
GK,42.62,32.0,59.99,26.59,14.23,56.06,74.18,65.11,69.21,74.97,76.76,83.44
RW,82.73,64.65,59.55,70.42,45.51,63.65,8.85,14.36,7.59,11.87,12.95,80.06
CDM,69.71,35.2,82.21,68.77,79.23,77.87,7.12,10.52,8.35,3.18,12.7,82.94
CB,49.43,49.57,71.47,54.46,88.75,58.73,18.42,15.25,8.68,18.44,19.39,80.66
LW,76.82,72.66,79.88,84.39,53.98,73.03,6.24,12.05,16.11,9.43,15.95,83.47
CDM,60.54,74.38,65.56,62.37,84.27,91.22,15.35,22.44,8.97,6.49,13.15,84.25
RB,61.44,50.44,57.37,70.48,72.7,51.04,13.04,15.89,5.46,17.37,12.28,76.46
RB,78.04,48.14,76.18,62.45,62.38,58.07,14.08,13.49,12.5,4.91,17.4,82.15
RB,72.59,54.31,62.62,56.3,69.43,61.53,7.84,18.1,8.88,12.01,12.78,76.67
RW,84.11,74.55,63.87,77.62,34.69,60.02,8.43,13.9,11.61,17.2,2.83,82.65
RW,91.73,87.98,59.66,73.84,38.2,89.15,12.1,12.42,16.13,15.83,12.37,84.62
GK,45.9,14.62,40.99,45.02,27.0,57.15,75.81,68.89,58.42,75.72,82.12,80.28
CB,66.59,22.03,54.17,25.34,95.54,70.76,9.4,18.05,13.75,9.17,4.17,82.4
RW,75.4,61.54,57.65,78.22,40.41,70.18,15.87,12.4,8.83,4.67,10.11,79.65
LB,74.08,35.26,83.91,63.84,71.87,69.3,12.05,9.26,14.41,10.76,16.32,83.09
CM,80.51,67.0,78.38,65.12,73.19,76.1,10.22,13.02,12.46,12.32,6.99,80.24
CB,62.55,33.01,68.87,51.77,58.36,72.47,10.16,20.58,9.12,6.59,9.48,76.19
CM,66.95,70.15,71.37,62.66,68.94,53.17,12.24,7.48,12.92,20.08,10.7,76.5
CM,69.82,54.96,93.56,79.32,62.79,73.68,14.31,14.19,15.55,12.09,21.58,86.68
GK,45.22,23.93,46.39,21.78,39.08,72.3,71.31,62.29,76.72,61.97,68.8,78.69
CB,54.49,36.2,51.6,58.26,74.66,70.69,16.98,8.35,11.02,20.91,10.21,79.68
GK,54.41,9.98,56.34,38.64,40.52,67.84,55.97,56.9,90.63,81.77,75.71,79.87
RW,71.73,71.91,67.35,74.0,36.07,38.92,14.39,12.87,6.35,8.8,11.64,79.35
GK,64.37,16.06,36.4,35.29,51.23,56.18,52.14,58.51,62.54,60.8,87.24,76.56
GK,31.98,17.65,53.4,39.99,49.23,72.19,67.91,88.13,62.62,90.62,53.5,79.86
CB,58.05,22.96,43.36,68.7,80.66,63.05,16.31,23.19,22.98,18.83,21.89,78.74
CM,56.73,49.04,74.34,75.06,85.62,65.16,9.3,7.17,16.56,17.57,9.3,79.43
LB,72.5,46.67,61.16,61.23,59.02,62.37,17.11,12.93,12.56,13.09,2.57,79.74
CM,79.53,57.09,63.76,57.18,43.9,59.38,11.85,5.93,14.85,3.91,8.6,73.22
GK,27.42,13.84,66.84,40.05,24.06,54.68,75.85,51.21,54.47,71.85,79.67,78.0
LB,61.31,60.98,58.95,61.88,65.85,70.49,16.33,15.61,12.32,13.0,13.41,79.53
CM,92.96,57.17,68.61,70.96,56.2,61.96,15.68,18.49,6.63,3.73,8.46,85.7
LW,95.91,57.82,58.6,79.8,53.11,45.79,15.53,8.1,8.51,14.26,16.29,85.43
CDM,71.91,32.83,74.1,86.11,94.58,75.47,14.4,13.57,8.07,12.19,13.85,88.03
LW,70.09,63.51,72.06,72.1,31.38,62.53,11.47,5.16,6.84,9.73,14.19,80.87
CAM,60.96,72.24,88.2,96.49,46.32,56.14,17.53,7.87,10.98,11.01,13.24,84.85
CM,78.03,84.5,74.95,83.66,48.63,62.26,15.64,7.46,11.53,14.69,16.33,84.38
RB,67.23,47.49,59.55,69.08,91.65,56.87,12.96,14.74,8.23,9.98,19.53,81.64
ST,79.25,69.54,59.27,64.18,29.59,77.18,9.88,13.48,22.7,12.33,17.41,83.71
CDM,58.13,51.45,69.32,55.19,86.3,83.51,13.39,13.46,11.82,13.88,9.79,83.14
CM,65.83,64.41,75.31,67.46,57.06,56.65,10.09,10.76,7.97,12.06,10.17,76.48
RW,87.11,81.73,78.63,76.93,45.17,65.66,13.51,2.69,11.05,5.59,13.44,86.0
LB,83.98,40.29,54.25,67.7,71.5,50.81,9.13,19.4,7.79,11.6,13.16,79.42
CAM,68.6,87.44,77.7,90.62,62.96,52.0,15.09,7.55,15.45,14.72,6.89,83.12
LW,80.52,78.98,64.7,69.97,61.44,68.16,21.64,10.86,14.55,15.07,13.39,82.01
ST,68.11,58.7,67.26,66.85,41.37,66.2,7.17,20.45,13.86,15.17,15.34,75.74
CDM,44.47,74.46,71.37,54.87,56.06,65.86,15.69,16.71,18.0,9.68,12.37,76.15
RB,75.24,38.16,74.56,81.88,54.51,73.91,12.77,13.92,17.73,6.58,14.02,80.89
LW,80.01,72.03,65.17,70.13,25.86,53.59,13.26,13.92,9.18,6.93,19.08,82.33
RB,73.22,39.41,58.15,75.69,64.35,58.31,8.97,10.94,10.87,11.79,14.07,77.82
CM,55.37,55.28,85.14,83.76,47.45,57.83,13.66,8.56,14.34,7.12,22.09,80.59
ST,68.32,97.71,57.82,72.86,50.09,66.77,13.87,1.01,13.84,14.28,8.15,86.17
CDM,62.06,47.04,66.49,59.45,75.9,80.54,5.36,12.93,16.71,12.16,13.72,80.49
RW,67.57,63.95,52.21,74.58,12.3,44.31,11.02,15.86,18.29,13.64,5.9,75.92
LB,75.34,57.44,67.87,51.9,47.27,73.8,7.55,16.75,5.53,12.49,10.61,78.73
RW,74.11,68.79,72.31,95.64,22.76,59.89,5.95,11.82,9.96,14.15,14.89,85.59
CDM,79.02,40.36,64.99,51.81,65.41,55.11,12.03,10.63,15.05,10.98,17.84,77.34
LB,72.18,43.51,81.73,51.51,57.53,67.56,19.92,14.8,12.91,13.55,10.91,80.01
ST,61.88,75.45,61.56,58.7,33.58,66.72,6.83,5.0,8.56,16.94,11.56,80.98
GK,48.16,26.39,38.16,34.28,25.13,80.27,61.17,99.0,55.43,97.66,65.04,84.65
GK,41.51,20.72,39.28,26.69,47.65,65.01,75.82,77.89,56.93,39.2,47.69,76.27
RB,64.74,53.28,89.39,48.93,60.5,63.37,13.08,19.92,5.08,8.49,19.36,78.04
CAM,68.22,67.35,66.11,84.1,40.46,47.56,8.9,14.25,9.65,11.88,16.94,80.8
LW,77.92,64.91,61.55,80.85,37.17,57.34,9.73,11.57,9.39,13.38,9.94,79.38
GK,48.57,17.73,47.3,45.06,39.93,61.45,79.12,92.24,65.03,77.27,87.3,86.54
LB,66.55,41.74,59.88,71.97,62.71,42.4,8.15,8.31,10.07,14.61,13.11,75.12
RB,81.11,48.4,61.93,71.79,88.86,59.25,15.9,7.88,10.62,22.37,14.01,81.21
ST,87.44,69.33,45.94,83.35,37.1,71.0,13.66,10.48,12.17,11.51,6.62,83.37
RW,91.18,65.02,59.45,86.59,46.16,49.16,17.14,10.48,9.17,9.04,7.3,84.3
CDM,63.86,33.68,68.78,62.79,62.55,75.1,14.22,9.51,11.15,12.81,13.21,79.42
CAM,74.83,66.73,87.74,86.62,33.61,62.88,12.72,14.97,11.73,9.19,4.02,86.57
RW,81.17,79.17,70.1,75.01,35.84,53.72,15.04,11.8,16.04,14.61,10.97,83.62
CAM,63.96,74.86,68.61,68.34,59.87,61.88,10.58,14.6,9.64,14.55,13.02,79.9
RW,73.82,79.35,56.75,93.16,52.55,65.93,9.7,9.51,11.24,19.91,23.52,81.81
CM,75.8,55.81,83.92,57.96,61.69,80.64,14.72,14.37,9.51,16.34,15.29,83.75
CB,77.91,32.67,53.06,51.83,87.26,71.85,17.55,11.47,2.31,9.56,14.6,83.14
RB,71.96,33.08,67.78,53.48,63.09,62.49,4.53,9.28,16.76,16.97,9.56,80.95
GK,43.75,16.45,46.2,38.32,63.32,52.14,78.34,51.13,41.95,63.43,74.21,74.58
CAM,80.75,81.14,74.32,79.5,37.21,58.39,14.29,13.79,15.65,12.95,15.91,84.81
CDM,37.65,53.85,65.18,53.4,79.7,69.09,16.31,11.23,12.2,11.61,11.47,76.1
RW,78.43,66.65,76.77,64.63,34.32,65.94,11.26,12.76,9.48,12.63,7.93,82.57
CB,63.99,46.99,70.92,60.9,82.76,70.76,8.64,18.74,11.3,17.35,11.72,84.82
GK,38.61,19.54,64.72,30.97,43.83,59.2,60.48,67.22,70.13,90.86,70.8,80.77
CB,57.64,43.48,88.94,41.9,81.0,76.51,8.95,8.44,14.6,18.24,24.66,84.99
GK,53.64,24.76,56.14,33.56,10.37,71.74,83.33,67.57,58.05,72.84,81.87,81.77
CM,72.11,59.12,70.42,57.51,70.53,81.44,5.93,12.67,9.74,16.67,9.3,79.15
LB,67.71,40.06,60.77,40.98,69.37,68.45,2.54,8.6,12.71,13.41,9.76,78.04
CDM,40.63,48.35,65.74,57.5,69.23,82.29,10.91,13.85,4.87,14.48,13.48,81.11
LW,85.33,77.94,69.49,69.89,38.94,48.77,7.87,17.09,11.23,8.36,10.59,81.36
RW,78.5,74.95,60.75,89.05,52.27,44.08,16.87,8.82,5.27,13.64,12.14,82.56
CM,64.91,55.43,59.76,74.38,64.73,71.36,12.11,6.7,13.34,9.75,7.17,77.91
RW,75.22,69.92,47.75,63.21,44.67,56.03,7.33,14.17,8.3,11.21,9.37,78.12
CDM,60.88,57.91,63.34,62.31,60.85,79.37,8.52,13.15,6.71,11.8,10.1,76.94
CDM,54.74,47.78,84.92,54.88,66.74,85.36,8.83,10.69,15.69,12.65,14.05,82.61
CDM,63.61,44.85,48.06,77.7,73.36,83.3,12.33,10.03,13.06,13.16,11.2,83.45
RB,74.5,31.55,74.67,74.95,66.91,82.88,6.83,10.22,12.37,15.84,12.13,84.1
RB,57.36,48.47,60.19,55.72,64.62,63.99,10.51,6.09,8.58,20.71,15.9,76.46
RW,91.26,74.1,66.92,79.47,33.85,54.77,18.49,10.7,16.39,18.46,5.37,84.77
CAM,85.56,86.22,60.09,86.34,54.31,56.33,8.53,15.31,15.33,15.04,11.53,84.05
CDM,65.24,57.8,58.27,73.46,70.71,77.56,18.13,13.69,11.51,7.29,20.19,82.11
CB,65.14,42.08,63.67,50.76,70.57,69.58,16.19,17.2,11.27,8.67,23.63,78.65
LW,80.07,79.9,74.37,81.73,38.86,54.43,8.85,18.27,1.78,12.11,13.41,84.74
CAM,84.22,65.12,84.26,57.28,47.08,64.18,15.5,12.59,12.8,11.9,16.02,82.68
RW,85.37,65.47,80.59,94.71,47.47,53.54,16.73,9.79,15.76,8.06,8.72,87.51
RB,72.87,42.67,73.07,47.15,73.45,67.16,11.71,14.34,12.66,19.05,12.22,78.45
CB,40.53,41.15,55.19,58.34,68.08,74.81,13.3,5.5,13.7,11.65,11.16,78.3
RW,86.73,90.08,90.08,76.8,43.89,62.27,17.31,15.18,10.16,17.51,12.52,89.63
CB,65.7,31.82,62.63,44.67,75.65,71.6,9.61,10.13,11.64,10.05,7.26,81.13
RW,72.74,62.92,65.36,71.19,39.82,49.88,18.99,4.75,9.62,17.26,10.47,78.29
RB,67.82,56.99,82.89,54.12,47.69,65.98,19.11,13.2,9.06,7.45,17.53,77.11
CAM,86.06,65.38,75.54,71.7,38.83,63.54,19.52,7.38,17.73,12.13,6.61,81.43
GK,49.8,21.59,61.94,42.47,50.35,78.05,92.18,74.13,81.49,69.17,54.22,82.3
RB,86.12,23.25,60.64,57.95,65.83,68.76,12.93,13.14,9.72,8.91,11.62,80.79
CM,75.21,39.73,91.59,65.08,70.54,60.42,14.76,6.47,9.21,14.65,8.87,81.63
CB,66.22,21.4,56.18,66.39,84.48,65.37,13.91,11.25,17.97,10.13,14.91,80.45
ST,87.13,81.1,66.98,79.03,42.36,69.66,16.1,11.82,17.94,10.57,12.11,85.51
CB,53.37,44.84,56.73,47.33,58.91,88.18,16.86,19.16,7.0,16.77,11.47,80.44
RB,86.36,38.28,69.37,66.27,57.23,72.35,13.62,19.28,14.38,9.87,17.02,83.18
RW,71.17,84.46,72.06,78.27,47.47,64.91,6.81,4.73,8.22,11.18,8.87,84.8
LW,75.92,86.4,61.38,97.86,38.64,63.1,17.66,8.38,15.14,8.42,7.84,85.98
RW,87.93,80.27,65.07,80.48,41.73,40.18,10.92,12.63,9.59,7.23,12.89,84.6
LW,82.92,77.01,47.04,85.93,58.43,47.95,10.03,13.09,9.45,8.05,6.86,85.13
RW,85.32,56.46,71.74,82.12,37.76,57.57,12.87,11.94,9.79,15.2,12.01,83.17
CM,65.94,58.32,77.82,75.96,71.51,64.26,13.2,14.42,17.14,15.42,14.99,81.94
RW,75.46,90.22,63.87,73.09,56.94,51.51,18.98,8.12,10.7,11.72,11.79,84.11
CAM,82.35,92.03,74.5,81.42,41.35,66.63,6.68,17.13,14.32,11.64,3.29,87.04
LW,88.2,71.26,76.39,80.58,37.95,62.83,12.84,8.49,17.26,13.97,13.89,84.98
CM,63.41,49.14,72.39,60.58,67.95,74.95,12.52,17.09,15.01,15.38,13.14,80.64
CAM,70.28,74.92,79.92,77.24,54.07,63.42,19.77,9.14,12.97,16.37,16.94,84.93
GK,53.38,13.09,50.37,43.79,46.46,60.86,84.72,84.7,68.22,61.52,76.07,84.01
CDM,48.96,52.58,74.84,76.87,74.03,70.69,3.59,14.1,9.5,10.86,13.6,79.03
CDM,65.61,31.68,84.22,65.08,76.47,74.34,17.58,18.08,5.98,7.76,8.64,84.87
CAM,76.21,48.88,63.72,71.0,49.9,60.21,10.09,9.93,11.33,11.39,9.32,78.21
RW,78.77,68.93,67.15,76.2,53.06,60.29,11.88,9.74,15.23,9.64,10.63,81.44
RW,69.71,58.45,85.77,80.53,30.92,73.83,16.94,13.27,13.92,16.03,16.33,80.13
RW,83.48,78.38,51.68,81.28,41.94,49.65,7.22,11.34,20.13,9.1,14.39,83.05
LB,75.76,52.58,76.65,59.86,75.03,64.55,13.09,12.87,14.08,16.67,10.86,79.61
CDM,54.02,66.85,79.52,60.42,73.18,62.79,15.29,6.88,14.45,13.73,10.12,82.13
CDM,63.89,55.85,53.65,66.16,66.53,99.0,14.23,10.4,11.38,10.49,15.96,84.12
LB,77.5,39.59,67.86,68.15,75.59,69.23,3.48,16.73,20.46,17.57,10.83,81.83
LB,81.11,51.52,55.47,61.32,66.85,53.2,12.07,13.86,15.79,18.09,10.24,79.75
CDM,55.94,76.96,67.09,56.71,72.99,59.31,10.33,16.08,12.4,15.44,14.75,81.11
CDM,48.33,45.77,70.81,57.58,82.64,68.81,16.04,3.34,6.88,6.99,10.2,81.56
LW,72.06,65.73,65.1,93.12,43.05,61.98,8.27,13.42,8.9,10.13,6.21,83.79
LB,80.4,43.91,59.19,75.79,59.99,61.52,12.34,6.12,13.39,11.61,7.68,77.76
CAM,65.25,61.44,84.29,75.39,41.28,51.08,4.58,10.8,11.55,8.55,20.2,81.02
CAM,69.49,58.99,75.04,71.55,46.91,70.26,8.13,14.13,13.59,12.76,15.95,80.31
CM,50.52,66.26,82.81,61.68,58.76,52.73,9.59,7.95,19.56,9.75,12.72,80.31
RB,75.67,45.6,72.09,61.91,70.85,56.27,2.94,14.77,8.8,10.02,15.07,79.84
CAM,78.17,72.36,81.89,77.04,44.04,49.78,1.59,8.36,9.0,15.53,10.02,84.25
GK,47.76,1.99,53.36,23.51,49.23,59.03,55.96,67.12,48.08,71.11,60.76,76.09
GK,38.46,23.26,42.07,43.32,27.56,58.97,79.0,65.09,72.6,72.96,68.37,77.01
LB,74.69,43.28,63.07,65.51,53.87,60.06,18.1,17.14,4.77,7.89,16.45,79.01
RB,67.4,53.25,58.13,70.94,71.96,82.4,16.99,17.29,4.18,13.92,8.2,80.87
RW,85.69,70.96,70.74,71.28,39.6,65.69,13.61,11.49,16.8,13.63,9.06,81.42
LW,62.47,67.19,72.52,81.5,32.8,58.94,11.05,13.25,12.36,8.41,9.47,80.59
CB,62.73,41.18,61.66,58.29,81.29,69.57,13.63,19.65,11.51,17.21,17.37,81.45
CDM,51.27,38.04,66.63,77.1,80.1,82.27,17.95,10.36,15.39,12.79,14.09,81.85
CB,46.98,19.54,51.12,39.94,74.88,85.27,11.46,28.49,10.13,17.52,18.1,82.27
GK,33.28,14.85,34.41,43.14,49.66,70.5,75.04,84.29,82.12,53.77,61.36,80.2
RB,76.26,34.23,76.91,58.37,55.65,64.27,13.23,14.01,16.43,2.09,15.83,79.33
CAM,76.57,65.11,79.83,53.21,29.85,51.77,15.04,10.5,13.82,9.57,22.94,81.2
CDM,56.89,47.01,70.76,58.0,75.34,54.04,12.57,10.54,11.8,10.38,12.9,76.41
RB,55.94,49.99,71.83,58.71,45.68,72.3,18.92,13.99,6.36,16.95,12.39,74.59
CB,58.92,31.62,40.36,59.06,63.9,68.15,6.88,5.13,14.1,16.62,22.78,75.02
ST,80.2,89.76,59.96,51.01,39.07,79.84,16.82,15.39,8.71,11.55,9.53,83.47
CDM,80.82,53.61,60.74,67.68,86.58,56.39,15.09,12.22,15.26,13.76,11.79,78.68
RW,88.97,66.87,71.6,75.61,27.72,52.39,13.31,7.39,4.84,20.5,12.41,81.45
CM,68.9,59.58,66.74,71.23,79.45,68.53,13.41,9.35,10.98,21.51,10.26,82.77
ST,89.49,85.07,64.28,55.03,39.62,76.91,15.81,16.13,11.07,10.34,17.36,84.29
LB,69.73,39.32,80.71,70.04,60.39,53.74,9.51,11.77,18.19,8.69,8.29,78.7
RB,61.49,49.09,78.14,72.73,55.16,64.0,8.29,4.07,16.86,14.13,13.89,78.33
CM,68.04,61.38,67.47,66.14,51.01,76.4,12.48,4.79,6.22,13.44,8.76,79.25
CDM,59.78,47.24,70.78,74.79,71.9,73.72,14.61,14.22,6.8,16.28,7.8,83.03
GK,50.21,17.02,44.19,40.95,29.34,58.91,56.33,52.2,65.09,96.17,73.6,81.05
GK,28.99,13.25,32.48,19.94,44.84,62.98,72.19,61.69,73.95,77.85,87.8,82.67
ST,86.45,89.96,61.42,80.12,33.72,65.98,9.29,8.56,11.37,2.9,9.12,87.08
CDM,58.55,65.59,88.31,57.95,75.79,72.86,15.71,5.27,7.38,14.44,3.19,84.39
RB,63.13,38.08,77.24,64.3,72.14,59.72,4.7,8.56,2.38,13.36,14.04,79.56
ST,73.77,66.03,61.61,74.0,22.45,78.2,10.02,5.72,7.22,12.33,13.9,81.46
LW,75.25,82.61,58.09,68.82,39.95,50.45,17.2,12.48,13.5,17.71,12.31,81.1
RW,88.2,74.04,70.68,86.2,41.27,61.93,11.51,12.03,14.85,17.63,11.68,84.43
GK,34.16,10.03,57.83,51.38,30.06,64.8,52.71,80.02,52.88,69.08,75.31,82.11
CDM,74.37,64.82,89.27,62.24,77.08,87.59,15.31,12.66,16.67,9.75,11.51,87.52
CAM,69.5,84.53,71.89,89.34,32.5,50.36,17.94,14.6,5.92,10.76,14.64,83.92
RB,64.23,47.43,55.33,40.54,77.48,66.24,13.36,10.1,13.01,7.66,9.72,78.38
ST,80.15,75.66,63.79,68.78,41.58,74.18,9.34,10.95,3.58,11.33,15.35,82.16
CB,60.12,39.84,53.55,37.02,73.07,85.58,19.24,14.1,8.33,9.36,10.04,81.62
CM,59.77,52.44,69.76,66.13,49.48,74.65,16.2,5.3,17.51,13.83,9.41,78.36
GK,36.47,25.72,53.79,37.06,44.26,59.93,81.14,58.6,78.83,79.66,74.32,82.44
RB,85.04,55.65,50.61,63.2,74.12,81.41,24.04,7.96,18.41,13.15,14.17,81.49
RB,57.27,40.58,67.18,69.53,61.7,73.38,10.49,15.78,11.02,14.03,12.41,75.42
GK,52.77,31.09,43.72,41.03,26.18,51.02,76.76,64.54,76.79,66.3,57.19,78.4
ST,64.47,78.58,53.08,84.82,25.34,68.12,12.14,10.21,9.44,11.8,11.26,83.85
RB,77.61,50.37,53.36,65.9,72.77,80.19,14.06,14.94,21.69,7.69,12.54,82.9
CM,71.19,46.8,63.8,55.4,85.44,53.71,16.06,8.67,17.07,10.83,16.96,75.92
CB,58.51,35.7,58.07,42.48,75.4,62.32,8.16,18.35,8.43,22.88,15.33,77.87
RW,85.5,50.54,57.4,82.98,24.44,62.57,11.56,8.68,15.7,13.66,13.28,81.32
CM,43.77,64.18,65.99,72.85,59.32,52.46,12.96,9.36,15.91,15.52,13.18,74.53
LW,82.79,73.41,60.47,81.64,24.35,68.89,9.26,4.17,14.89,8.54,13.87,83.07
RW,85.49,94.13,64.09,73.29,35.99,62.37,7.08,12.74,15.84,19.15,7.5,83.29
CM,64.77,73.23,84.83,82.0,65.35,59.53,12.37,11.7,11.65,10.65,10.97,84.13
CB,66.57,32.82,43.07,44.04,94.06,77.04,11.18,16.02,14.47,10.58,14.01,86.73
CM,71.55,67.73,68.31,78.28,64.45,62.71,12.57,8.09,6.25,7.61,12.75,79.88
RW,79.42,59.3,63.33,89.87,46.13,52.44,9.38,7.24,11.61,11.06,13.29,84.09
ST,71.19,75.14,72.22,67.33,27.05,70.77,10.69,14.13,12.98,8.86,17.46,79.85
LB,82.41,42.75,76.77,54.06,64.6,69.38,11.85,20.4,2.68,9.47,21.16,79.89
CB,32.33,44.12,57.67,39.05,63.53,79.18,12.13,18.77,12.93,11.74,15.29,75.31
CAM,67.72,71.12,87.13,79.77,32.88,58.38,18.09,14.49,10.1,10.95,17.2,84.05
GK,47.7,25.4,44.93,44.35,41.24,64.26,67.23,70.11,62.01,65.92,70.37,78.18
CM,64.37,51.53,80.62,73.3,69.68,52.05,14.42,9.93,6.45,16.9,11.57,78.33
CM,62.85,77.7,94.59,55.74,74.59,64.3,16.49,14.83,15.19,12.97,9.88,85.65
LB,75.76,51.08,48.85,59.25,63.0,73.04,9.79,12.74,8.66,11.69,15.53,77.22
GK,48.48,19.74,51.09,34.11,33.39,73.28,56.0,52.8,69.28,71.04,67.73,77.09
CM,59.24,64.4,69.8,69.43,51.08,61.69,11.61,12.36,10.71,16.78,15.17,78.25
CAM,81.31,70.78,75.39,78.94,45.89,57.25,19.86,2.15,10.29,9.76,13.05,82.37
LW,88.5,68.87,74.63,87.07,55.97,36.08,12.0,12.11,11.43,10.09,12.82,84.15
LB,59.48,50.13,43.67,61.43,58.73,69.13,11.38,11.25,16.37,13.82,14.93,74.97
LW,91.75,55.93,62.84,84.53,24.42,65.39,7.75,13.47,13.11,13.39,7.59,84.46
RW,79.86,92.27,80.04,62.67,51.19,57.37,11.32,12.15,11.72,18.57,9.45,86.58
CAM,63.62,67.77,67.57,73.34,40.58,56.55,10.07,10.61,12.64,10.0,13.89,80.15
LB,68.06,60.09,73.49,66.4,81.64,61.58,14.96,8.48,18.08,14.64,11.72,82.53
LW,78.81,73.0,69.3,75.77,46.85,52.83,16.63,12.89,10.53,8.91,9.63,82.18
LB,78.94,40.19,75.09,64.9,85.94,68.08,12.9,15.3,21.08,2.22,10.53,83.19
ST,86.94,75.32,42.21,64.29,45.77,88.45,15.47,14.16,10.11,14.01,15.81,82.66
RW,81.96,72.27,60.29,78.96,45.15,68.38,14.3,11.38,5.96,12.12,10.2,82.05
CAM,83.15,81.8,75.88,89.63,37.2,69.89,9.56,8.63,14.98,9.8,9.31,88.69
CM,81.55,44.99,78.73,54.66,69.68,61.54,9.64,10.42,15.91,12.28,13.13,81.39
RW,76.99,72.06,75.42,80.43,46.07,93.19,6.43,8.54,12.32,13.25,18.15,83.94
RB,65.36,40.33,81.44,66.17,67.42,57.34,13.5,13.23,10.1,20.24,16.14,78.37
ST,79.92,79.17,47.99,72.08,37.19,73.22,14.11,13.07,6.77,11.51,16.9,83.25
CDM,78.34,65.8,75.63,71.72,61.14,64.68,7.51,8.96,16.82,3.81,18.76,80.34
GK,42.78,6.51,63.82,35.86,41.24,63.05,66.14,68.6,65.22,60.04,55.96,77.58
CB,71.42,28.43,54.33,26.46,94.96,71.05,8.2,14.0,17.1,14.19,11.43,83.83
CB,53.97,46.59,64.3,61.87,83.42,73.0,11.43,14.44,19.81,17.53,22.85,84.18
ST,63.92,76.79,43.48,84.7,29.52,63.21,16.49,11.64,18.35,10.51,4.98,80.4
RB,60.33,50.7,74.53,68.05,81.52,76.06,7.78,10.99,13.91,14.08,16.84,84.78
LB,65.91,43.19,81.79,54.38,52.66,79.49,9.67,12.2,18.3,18.43,12.56,80.75
CB,29.14,37.63,48.39,48.3,78.13,62.73,19.93,13.95,18.15,17.34,15.08,75.48
RW,76.77,71.62,69.63,74.19,44.35,67.64,13.86,4.2,13.48,10.07,8.44,82.05
RB,67.41,56.03,68.35,53.88,69.45,65.69,14.74,7.72,17.04,6.59,9.33,77.38
CAM,71.54,68.27,86.22,86.75,54.06,81.71,17.17,10.54,11.55,3.97,17.74,87.21
RB,82.14,42.84,78.55,42.19,67.31,74.87,9.17,11.27,6.75,14.96,11.54,82.12
LB,69.1,50.63,77.65,64.07,47.29,47.65,16.81,11.99,14.64,12.99,16.17,72.58
CB,78.14,35.08,42.58,62.5,81.32,79.83,9.69,17.04,16.69,14.04,15.13,82.86
GK,46.6,32.96,48.86,27.8,38.9,52.82,63.69,47.97,93.16,95.72,77.27,82.19
ST,80.52,75.6,43.18,65.96,44.11,73.05,9.91,8.73,15.2,15.37,4.88,81.83
LW,79.29,69.76,67.66,85.43,51.15,52.22,11.99,15.4,15.54,10.16,12.49,85.83
ST,70.69,72.71,66.98,79.93,27.0,75.22,14.48,11.57,11.62,13.04,6.49,81.98
RW,91.55,84.07,49.21,90.73,37.85,58.82,9.85,16.89,17.25,13.0,12.01,87.86
LW,78.53,44.62,61.21,84.04,49.35,63.95,15.2,15.88,9.49,9.47,13.47,79.13
RW,84.04,61.69,72.6,78.84,43.64,71.65,18.0,16.16,14.0,10.92,8.83,83.96
LW,85.73,68.38,60.73,82.36,41.89,57.47,15.64,10.12,12.21,13.76,9.1,84.86
CB,61.09,28.18,51.85,38.99,64.95,74.91,20.01,12.91,15.81,15.72,12.49,78.08
RW,75.76,58.89,79.78,91.82,38.26,75.68,13.23,5.27,15.22,8.77,16.08,88.1
CDM,78.58,51.47,65.19,57.99,79.5,64.19,14.86,14.66,13.8,11.35,21.49,79.41
CM,68.73,47.48,42.48,88.5,62.98,56.81,15.16,11.8,10.27,14.69,4.01,77.68
RB,72.01,44.91,49.52,51.78,67.49,59.55,11.53,6.89,10.59,12.51,11.15,77.0
CAM,82.58,75.05,64.22,77.54,18.54,54.74,13.89,5.07,9.82,9.86,7.2,85.56
CAM,74.13,76.28,77.63,88.74,51.3,58.68,12.41,15.79,12.54,10.44,18.09,82.73
RB,63.47,24.08,45.08,41.51,69.54,58.2,12.04,9.49,19.48,11.22,5.64,73.05
LB,84.45,43.7,72.62,61.77,87.58,64.81,15.59,12.54,5.64,7.16,9.33,83.91
LB,78.02,48.73,64.82,38.18,76.19,58.72,11.81,13.85,13.98,11.52,12.16,79.11
RW,79.0,60.4,73.96,87.3,18.44,63.15,11.11,8.07,9.01,13.82,14.05,85.27
CB,42.59,29.48,41.45,55.7,80.45,62.27,21.77,15.56,18.33,11.27,16.09,76.89
RB,68.22,47.43,61.31,67.77,67.33,76.72,16.14,17.97,15.35,13.46,8.33,80.38
GK,30.05,28.59,38.19,53.71,50.32,59.66,79.54,56.21,60.5,63.18,62.55,74.59
ST,79.07,71.86,51.38,58.14,36.76,63.7,17.12,9.46,10.21,8.14,17.45,79.65
RB,82.91,32.73,66.83,52.8,61.71,41.6,14.78,5.88,8.19,17.6,15.43,77.39
LB,89.15,60.17,75.39,70.7,54.1,56.61,12.03,16.74,2.59,13.5,8.2,81.98
LW,69.15,64.93,43.82,79.56,36.22,41.63,13.12,6.83,16.83,8.3,12.74,78.49
CDM,66.83,48.12,89.08,62.32,69.51,84.15,10.79,13.55,18.2,17.08,13.9,81.04
CAM,73.79,90.18,83.25,74.88,40.46,59.44,12.98,9.79,18.84,9.68,19.28,88.43
RB,78.77,47.7,92.9,67.19,65.76,66.95,12.66,20.13,11.96,14.85,13.62,82.89
LB,72.57,57.4,61.88,68.2,66.77,41.4,10.5,17.1,17.28,14.71,13.22,76.02
CM,45.9,68.66,71.93,65.71,61.34,75.13,10.73,10.51,9.64,4.51,15.93,78.9
CM,62.3,73.95,69.67,72.49,61.58,62.87,8.53,16.81,14.15,9.06,13.17,81.24
LB,76.8,44.97,77.71,57.51,80.56,63.92,11.84,13.06,12.29,16.84,3.73,81.68
RB,71.18,59.5,68.82,69.29,79.2,54.27,11.85,15.74,9.04,11.76,14.89,79.99
CAM,71.29,76.95,89.92,69.93,50.86,56.08,10.85,10.11,12.17,13.42,9.88,85.73
CAM,80.72,84.02,72.61,66.53,32.21,74.29,14.9,15.65,12.59,11.36,18.22,80.78
CM,80.57,61.11,77.74,70.53,59.33,49.32,19.64,12.07,8.09,7.48,14.22,82.17
CB,62.32,43.06,40.5,49.18,81.55,82.63,20.25,19.11,12.83,19.66,9.01,82.25
RW,67.92,49.86,57.51,81.31,36.53,54.8,9.08,12.55,15.43,14.72,11.99,76.72
CB,58.0,32.69,44.77,36.47,78.73,76.81,23.87,7.9,18.07,13.34,2.65,79.41
LB,70.8,52.77,77.01,51.6,65.83,84.44,13.02,10.83,6.53,11.86,1.66,81.79
CAM,66.38,69.81,97.52,71.03,35.7,77.7,7.93,10.04,12.95,13.06,11.8,86.13
CM,76.54,54.67,77.4,59.27,76.31,74.55,11.31,11.52,4.2,13.46,17.45,81.38
CDM,92.95,41.22,83.3,54.66,83.47,79.88,7.72,17.06,10.32,9.82,12.91,86.55
LB,83.7,56.9,63.94,65.7,80.96,48.0,8.37,11.41,13.04,12.93,10.61,81.94
CM,65.86,68.93,66.77,73.69,79.79,66.98,17.84,13.72,4.32,6.33,9.28,82.89
LB,75.12,35.88,67.45,42.75,64.64,69.28,5.04,19.59,14.3,13.07,14.36,80.49
CAM,77.24,68.46,87.89,81.68,36.75,63.66,13.58,5.63,15.61,6.62,13.77,85.83
LW,83.01,73.41,65.74,87.39,43.7,41.05,14.52,5.74,16.36,8.95,15.33,84.82
CM,78.16,50.03,63.36,88.74,58.23,70.33,10.47,8.69,11.55,12.72,10.04,78.9
RW,80.12,63.88,67.2,68.84,37.72,69.37,9.7,14.75,17.6,4.05,17.19,80.83
CAM,65.68,78.54,78.64,58.7,39.92,83.03,8.39,5.76,21.05,12.71,17.49,81.57
GK,47.68,23.38,44.57,41.19,41.94,53.43,75.81,62.88,61.81,72.79,82.87,82.51
LW,72.48,62.19,63.02,88.84,45.93,57.09,11.3,9.03,14.89,9.49,18.86,82.39
CM,62.8,69.13,76.66,68.57,33.53,74.21,12.57,14.89,16.23,14.8,6.15,77.29
CB,52.38,38.5,52.29,57.21,63.9,88.2,20.44,13.54,4.81,16.29,22.84,82.61
RB,71.8,31.1,62.57,48.62,60.98,67.3,17.03,16.2,12.24,14.22,13.66,78.41
CM,53.88,51.68,79.4,59.98,78.04,70.98,13.18,12.14,15.11,12.09,12.47,78.93
RW,78.41,59.48,89.29,72.69,22.47,41.04,7.89,9.09,1.06,7.7,16.05,80.71
RW,72.57,77.39,63.48,83.9,40.79,53.06,13.07,11.4,15.53,16.2,8.67,81.39
GK,46.38,30.39,68.62,31.35,26.4,50.9,79.61,52.42,68.75,72.01,77.83,78.79
ST,80.45,74.81,53.92,53.1,22.83,78.37,9.71,11.45,10.81,14.9,11.21,82.09
RW,88.48,75.24,67.74,79.9,44.72,57.49,12.87,18.61,13.3,11.83,11.64,87.31
LB,78.08,39.43,66.95,50.52,53.87,73.65,14.53,18.63,11.9,8.69,14.19,79.59
ST,68.03,99.0,65.95,59.09,41.09,72.63,13.52,11.15,17.76,8.43,13.1,85.71
CB,69.17,30.76,68.4,32.99,68.99,72.25,7.17,13.59,14.39,10.03,15.15,78.6
LW,80.09,86.23,76.93,73.97,42.97,61.37,7.12,7.2,12.39,11.53,11.61,87.41
CM,46.36,75.02,79.03,74.9,67.47,73.46,5.05,9.33,6.52,9.94,17.17,81.39
CDM,59.75,50.84,66.19,61.52,65.58,73.79,9.0,6.91,12.53,15.95,16.12,76.21
LW,78.26,66.31,58.36,83.92,39.81,52.65,10.75,16.27,7.37,14.79,15.59,82.26
CAM,71.12,62.12,69.57,73.67,38.52,56.67,5.76,6.67,7.06,13.41,10.03,78.9
LW,76.6,68.41,84.84,67.56,43.08,61.39,11.97,14.59,13.44,5.2,13.33,81.83
RW,92.42,53.04,59.56,76.6,45.12,53.04,9.34,12.77,11.28,18.22,4.27,81.42
ST,64.53,47.18,53.18,73.45,47.44,67.55,12.35,12.97,12.82,5.8,13.71,75.95
CDM,57.84,29.09,74.32,67.43,64.07,86.15,17.78,16.13,9.64,14.83,6.64,81.5
RB,74.32,45.24,59.74,65.84,86.55,68.69,14.74,12.88,12.19,12.14,14.47,82.46
RW,78.06,78.86,74.71,59.97,28.89,72.61,6.39,17.42,12.74,10.78,13.08,83.16
LB,76.64,65.27,39.02,63.96,71.11,57.15,14.6,14.62,13.85,18.26,12.99,77.81
CM,78.23,75.11,67.63,69.54,63.43,93.43,15.03,17.51,21.66,15.26,12.73,83.56
CM,68.36,59.17,79.66,67.21,71.75,71.55,20.43,8.59,11.17,12.29,12.79,83.93
CM,63.8,64.05,69.22,78.74,43.81,57.78,19.8,15.6,11.73,10.33,13.34,76.3
CAM,66.27,75.62,65.12,51.7,56.93,40.3,14.83,12.35,17.6,15.06,9.83,75.75
CB,61.44,29.58,69.86,33.17,62.38,72.02,15.17,11.23,3.48,4.17,10.26,78.0
CM,60.09,58.41,73.83,66.47,48.76,64.06,10.21,12.99,8.41,5.26,13.51,79.74
CAM,81.48,64.97,86.03,75.49,36.14,54.01,6.4,14.68,8.71,14.32,13.99,82.96
CB,52.37,54.31,46.63,52.49,68.6,77.18,8.25,7.68,5.82,8.38,16.33,76.35
GK,38.22,26.44,34.32,40.41,20.97,62.99,74.42,64.77,74.21,76.93,65.11,80.29
CAM,80.76,83.87,77.32,77.15,34.6,43.89,10.26,10.39,11.2,4.42,17.47,83.49
RB,74.38,35.29,51.55,54.8,57.39,40.51,6.95,11.28,14.67,9.17,15.48,71.45
CB,84.65,47.72,69.88,45.92,81.98,62.64,22.39,29.32,8.07,11.06,17.51,81.69
CAM,74.39,75.74,90.67,90.8,45.54,64.89,11.05,14.91,17.07,9.2,16.35,89.93
LW,79.8,76.49,82.6,57.76,56.52,51.82,12.62,17.54,9.58,4.65,8.92,81.26
CB,45.86,36.82,57.94,59.27,81.96,72.67,7.4,17.1,18.12,7.77,16.6,81.93
GK,45.72,15.55,51.02,30.58,42.89,44.43,76.16,49.62,57.11,66.94,89.11,78.94
GK,58.28,26.24,59.95,44.2,31.68,81.31,83.39,62.84,69.43,72.44,81.54,82.55
CAM,67.18,70.8,99.0,86.48,39.87,58.08,14.23,11.89,14.48,8.03,9.75,85.79
RB,87.41,49.66,71.86,68.14,72.63,43.54,11.0,9.13,8.49,7.86,12.11,78.87
ST,77.23,74.39,70.86,56.79,20.1,73.71,8.03,1.67,8.79,9.57,16.3,81.16
RW,78.78,73.87,72.31,70.75,58.54,65.96,11.13,12.02,11.56,6.66,6.86,83.83
CM,61.35,84.0,66.87,84.36,59.78,69.38,11.41,16.51,14.49,16.33,9.12,79.96
ST,83.35,72.87,66.39,77.31,57.68,67.71,13.96,5.22,15.48,13.9,15.13,83.97
CDM,55.03,52.17,58.01,59.55,80.44,84.4,16.71,10.24,12.35,9.44,11.08,81.2
CB,53.29,42.0,54.99,45.87,90.43,67.01,17.37,17.22,19.05,7.76,19.65,80.03
CM,69.09,71.61,74.85,62.68,40.79,59.82,6.68,11.77,6.76,17.28,15.89,78.41
LW,89.48,88.82,62.07,80.15,35.83,65.49,12.48,12.66,16.32,9.33,14.41,86.81
CAM,74.96,78.08,71.75,78.42,51.42,56.15,12.84,14.65,12.1,11.16,11.98,81.2
RW,72.3,80.93,74.48,67.88,42.02,53.13,8.27,12.85,11.28,12.0,11.98,84.9
CDM,56.41,52.3,71.78,59.53,66.82,75.37,13.32,16.29,12.93,15.82,7.51,80.18
RW,89.83,67.86,73.59,88.01,42.39,66.09,13.8,9.95,13.47,11.85,13.15,89.98
LB,59.09,31.59,84.71,65.01,71.09,72.29,16.21,8.5,14.06,12.37,12.95,84.06
LW,84.16,69.17,80.56,70.08,37.26,69.91,14.38,12.36,13.99,9.33,11.46,84.68
CAM,75.97,71.15,76.64,81.28,53.68,72.57,9.99,8.36,8.87,19.37,20.01,82.39
CM,67.88,47.88,62.95,70.93,56.65,76.6,7.34,13.8,13.09,11.0,14.82,81.72
RW,79.34,75.88,62.44,87.47,47.7,51.83,4.47,9.75,9.54,9.33,7.38,80.85
RB,72.45,48.93,53.38,67.96,53.44,49.32,19.16,4.91,13.21,6.62,12.67,76.08
CDM,65.22,58.32,72.19,38.2,60.22,81.28,13.7,11.86,23.4,12.54,12.01,78.81
LW,83.43,68.91,58.49,79.64,40.3,62.62,8.29,12.84,10.72,7.15,12.62,83.09
ST,75.52,83.01,48.44,77.78,42.43,61.5,11.96,14.93,13.64,17.2,8.36,83.64
RB,79.21,51.01,57.76,66.77,55.67,79.1,14.86,15.22,16.38,10.7,13.09,82.33
CB,50.83,54.87,54.95,58.45,72.33,78.63,16.08,12.42,4.86,25.99,23.52,78.93
LW,78.28,68.24,59.34,75.31,40.45,63.89,8.77,3.77,17.91,13.25,17.71,82.87
CB,56.47,27.5,56.15,38.64,71.76,86.69,14.66,23.81,11.46,19.47,14.47,80.87
ST,64.67,84.45,44.64,78.6,26.71,92.9,11.98,10.66,12.83,16.9,12.6,86.77
GK,32.83,14.85,68.59,36.7,38.85,61.92,69.9,73.1,56.6,64.92,59.34,73.91
CM,62.39,53.32,69.42,64.06,45.5,59.81,18.77,13.11,15.67,9.53,11.88,75.39
CAM,83.06,67.76,58.41,71.15,44.31,99.0,15.18,12.25,7.92,11.03,15.3,82.84
LB,69.02,49.28,58.08,56.51,75.35,62.42,7.41,15.67,13.04,5.36,17.7,77.33
LB,71.87,54.12,61.72,39.57,77.6,76.44,12.35,5.47,15.59,7.36,6.01,82.73
CM,52.97,56.94,62.85,82.45,53.51,64.96,13.01,14.46,11.45,8.49,12.74,78.26
RB,66.14,35.71,63.41,46.34,55.83,81.76,15.37,17.25,11.36,19.49,14.76,75.57
CDM,61.71,38.84,73.82,48.22,81.85,95.03,15.72,17.48,11.17,12.2,11.62,86.2
LW,72.38,76.62,70.21,60.03,26.91,50.16,15.75,9.25,9.7,22.23,13.78,81.38
CAM,71.89,71.95,81.16,84.96,46.03,65.54,9.11,11.41,13.65,15.94,8.75,86.32
ST,72.34,68.28,64.4,72.15,38.06,82.79,16.33,18.64,6.6,11.5,6.71,81.63
CDM,72.23,53.73,56.36,68.2,71.06,74.2,12.05,12.83,11.95,14.75,10.79,79.75
RW,95.02,81.64,66.44,82.6,33.75,66.89,14.82,13.09,16.9,12.31,13.39,86.69
ST,72.49,58.37,57.38,71.68,39.98,73.4,4.71,12.07,13.56,14.95,12.47,78.44
RB,67.17,28.95,69.88,62.09,51.69,71.04,10.76,14.08,13.72,15.29,7.49,77.49
CDM,62.01,38.82,72.75,55.31,78.11,85.1,9.87,11.25,1.0,15.24,16.19,85.71
CDM,55.4,69.69,77.09,73.29,80.61,85.02,10.7,7.76,12.11,11.69,7.73,83.98
CM,70.11,56.96,82.41,75.18,51.31,62.36,17.44,10.67,11.13,4.74,15.16,81.57
ST,79.25,81.36,61.92,62.59,25.89,84.87,15.33,20.93,16.32,9.01,13.65,85.86
CAM,71.67,55.9,80.53,65.56,48.04,44.76,15.38,9.54,3.12,7.44,13.75,82.43
CDM,66.55,48.1,68.34,74.38,51.81,85.89,6.55,12.76,10.23,15.3,5.27,80.2
CAM,63.34,88.36,77.7,74.76,30.65,51.3,6.69,8.36,12.17,3.44,9.79,83.82
ST,71.64,83.36,64.0,65.63,36.39,79.43,6.52,14.2,18.81,4.62,4.01,83.6
RW,88.53,69.75,62.25,72.42,26.8,43.27,15.74,9.74,8.93,13.39,9.48,81.67
CAM,75.08,74.13,77.19,73.93,23.56,51.9,7.28,9.76,11.54,12.09,12.25,82.61
CM,74.07,45.41,88.53,74.89,60.97,67.66,14.63,11.13,11.59,8.44,10.17,83.5
LW,84.1,65.53,87.3,90.59,30.18,45.47,11.1,9.72,16.31,19.99,13.13,84.97
RB,73.23,51.33,69.43,49.36,83.06,52.35,2.05,8.73,12.47,14.14,10.03,80.99
RW,81.99,66.81,71.06,82.7,40.81,56.61,16.62,10.63,14.17,13.97,15.54,83.12
CAM,74.05,71.0,89.6,89.0,47.53,56.61,18.86,13.1,15.56,6.59,14.98,85.98
CDM,73.02,49.44,61.93,50.62,57.3,93.66,17.78,13.64,16.52,13.36,14.8,81.99
CB,50.88,16.51,68.27,56.86,67.94,55.94,10.31,8.78,6.24,16.9,16.33,74.0
LB,68.81,44.97,67.27,51.91,73.61,63.74,19.07,7.64,16.1,17.17,5.19,80.59
RW,82.43,81.3,64.56,68.17,43.08,61.16,5.74,20.4,7.69,16.97,10.62,83.35
CAM,65.76,81.18,66.45,67.27,22.42,56.64,11.06,6.99,17.19,16.41,12.11,80.51
ST,67.23,76.53,52.6,62.27,35.03,70.8,11.99,18.87,7.13,11.87,11.24,79.17
LW,70.06,64.27,61.35,83.99,36.85,65.56,4.55,14.58,13.74,11.87,6.23,80.62
CB,70.01,34.34,56.27,49.91,91.18,69.07,17.2,1.0,15.96,6.25,16.15,82.99
CM,51.6,50.16,68.38,71.89,51.72,74.44,9.05,11.22,14.77,14.31,23.11,76.33
CB,66.63,40.13,51.99,49.01,77.63,70.79,12.15,22.11,16.0,16.5,9.71,80.03
LB,67.08,57.48,63.31,75.69,58.13,72.48,3.22,17.71,17.65,14.56,16.39,81.2
RB,75.07,46.71,59.55,79.82,77.9,69.47,17.34,13.59,15.21,10.75,10.51,81.07
LB,71.1,37.35,52.7,56.83,58.3,60.2,18.62,9.2,14.56,13.11,16.04,74.96
RB,65.69,48.81,76.49,78.88,70.96,62.43,13.35,12.93,10.3,7.2,8.71,78.22
LB,67.99,45.49,64.16,75.8,70.82,71.13,12.57,8.51,7.78,13.11,9.95,80.48
CM,64.48,55.08,64.87,46.09,61.56,67.6,7.89,7.84,8.54,5.44,8.22,74.14
GK,47.33,27.71,61.34,59.31,38.63,62.92,65.67,83.11,78.4,42.06,79.84,79.6
CB,70.36,22.32,66.99,40.01,63.04,78.32,10.28,23.07,11.69,12.87,12.5,82.6
ST,75.83,99.0,43.44,74.13,36.74,69.14,6.66,10.48,10.97,12.45,14.56,86.13
LW,77.15,63.52,67.66,75.54,30.98,57.4,10.91,6.75,5.2,13.81,19.18,84.87
CB,73.39,33.63,56.65,66.69,62.93,57.26,11.25,12.26,18.16,11.61,17.62,77.48
GK,42.61,33.61,40.11,29.92,45.73,79.57,59.26,67.08,57.93,79.5,78.19,80.06
ST,76.34,74.88,68.26,66.36,32.35,81.11,8.67,15.34,12.32,11.97,11.25,87.77
ST,81.22,67.91,49.27,70.92,36.88,64.26,2.77,17.21,14.44,8.26,6.94,80.43
CB,58.8,34.19,81.08,45.56,83.14,76.25,13.11,13.98,16.18,10.29,22.32,85.15
RW,70.76,76.47,70.5,86.03,33.21,69.56,14.29,18.67,10.74,13.88,12.05,82.31
RW,77.81,73.75,58.12,87.08,40.43,60.77,17.94,12.21,10.27,8.47,13.21,82.33
RW,79.42,71.6,76.76,71.21,40.61,68.01,13.83,9.1,8.62,13.28,11.05,82.3
CB,54.8,39.37,53.95,39.56,98.59,46.83,13.93,4.81,14.23,22.8,15.87,77.63
CB,41.26,27.24,45.35,41.89,56.29,76.62,10.62,8.79,15.37,11.43,10.88,71.56
GK,25.49,1.0,50.03,34.31,23.95,75.18,70.08,71.78,81.73,65.29,73.58,80.61
CAM,66.6,72.25,70.53,56.54,30.36,63.76,12.51,14.27,23.86,10.67,6.78,79.29
CAM,68.06,70.87,82.96,76.91,48.53,57.77,7.43,10.27,13.7,10.73,3.01,82.81
CM,65.15,48.24,83.82,75.62,52.54,57.97,15.31,18.66,15.35,9.24,5.39,78.38
CDM,54.75,53.19,64.01,66.09,65.72,62.81,11.18,9.76,12.7,11.78,13.3,75.76
LW,73.31,81.99,76.5,68.79,39.37,48.23,14.81,19.82,11.67,20.94,9.34,81.17
RB,80.67,31.67,55.2,56.7,80.02,73.79,11.47,8.33,10.48,15.63,3.33,79.05
LB,74.6,38.99,59.87,46.87,39.69,73.64,14.94,11.03,10.94,13.54,11.29,75.02
CAM,71.32,57.48,66.18,88.96,48.07,70.04,15.25,14.64,11.8,8.23,13.82,80.83
CB,59.79,31.42,67.81,45.86,99.0,55.37,11.12,18.78,8.39,6.59,15.53,82.09
LW,85.59,73.11,59.58,82.23,8.34,42.56,15.03,9.93,9.83,14.74,11.81,81.85
LW,66.55,84.59,54.74,90.05,48.83,54.36,13.88,2.67,15.11,10.87,7.38,82.16
RW,73.63,80.1,59.31,68.61,43.76,68.63,6.57,10.71,13.24,11.35,18.32,82.91
CB,53.2,23.07,56.57,29.07,62.06,68.75,14.73,16.82,11.32,12.7,19.4,75.75
RB,78.33,32.6,72.39,57.87,67.58,79.77,8.04,15.1,15.7,11.68,13.81,82.65
CM,62.17,63.2,81.58,81.89,40.95,65.05,9.72,9.53,13.36,2.31,17.42,82.34
LB,73.08,40.89,63.39,58.17,77.17,48.62,7.99,14.29,7.2,10.63,16.66,80.12
CB,61.49,50.25,59.76,50.61,70.37,60.69,8.81,19.42,16.61,2.22,22.46,78.1
CM,57.27,55.35,76.36,70.36,52.79,68.62,5.24,11.17,6.48,7.32,23.63,80.9
RW,74.82,43.7,60.41,81.27,38.19,67.95,8.23,9.29,9.94,14.98,7.62,77.84
LW,87.18,91.93,85.13,63.8,27.13,70.59,16.81,16.21,11.83,11.87,11.85,83.53
CDM,74.61,38.25,69.69,70.69,76.84,99.0,15.17,20.47,11.76,9.93,15.94,86.97
RW,75.91,54.84,62.37,68.65,54.23,52.25,9.98,5.96,10.19,12.09,17.2,80.47
RW,56.48,79.24,71.61,83.16,42.23,75.75,13.02,5.69,11.85,17.16,12.02,81.8
CM,63.61,66.22,91.65,70.83,54.63,76.66,17.89,12.23,13.37,9.94,12.13,84.24
CB,45.64,38.1,56.42,40.75,65.77,89.51,19.76,12.84,20.24,16.29,18.28,81.13
CDM,57.06,42.48,79.23,62.39,58.45,71.76,10.92,10.67,14.5,11.95,10.82,76.29
RB,61.56,54.44,49.25,47.43,55.33,88.66,14.6,12.29,17.19,6.93,14.85,75.39
CB,64.44,24.59,47.8,49.25,60.78,94.29,20.85,17.22,10.48,13.2,7.79,79.3
CM,66.94,57.55,52.9,58.3,49.54,67.27,7.81,28.35,18.47,12.01,11.48,73.61
RW,74.62,82.96,73.55,69.04,26.01,32.6,9.58,8.7,9.31,7.27,7.13,80.33
CAM,67.33,70.54,91.52,78.21,45.82,59.63,18.34,12.59,12.96,10.71,8.23,84.44
CB,61.82,32.34,40.38,34.84,83.97,70.76,21.06,23.43,20.49,19.11,13.12,79.67
RW,81.04,80.45,60.78,62.39,50.45,71.91,4.87,14.59,10.08,11.25,16.21,81.0
LB,71.36,36.86,74.23,63.06,67.39,75.53,9.7,16.91,9.25,14.73,3.53,83.87
CM,49.22,59.9,82.63,89.28,49.06,54.88,7.78,4.62,5.06,13.66,11.77,81.1
GK,44.46,26.7,56.98,34.11,40.24,62.79,66.31,76.86,58.46,74.6,78.28,79.28
CAM,55.73,56.68,75.51,64.85,53.2,56.79,9.57,11.29,14.42,12.17,15.1,75.84
RB,68.45,55.99,77.13,73.19,63.58,47.71,11.65,13.29,11.62,13.18,13.16,76.31
CM,60.28,77.33,82.04,83.11,73.65,47.45,1.0,11.82,17.2,15.53,15.04,84.27
ST,69.01,71.21,47.71,80.11,56.33,70.39,9.71,16.87,8.15,8.44,15.67,80.17
LW,88.38,82.11,71.84,75.98,36.92,57.84,12.59,8.3,12.24,17.19,10.67,87.01
CM,83.35,72.03,77.33,69.31,53.87,75.46,5.7,11.62,16.94,10.18,13.32,80.68
RB,70.66,55.81,51.32,75.78,76.81,68.32,12.54,4.26,9.43,12.4,10.55,80.95
CB,49.37,23.58,60.11,51.54,91.17,66.84,9.46,12.76,25.79,17.35,19.33,82.47
RB,64.26,64.13,68.01,74.47,62.99,72.21,12.81,6.36,11.59,17.59,9.39,80.91
CDM,59.84,39.35,64.16,76.69,73.52,56.71,8.8,15.12,9.64,7.91,13.26,74.43
GK,33.11,32.9,49.02,48.72,32.76,77.66,77.54,59.81,62.65,81.66,86.1,75.11
CAM,75.18,58.1,88.61,78.35,42.36,65.8,10.4,18.21,12.53,8.94,7.16,78.92
CAM,85.21,52.05,65.89,79.28,24.75,75.94,19.21,11.62,6.82,6.77,13.12,83.07
ST,76.39,73.31,64.92,69.69,29.26,72.79,13.89,8.27,14.79,9.41,16.34,82.72
CM,67.51,58.49,78.33,69.29,57.09,74.66,14.51,11.93,10.44,5.77,13.15,82.87
CB,56.85,52.1,65.61,35.31,73.51,78.61,12.68,7.6,15.38,17.11,18.56,82.42
CDM,75.94,43.57,66.02,75.04,75.56,45.75,5.85,13.08,14.52,10.84,11.16,79.01
GK,62.24,24.51,65.32,31.72,45.26,50.21,57.36,77.9,77.04,85.18,72.17,84.3
LB,54.92,41.85,70.97,55.11,61.47,80.28,8.06,12.07,15.0,9.86,12.68,79.61
CB,60.37,45.5,64.33,52.54,76.57,60.36,8.71,22.59,9.52,23.2,14.49,78.6
ST,60.85,68.21,59.51,50.64,25.77,67.4,10.06,13.24,18.24,8.42,16.31,76.69
CB,56.38,34.54,60.18,44.33,83.84,92.05,16.58,19.56,14.81,18.87,17.12,84.42
RW,80.64,74.15,86.93,88.23,33.97,66.36,14.09,8.33,17.62,14.45,6.92,84.48
GK,29.66,13.33,29.16,39.54,29.1,72.7,95.68,61.76,78.06,78.97,62.1,79.78
CAM,73.38,56.9,82.79,66.03,40.56,62.75,1.99,12.9,12.87,12.23,11.04,79.43
ST,86.63,68.24,54.94,54.49,33.11,63.24,7.8,14.56,13.91,13.85,4.93,79.7
LB,77.97,41.74,57.31,56.27,68.49,58.59,8.35,7.89,5.6,23.53,14.38,78.53
CM,66.27,67.73,85.06,74.51,54.76,61.3,11.52,14.0,17.52,15.34,12.12,83.85
ST,90.86,86.33,61.84,81.73,34.44,72.68,11.33,15.44,16.15,16.39,12.06,90.54
LB,92.3,43.29,75.19,80.36,45.3,74.85,18.97,7.52,8.82,10.05,15.76,81.98
CM,63.1,64.56,68.67,78.15,63.99,61.39,10.99,9.24,8.09,9.54,17.49,78.99
CDM,59.3,67.41,70.21,66.83,78.12,80.0,6.75,10.75,22.01,10.72,12.28,83.79
LB,65.3,36.94,66.13,60.79,64.4,54.38,14.49,13.63,7.56,11.84,6.26,75.4
GK,48.69,27.35,50.52,30.28,37.72,63.11,66.06,74.91,82.6,81.9,60.73,81.3
CAM,75.17,78.8,58.1,73.42,37.39,62.33,14.44,10.02,7.36,14.98,17.17,82.12
ST,84.03,61.87,64.15,73.57,40.24,76.23,12.34,7.84,11.24,11.37,4.28,83.42
CB,78.48,36.44,55.84,18.5,81.0,69.51,14.93,16.2,9.79,8.73,13.35,82.05
CAM,73.25,75.0,69.78,80.66,48.62,53.48,17.85,10.62,9.01,14.08,13.0,84.68
ST,66.08,75.64,65.9,76.01,36.35,78.25,11.54,12.3,6.68,4.94,9.45,83.35
CB,68.04,34.09,55.48,44.02,80.24,61.15,22.15,5.18,20.68,14.35,9.4,80.05
GK,47.28,33.69,55.24,36.78,40.34,59.29,66.49,85.26,70.61,85.42,75.26,83.23
CAM,69.58,65.44,76.17,71.45,55.05,56.83,14.75,13.89,10.61,5.03,12.51,81.58
CDM,50.33,34.17,99.0,76.93,69.31,75.0,16.31,9.86,5.87,8.02,5.94,87.52
CB,60.55,40.62,62.26,37.92,90.05,69.5,16.14,20.36,2.95,10.42,29.15,82.53
CAM,50.25,46.87,80.8,66.31,30.79,80.25,12.3,11.7,12.16,14.97,14.24,77.96
RB,72.03,43.09,73.36,71.46,55.32,65.69,10.49,13.41,8.14,12.96,9.05,80.76
LB,72.49,43.02,58.17,61.36,71.47,51.9,16.38,8.34,9.86,14.53,9.82,77.62
CAM,76.87,74.48,75.7,80.3,16.52,45.21,11.88,11.27,10.23,19.31,10.81,81.69
ST,79.99,74.52,78.73,62.84,43.84,81.09,13.47,10.92,9.95,21.33,13.31,83.61
CB,58.78,33.95,52.73,42.05,72.94,79.09,20.55,1.0,12.79,10.79,20.07,81.15
ST,86.89,78.61,62.25,58.6,22.41,67.71,15.9,13.35,18.01,16.27,8.07,82.93
CM,63.41,42.08,71.72,86.53,74.64,83.43,9.47,13.09,11.55,13.03,11.6,84.65
ST,91.02,78.67,63.04,75.24,37.44,66.12,16.03,13.75,8.27,12.63,13.14,84.58
ST,76.02,69.77,40.17,60.22,19.05,76.17,18.72,5.88,13.2,14.99,7.42,82.02
ST,74.58,45.92,58.92,75.69,43.95,78.51,20.92,20.01,15.44,8.8,16.65,80.02
LB,68.24,55.97,65.03,68.8,70.53,76.29,9.83,13.25,11.71,17.84,13.71,81.4
RB,65.54,35.88,57.51,82.42,73.41,61.48,5.58,14.31,10.58,14.54,11.83,77.87
LW,65.58,57.7,59.68,89.35,43.22,56.47,16.68,12.76,15.62,18.24,14.68,79.1
LB,74.2,60.78,95.58,40.03,59.03,70.22,11.3,9.59,11.85,15.55,24.63,81.34
ST,89.75,54.08,72.19,67.58,43.99,90.37,17.2,17.36,15.29,12.16,12.99,85.26
GK,35.35,8.46,38.13,55.1,32.78,52.92,72.43,70.16,51.35,55.15,70.41,76.27
RW,76.54,81.9,72.51,79.42,17.06,56.97,9.21,6.58,2.55,5.11,9.29,80.78
CB,60.29,32.62,70.7,44.6,84.18,53.33,11.89,17.18,18.62,14.23,10.87,79.6
LW,86.49,68.11,65.61,74.53,31.51,43.9,7.15,15.06,12.13,14.87,8.87,82.59
CAM,80.02,57.53,69.66,69.46,35.86,55.92,12.74,21.63,10.38,12.27,7.52,78.41
CM,60.74,59.35,76.53,74.64,57.87,52.13,5.76,12.52,9.15,9.84,11.93,79.86
LW,83.45,75.16,83.71,80.89,52.65,74.34,11.36,18.03,12.75,9.52,14.26,87.46
RW,87.28,56.47,70.81,82.13,40.0,68.03,7.13,12.66,15.26,8.53,10.96,81.9
CM,54.89,66.1,54.95,80.29,56.21,70.28,13.98,15.64,18.44,7.1,14.29,77.25
CDM,61.02,51.98,76.55,58.56,80.17,72.39,16.98,12.95,13.94,9.08,15.34,79.72
GK,49.0,23.93,59.74,48.62,19.92,43.86,95.15,50.48,70.8,85.99,60.58,80.39
CM,51.51,66.78,74.92,60.28,59.23,76.32,17.72,13.11,13.61,16.51,11.15,80.36
CAM,67.06,65.66,81.86,68.95,23.94,55.9,3.23,13.72,15.18,12.76,18.5,78.27
GK,35.13,38.39,53.02,31.47,14.19,64.14,83.63,78.34,45.8,57.28,87.26,80.92
LW,83.73,74.1,75.32,82.84,58.24,63.66,1.06,8.25,6.47,11.23,12.69,88.28
RW,87.1,77.28,67.27,72.53,42.1,48.6,7.62,13.95,11.57,7.95,9.45,84.26
LB,61.47,15.82,75.15,60.92,60.52,53.89,9.23,11.98,10.16,13.82,10.3,74.16
RB,72.18,23.62,71.95,46.53,55.0,64.39,13.68,9.54,16.2,7.84,10.11,74.77
ST,70.15,75.83,53.78,71.86,41.97,74.55,8.31,12.62,6.72,8.02,12.67,80.44
ST,95.03,80.68,71.55,65.31,32.31,95.72,11.78,12.01,18.53,10.12,15.6,89.87
LW,86.99,82.29,53.35,81.21,44.42,64.84,10.51,8.42,5.54,14.63,9.49,83.88
RB,79.48,27.38,54.36,55.61,66.53,56.39,6.47,14.08,4.17,12.48,8.15,74.59
CAM,61.22,60.95,67.44,56.67,31.22,54.0,15.86,9.06,14.16,11.98,12.78,75.61
RW,69.72,53.77,51.88,90.16,29.6,52.03,3.35,12.1,9.14,7.77,8.99,77.26
LB,56.29,51.72,74.05,52.16,65.57,64.01,8.65,15.81,18.56,16.24,12.92,76.2
CDM,63.49,45.92,63.37,70.24,86.7,88.49,18.58,3.45,19.24,8.34,10.95,86.26
RB,64.56,54.33,66.58,63.03,64.49,60.28,14.82,15.09,13.39,15.97,6.82,76.09
CAM,80.56,64.88,80.35,78.61,31.53,59.48,9.45,11.45,13.38,17.33,10.35,82.93
CDM,48.86,36.63,57.35,53.96,72.28,94.86,9.22,13.0,22.41,16.43,20.14,79.36
RW,84.99,70.8,75.42,67.18,36.38,61.67,11.47,16.89,2.56,16.15,16.32,80.93
CAM,74.45,65.05,84.93,91.52,41.65,56.43,10.98,13.52,17.77,16.2,21.32,83.8
ST,82.99,87.47,47.1,77.08,32.13,68.62,8.55,13.5,11.41,13.76,14.49,85.41
LW,93.66,54.39,34.09,69.57,25.23,42.43,13.62,3.96,12.51,8.95,5.28,77.6
CDM,46.21,40.68,61.85,53.66,65.28,65.94,13.67,19.42,10.32,9.61,8.25,75.76
LW,86.24,61.69,71.66,75.72,32.08,39.2,11.54,11.87,15.57,10.89,11.89,82.36
ST,67.23,67.76,47.86,44.25,30.55,80.03,12.72,14.98,13.95,9.45,17.13,79.58
CB,56.36,39.92,59.51,49.29,67.25,82.16,16.35,16.36,18.0,18.67,10.38,81.98
GK,47.32,27.92,57.96,30.96,39.38,57.66,76.64,73.33,60.87,76.31,76.47,79.96
CAM,73.21,70.06,56.82,71.41,33.55,42.96,7.49,11.46,12.96,14.3,11.06,76.83
RW,84.58,67.48,70.82,69.0,35.5,69.48,7.1,9.5,20.7,12.93,14.15,82.89
RB,58.92,53.56,54.51,73.95,69.08,65.19,2.0,9.1,11.88,8.11,13.3,77.16
ST,86.96,80.3,58.55,75.19,44.09,72.76,10.19,15.26,18.73,10.28,13.98,86.13
ST,76.25,74.95,67.13,65.91,42.49,79.95,9.19,9.28,17.14,16.68,15.13,83.96
CDM,64.82,31.3,71.0,55.55,71.87,74.29,17.62,17.65,23.37,6.95,14.38,79.03
RB,74.47,52.1,78.22,83.04,70.5,66.36,14.57,16.63,20.14,11.76,8.6,83.15
CM,58.42,48.74,75.12,66.67,59.71,68.79,19.63,8.56,15.36,15.66,12.99,77.69
GK,36.48,19.58,53.28,29.55,51.78,65.22,73.98,83.16,70.7,67.56,60.16,80.63
RB,83.71,46.3,66.38,66.19,64.88,74.06,17.7,11.8,16.61,12.66,5.9,79.84
RB,64.89,28.59,52.4,49.97,55.57,73.73,8.35,8.04,12.15,12.31,11.63,75.02
CM,74.61,42.3,72.7,70.52,45.58,63.56,11.16,12.38,14.03,12.93,10.23,79.0
CAM,69.59,72.03,54.3,99.0,27.59,37.7,6.29,2.51,4.69,10.72,4.4,82.83
GK,38.88,26.92,54.73,35.05,28.57,79.4,82.19,85.65,67.04,72.35,88.44,82.23
RB,78.86,36.97,86.55,69.63,81.21,67.99,15.5,5.08,9.81,11.73,8.9,86.21
LB,79.7,30.99,44.22,58.16,57.01,72.66,11.03,16.38,18.1,15.85,6.9,75.65
CM,76.76,58.44,67.33,79.22,64.17,71.17,12.51,11.64,12.11,17.63,11.1,82.42
CB,68.88,17.9,43.49,48.31,73.82,80.84,20.41,20.2,18.47,15.51,18.66,81.17
RB,85.62,56.33,71.15,57.12,60.49,55.94,11.49,2.61,12.35,15.78,14.05,80.06
CM,60.72,57.92,62.15,64.42,48.01,57.54,6.71,13.91,6.13,11.74,20.31,73.33
CAM,70.65,68.34,89.77,85.22,53.07,56.21,11.86,10.26,9.16,5.83,17.32,85.34
RW,74.0,78.53,55.25,69.16,34.63,59.66,8.97,14.41,11.33,11.48,18.64,81.48
LB,52.58,46.73,88.61,73.13,49.9,61.69,9.46,15.32,13.53,17.09,15.63,77.48
CAM,60.32,72.27,78.61,90.0,50.18,60.12,10.27,11.59,11.02,11.37,6.89,85.0
CB,72.05,42.24,61.82,64.48,49.32,70.55,14.88,21.85,12.09,16.13,17.93,77.51
LW,82.19,68.54,86.33,73.02,42.76,55.37,17.08,17.14,8.68,12.57,8.6,83.21
RB,75.89,36.15,84.01,56.45,68.82,65.25,5.84,10.72,8.89,12.24,11.94,83.61
GK,41.05,14.29,40.73,55.0,38.14,64.46,70.73,68.18,47.97,71.97,58.11,75.52
CM,63.36,70.94,71.39,79.86,51.98,49.83,20.21,11.72,12.05,13.74,10.79,78.3
CDM,49.18,45.85,66.3,72.0,82.25,76.47,10.98,8.48,12.48,13.11,11.55,82.17
RW,79.71,72.63,57.48,91.35,33.29,67.43,12.69,25.23,13.85,10.73,14.04,82.97
CB,63.29,54.72,50.6,51.54,90.71,78.35,3.85,12.53,16.65,15.75,5.48,84.41
RW,93.0,79.18,76.37,93.59,37.43,59.04,6.75,21.47,9.96,11.5,8.7,88.62
RW,77.23,77.27,59.37,78.22,33.24,69.94,18.23,10.88,9.59,19.15,4.94,81.34
CAM,63.41,89.08,73.87,79.83,35.34,40.51,11.92,17.72,9.73,16.03,16.2,81.74
GK,45.91,13.75,54.2,37.13,38.91,71.35,69.63,61.85,71.95,53.06,60.71,77.42
LW,79.85,73.91,71.45,82.01,37.87,63.22,7.81,14.9,4.93,14.98,10.83,84.96
RB,73.3,60.95,72.8,52.14,78.15,54.04,7.05,12.91,18.98,14.38,8.56,80.82
CM,84.49,52.36,99.0,57.89,36.42,63.93,15.58,13.8,9.91,10.81,15.53,78.42
RB,68.16,50.73,68.69,48.66,65.06,44.71,5.15,15.01,12.7,17.44,20.43,73.48
CAM,79.06,76.55,77.13,76.89,39.2,38.71,14.3,12.44,9.81,2.14,13.26,84.05
CB,74.56,31.8,58.01,42.12,67.67,93.34,8.87,16.49,10.83,7.5,8.23,82.91
ST,73.53,79.13,66.28,82.46,21.02,77.49,9.83,6.6,10.44,14.55,13.43,88.08
RW,73.8,61.36,60.4,82.19,26.4,60.57,12.84,18.28,20.63,13.23,14.66,80.42
CDM,76.55,39.94,51.66,65.03,76.83,75.12,10.99,14.13,12.02,11.44,11.24,82.03
CB,51.51,32.75,45.88,41.06,64.63,86.03,24.83,13.69,13.73,17.75,11.99,78.86
ST,72.92,72.74,59.26,57.33,41.93,68.15,5.56,12.97,13.05,6.46,13.6,82.2
CM,60.02,68.2,67.32,77.51,66.0,71.8,19.81,13.97,14.54,5.2,12.9,79.12
LW,88.7,76.34,70.03,72.07,31.73,55.77,17.1,15.6,9.68,14.16,6.12,84.65
RB,65.1,51.67,53.97,89.65,75.04,71.31,21.66,18.0,12.9,16.74,11.71,77.66
CAM,69.32,59.2,77.31,66.33,46.13,68.1,16.39,11.23,9.27,10.19,16.8,77.71
LW,60.16,69.5,58.55,73.87,59.04,66.44,13.29,7.34,12.65,14.01,17.78,80.36
LB,80.12,38.13,53.66,65.11,55.19,70.74,10.45,7.65,14.95,13.22,8.62,79.77
ST,81.97,85.65,59.55,63.99,32.94,89.01,6.16,12.81,9.4,19.63,9.36,84.04
RB,72.06,61.84,74.73,56.03,64.52,63.75,8.82,11.64,12.13,10.46,20.85,82.93
LW,85.23,69.06,56.03,73.05,35.68,59.97,12.83,16.3,12.37,15.23,6.72,79.92
CAM,67.93,71.41,73.7,74.3,44.11,75.68,11.86,14.37,6.64,12.74,12.46,82.82
ST,61.5,77.18,45.38,63.27,36.02,54.7,18.3,10.11,14.61,10.77,16.03,74.87
LW,69.32,83.95,71.39,60.15,38.48,64.5,11.5,17.48,3.48,8.67,7.51,80.64
CAM,64.03,80.22,89.59,78.68,42.86,53.35,16.69,14.3,13.17,12.38,15.9,84.27
RB,74.54,24.71,59.47,67.31,67.57,62.93,18.35,16.08,18.05,15.61,15.19,75.94
CB,54.23,35.02,59.38,37.3,83.77,80.02,12.53,11.39,5.29,1.77,19.83,85.62
ST,80.41,85.41,51.31,71.9,44.33,65.75,9.18,12.7,4.36,12.19,9.36,84.04
LW,93.66,55.99,64.22,75.71,34.44,61.13,7.66,8.43,12.55,11.7,14.85,83.34
RW,85.14,63.06,71.65,81.65,46.78,59.72,13.95,13.02,16.78,14.07,4.6,83.31
ST,66.12,94.7,79.67,53.28,43.09,70.99,17.43,14.53,7.15,9.79,6.33,83.21
CB,52.79,51.0,56.4,36.95,89.96,68.67,11.79,12.32,13.18,13.67,18.87,80.98
LB,73.51,70.83,54.45,59.34,60.36,59.29,10.69,16.11,10.61,18.79,6.36,75.09
CM,56.4,63.23,82.98,62.23,63.88,65.46,18.35,16.23,14.05,11.97,9.29,78.17
RW,77.1,64.78,83.28,79.13,51.74,55.4,11.39,8.48,15.05,13.11,5.19,83.75
LB,61.98,40.11,73.71,55.06,83.73,54.1,8.15,11.76,7.82,18.48,12.37,78.08
CDM,68.88,47.91,62.83,66.89,79.27,66.26,14.1,9.22,14.7,11.88,12.32,82.45
CAM,78.05,74.23,92.57,71.87,32.29,54.12,5.82,7.51,8.77,16.08,8.17,82.3
CDM,62.4,55.25,65.53,48.98,74.72,69.12,12.88,5.27,9.76,9.94,10.73,80.23
RB,69.63,47.81,63.04,63.26,65.83,63.28,10.99,11.97,12.45,14.12,11.83,77.94
RB,75.89,34.74,74.63,55.09,64.62,54.68,13.32,5.86,11.53,5.11,14.08,80.99
ST,92.18,82.78,66.64,53.34,32.36,85.8,9.39,10.2,9.25,10.09,12.39,85.77
ST,81.02,89.7,41.4,78.2,37.6,79.9,13.99,8.47,8.56,15.48,10.48,86.03
LW,78.58,65.59,55.51,84.48,25.49,55.17,12.97,10.83,9.05,10.21,13.68,81.17
CM,63.2,60.56,74.54,48.07,54.43,69.63,9.35,14.05,8.89,6.31,15.69,79.61
CAM,81.11,69.75,79.76,77.37,41.16,63.02,13.59,10.64,19.6,19.29,14.7,83.73
RB,80.08,39.71,45.44,59.3,59.69,79.94,9.11,16.71,16.57,10.78,15.77,76.1
CM,60.42,56.43,65.64,67.66,48.52,57.48,12.94,16.67,3.05,11.81,11.25,74.77
CM,68.59,56.01,55.47,70.54,48.8,81.82,16.44,10.32,8.14,13.61,6.9,79.28
CAM,64.79,71.08,83.14,69.46,44.68,54.01,4.93,10.67,16.77,20.45,8.43,81.8
CAM,77.86,67.96,70.36,80.59,39.32,36.19,11.6,9.76,13.54,14.73,9.62,80.83
RB,68.88,52.83,68.16,57.4,70.11,65.72,10.08,19.24,14.02,12.38,12.1,80.68
LB,70.6,39.4,69.71,59.63,75.38,49.95,12.4,6.83,9.15,12.44,21.52,75.44
ST,78.46,87.56,57.13,61.18,36.22,70.4,14.78,8.66,1.0,14.34,11.14,83.56
CAM,83.09,93.07,84.18,59.48,52.27,58.85,4.43,10.98,15.46,8.44,7.3,85.53
RB,75.81,38.98,66.41,79.89,65.51,67.1,17.67,12.98,18.11,12.3,10.82,81.91
RB,71.29,57.83,54.76,74.91,87.95,58.33,9.7,10.39,11.13,13.14,11.37,81.41
RW,76.9,71.26,59.51,90.31,26.4,82.79,11.97,9.81,10.94,13.17,15.66,83.48
CB,63.99,31.49,53.47,42.46,81.98,76.12,19.25,14.03,16.1,18.07,15.52,80.46
CM,66.19,67.51,80.4,47.63,53.9,68.69,11.11,10.39,15.81,10.32,8.67,79.99
CB,59.35,36.76,68.35,42.4,70.34,62.54,10.69,16.57,14.73,19.95,14.48,79.27
LB,62.18,46.59,78.94,85.68,76.3,62.71,11.3,13.88,5.09,8.87,14.15,82.38
GK,36.57,14.72,42.88,32.37,33.44,67.0,78.28,68.04,66.1,77.64,54.83,80.29
RW,65.3,65.62,70.27,75.64,46.69,61.6,19.49,14.02,18.95,4.62,16.7,79.89
CB,65.25,34.96,62.87,56.63,80.97,88.46,17.71,10.06,16.0,11.38,10.71,86.1
RW,83.91,72.35,77.4,76.28,41.8,64.5,15.87,12.29,17.43,13.93,8.32,84.61
CB,67.64,64.0,48.81,40.45,89.37,66.46,14.5,7.89,6.64,10.8,15.35,82.26
LB,62.03,50.58,61.91,67.35,56.73,74.46,10.43,12.9,18.44,3.86,16.43,77.6
LW,77.32,68.63,70.17,76.77,35.84,57.97,8.47,11.78,11.37,12.61,12.94,81.18
CM,54.43,52.92,72.32,79.23,66.75,65.94,8.85,16.23,12.0,13.54,18.04,80.56
RB,71.19,50.0,70.06,65.07,72.6,55.16,17.96,9.07,11.5,8.23,10.83,79.27
CM,77.46,50.02,67.16,65.27,64.25,51.78,20.43,11.06,11.41,10.8,11.46,78.21
CM,73.62,51.99,74.53,69.55,78.26,59.25,18.29,10.31,15.8,22.97,20.53,82.58
CB,68.91,42.71,55.55,32.36,60.63,85.33,10.85,15.74,12.21,11.63,7.78,80.51
LW,72.1,66.91,91.14,75.0,41.05,38.8,5.33,19.69,14.03,11.56,8.86,80.34
CDM,71.18,55.08,78.55,65.52,89.77,80.2,10.79,6.61,13.66,9.51,15.92,87.3
ST,57.34,74.92,61.61,72.81,45.68,76.29,9.39,13.66,12.24,20.02,11.65,81.52
CAM,69.07,71.82,81.37,84.52,33.41,35.43,11.37,6.85,5.45,10.92,10.26,82.15
ST,82.88,87.73,60.54,78.8,54.24,79.37,12.92,12.77,17.92,9.91,16.33,84.88
GK,48.38,30.9,36.77,26.98,32.6,71.57,66.69,69.44,57.1,81.72,73.78,79.02
CAM,62.42,65.0,90.92,91.11,41.72,66.75,6.96,10.75,14.02,13.74,8.27,87.01
CDM,56.93,45.25,68.41,69.88,70.48,83.0,13.82,12.6,13.82,11.91,12.24,78.12
LW,76.15,60.44,77.5,87.12,42.32,49.05,16.38,17.09,6.88,11.98,8.54,82.36
RW,82.66,63.31,75.02,58.41,42.21,50.91,20.65,17.91,11.19,12.66,12.99,80.14
ST,77.31,85.08,51.7,63.01,40.21,79.85,7.48,14.02,5.28,9.66,13.23,84.12
GK,45.54,17.54,64.77,29.73,45.06,67.22,54.01,54.45,80.09,56.86,55.35,77.51
LB,74.45,56.84,45.74,67.08,77.72,70.19,14.1,11.06,16.2,11.54,11.27,80.28
CM,68.17,63.71,86.84,65.16,50.44,57.52,13.41,6.51,5.52,19.82,14.51,80.56
CDM,52.65,55.28,68.18,73.22,84.98,88.47,2.48,13.0,13.74,13.14,14.23,86.25
CM,70.71,61.44,66.51,66.5,63.59,33.98,11.72,13.09,15.14,12.06,18.0,75.12
GK,52.11,29.2,43.56,28.48,34.91,74.34,69.81,85.19,68.0,78.51,67.75,80.63
LW,85.87,70.32,79.6,96.08,39.83,68.23,11.63,12.93,11.83,12.88,8.02,88.18
CDM,61.17,70.42,87.68,82.55,63.17,71.68,13.88,13.7,10.69,14.97,14.48,84.64
GK,42.14,36.35,43.77,37.85,45.66,62.41,69.9,66.65,57.91,66.8,68.72,77.99
GK,40.42,21.78,64.74,22.99,37.13,66.96,69.94,73.26,51.43,60.91,81.92,80.13
ST,76.91,53.38,67.2,75.9,28.33,79.23,11.36,18.84,14.09,21.68,20.65,82.5
LW,97.35,59.05,71.88,62.82,36.38,72.77,7.66,14.98,17.28,11.93,10.78,81.99
ST,98.94,72.07,52.63,68.53,26.98,63.08,10.03,14.93,15.83,10.14,13.81,82.02
LB,85.66,61.79,55.51,56.44,58.59,69.23,11.92,5.51,10.2,13.68,19.49,77.55
CB,62.23,36.01,42.53,37.87,76.3,69.34,23.91,9.51,18.56,16.16,10.19,78.36
GK,48.12,33.42,56.58,33.93,46.35,65.31,78.37,68.48,60.82,61.8,80.82,78.83
LB,76.28,43.79,66.4,66.58,76.32,73.7,16.05,11.46,11.19,13.06,2.03,82.74
LB,74.9,53.22,63.12,85.31,73.27,77.0,16.63,1.0,1.81,15.96,8.89,80.89
LW,74.35,66.2,58.42,82.32,37.38,55.47,10.9,11.47,10.63,9.73,16.41,81.16
ST,84.49,78.59,50.11,76.14,20.13,67.6,16.04,5.59,18.92,10.52,7.11,82.81
CAM,75.31,70.99,87.96,85.5,24.31,63.76,10.57,7.61,16.55,11.68,11.7,89.14
ST,64.05,83.47,53.0,79.3,41.93,67.94,13.37,9.05,9.8,2.18,14.52,82.31
CB,39.27,46.82,71.09,40.94,73.31,82.96,17.47,22.1,11.5,16.64,19.12,80.66
RB,74.43,55.28,53.56,48.77,49.96,72.8,9.67,10.57,17.63,11.64,11.17,75.87
RW,82.55,64.08,72.25,83.66,37.33,57.97,14.7,19.95,14.2,11.49,16.33,83.43
GK,37.75,21.86,46.37,27.2,28.56,56.0,79.01,74.43,51.39,69.06,54.72,77.04
ST,56.56,88.47,51.41,62.28,37.14,89.7,9.0,11.79,11.82,5.25,1.0,85.14
RB,78.73,54.01,82.38,51.55,51.42,82.63,11.21,13.34,11.87,17.75,13.87,83.21
LW,73.63,69.34,66.48,64.96,39.09,49.93,3.87,9.08,9.22,9.74,5.43,82.4
CM,66.79,66.02,55.98,61.97,53.87,61.32,18.14,16.18,10.49,15.5,10.46,75.32
CAM,67.7,71.2,70.82,68.62,44.47,69.62,17.67,12.56,12.27,16.54,18.11,81.62
LB,72.83,62.04,71.68,74.99,72.84,55.72,11.58,12.04,9.77,19.77,19.71,80.9
CAM,74.58,63.26,83.16,73.63,29.72,58.13,16.33,8.27,14.54,10.1,15.32,81.34
LW,81.63,91.09,71.38,82.55,43.3,54.86,8.22,15.94,14.8,11.0,10.36,85.33
RB,57.84,51.37,59.51,62.38,78.06,68.31,17.33,9.88,15.93,9.72,15.58,78.07
RB,75.18,50.0,63.39,66.95,64.87,70.97,9.32,20.77,11.71,9.6,9.36,78.97
CAM,79.59,58.0,92.84,72.02,33.69,51.36,11.29,14.41,18.75,16.47,12.57,83.34
GK,51.16,9.47,44.72,52.07,39.14,61.25,85.01,75.18,58.03,72.92,82.15,82.39
RW,96.89,39.78,54.4,88.47,35.15,52.03,9.58,16.66,10.92,7.67,11.63,80.22
CB,57.81,46.82,50.1,34.91,72.62,56.73,19.52,15.21,20.86,18.66,21.22,74.16
CM,66.21,47.36,71.33,76.68,54.08,62.02,8.53,13.07,8.41,14.88,15.99,78.81
LB,80.58,36.91,57.7,60.79,66.41,69.42,13.54,10.78,22.53,16.74,9.66,81.22
LB,78.82,30.51,67.74,70.91,62.43,65.44,16.68,13.86,9.69,13.78,14.47,83.12
CM,57.9,69.54,49.76,75.67,62.71,75.38,7.13,16.85,9.73,9.64,4.3,78.34
CM,69.61,56.38,82.72,74.63,58.69,64.33,13.5,18.14,7.67,11.73,11.95,84.84
CDM,68.68,63.17,80.65,57.37,74.33,80.91,12.41,13.2,7.13,14.21,9.98,82.09
GK,44.06,31.5,39.99,47.82,29.94,69.48,63.62,61.67,56.67,71.77,63.31,77.9
CDM,53.47,59.85,67.73,58.03,83.99,61.06,19.45,9.33,12.09,10.13,11.67,78.21
CDM,59.57,54.17,78.42,68.43,80.09,70.01,10.07,14.8,7.06,15.68,18.29,84.51
CB,55.75,44.83,68.39,48.54,89.72,78.02,21.28,13.79,9.48,19.46,18.57,84.68
CDM,63.76,48.52,85.64,56.56,56.28,92.15,5.46,18.48,19.47,14.72,25.22,81.02
CM,66.58,58.98,76.18,76.37,70.25,61.7,5.32,18.36,17.36,14.04,8.03,81.12
CB,53.85,28.14,72.09,23.98,75.57,72.69,11.92,7.56,13.02,15.59,7.11,80.0
LW,77.43,63.1,54.54,63.92,13.33,47.37,10.19,15.81,14.09,11.07,8.6,79.48
LW,78.19,66.38,72.19,72.29,30.18,51.58,14.27,12.03,11.19,12.14,4.78,83.3
CAM,76.09,76.12,99.0,77.34,30.36,64.1,15.43,6.51,13.75,13.58,12.45,84.59
RB,86.27,45.06,81.88,64.12,59.39,58.51,12.95,16.09,7.27,15.45,12.51,81.18
LB,64.86,67.73,71.49,73.57,53.41,60.69,13.67,11.0,16.79,14.53,10.84,77.86
RB,64.3,34.01,85.99,90.22,67.0,71.89,13.32,6.86,16.41,21.61,8.17,80.63
ST,77.73,73.95,48.9,84.7,34.84,95.92,15.32,11.86,19.15,11.76,12.32,88.77
CAM,69.42,67.79,81.37,75.34,39.89,52.53,5.68,8.68,6.79,16.44,10.16,81.16
CM,69.12,76.38,68.37,66.39,54.65,61.08,7.43,11.6,6.73,16.73,11.24,77.31
GK,61.51,18.6,48.59,42.98,43.49,43.9,58.02,84.85,89.34,66.48,59.51,78.64
RB,78.89,32.29,74.85,69.4,61.08,78.2,10.66,12.74,14.72,17.44,14.39,81.75
CB,50.27,17.33,62.36,44.69,58.04,90.46,12.66,10.21,12.37,19.19,12.81,77.65
CM,85.56,72.44,56.18,55.92,56.76,68.4,14.96,13.56,8.36,10.82,13.5,79.36
CDM,92.11,30.44,51.45,70.38,76.89,72.39,15.04,13.24,7.54,7.29,15.17,81.64
CM,72.58,42.81,60.25,63.38,65.77,54.22,14.94,2.75,15.46,10.47,15.69,74.42
LB,69.25,58.02,68.57,50.93,73.35,68.79,15.49,10.71,17.26,8.22,15.62,80.81
GK,51.19,14.0,48.09,25.28,28.92,64.19,58.6,62.65,58.54,68.09,73.96,78.37
CM,61.95,75.34,74.13,88.48,51.76,59.83,19.27,2.51,12.23,8.27,6.97,79.14
ST,80.72,68.74,59.5,63.82,51.75,70.24,13.45,15.06,14.2,12.49,12.81,83.52
RW,80.7,62.79,61.91,94.09,28.31,50.55,16.04,11.18,9.61,11.94,10.88,83.08
CAM,67.14,67.51,67.15,59.66,43.55,60.75,12.15,19.65,9.52,19.77,12.15,77.08
ST,82.01,82.75,36.31,81.47,55.34,71.56,8.97,1.0,9.78,14.05,9.68,85.23
LB,86.51,58.96,65.91,60.21,61.26,68.45,2.98,8.83,11.37,13.13,5.91,81.06
CDM,57.96,46.78,92.23,66.21,90.66,74.62,15.49,13.36,7.95,16.35,16.73,86.85
CDM,66.15,53.09,58.1,51.72,70.7,91.59,21.35,5.83,18.69,13.52,9.78,81.59
CB,56.97,22.02,60.72,45.4,83.33,73.98,13.81,4.58,17.16,15.74,17.93,81.64
RB,69.52,36.25,63.87,65.16,51.91,58.52,13.8,8.79,5.93,11.46,4.26,76.93
GK,41.1,34.89,41.06,26.24,38.98,63.9,80.35,78.0,77.19,53.64,60.7,76.42
CM,57.46,61.45,58.64,71.73,50.78,78.58,7.66,15.66,14.81,11.41,1.0,79.39
CAM,91.74,64.56,84.47,59.66,47.81,49.64,17.11,18.1,14.79,11.96,14.36,81.51
CAM,77.12,67.33,92.54,84.22,59.23,52.08,7.9,3.21,8.79,13.61,16.27,85.46
RW,66.31,78.1,76.02,96.3,42.02,67.66,13.98,13.06,14.92,16.08,8.6,87.04
GK,42.07,19.95,37.14,37.91,33.59,77.1,87.99,59.06,65.87,68.5,79.87,79.66
CAM,72.87,59.12,69.86,80.35,35.55,52.38,9.41,6.7,13.95,21.72,7.67,80.82
LW,82.32,82.47,64.15,82.56,46.49,55.66,12.57,16.35,15.26,12.63,8.53,85.26
CB,69.76,35.89,50.36,34.99,66.94,89.28,12.22,14.76,4.53,15.03,10.92,79.33
